"","id","txt_raw","text","Unmed..0","author_nkrja","A_ID","author","title","first_line","PER_ID","year","Vol","Num","Pages","Subtitle","Author_sign","Author_full_name","Author_birth","Author_death","RP_biography","Comment"
"1","P_1","","",NA,"",NA,NA,"Солдатская песня","Ох жизнь, молодецкая","Сев_пч",1835,NA,"12","46",NA,NA,NA,NA,NA,NA,""
"2","P_2","","",NA,"",NA,NA,"Прощальная песнь","В последний раз еще встречая","Сев_пч",1835,NA,"37","148",NA,"П. Любимов",NA,NA,NA,NA,""
"3","P_3","","",NA,"","A-137","Шишков А.С.",NA,"На скованных зимой жестокою водах","Сев_пч",1835,NA,"55","219",NA,"А.С. Шишков","Шишков Александр Семенович",1754,"1841",NA,""
"4","P_4","","",NA,"",NA,NA,NA,"Ужели напрасно","Сев_пч",1835,NA,"61","242",NA,NA,NA,NA,NA,NA,""
"5","P_5","","",NA,"","A-17","Цитович Н.Д.","Голод у зверей","Случился у зверей вдруг голод пребольшой","Сев_пч",1835,NA,"100","397",NA,"Цитович Н.","Цитович Николай Дмитриевич",NA,NA,NA,""
"6","P_6","","",8934,"И. П. Мятлев",NA,NA,"Вечер","Уже догорало","Сев_пч",1835,NA,"108","429",NA,NA,NA,NA,NA,NA,""
"7","P_7","","",NA,"",NA,NA,NA,"Открыли магазин и Вольф и Беранже","Сев_пч",1835,NA,"134","534",NA,NA,NA,NA,NA,NA,""
"8","P_50","","",NA,"",NA,NA,NA,"Ах, зачем с тобой прощалася","Сев_пч",1835,NA,NA,"628","Народная баллада степных татар",NA,NA,NA,NA,NA,""
"9","P_51","","",NA,"",NA,NA,"На случай отправления Гвардейского отряда в Калиш","Русский Царь набрал дружину","Сев_пч",1835,NA,NA,"632",NA,"Малышев",NA,NA,NA,NA,""
"10","P_52","","",NA,"","A-149","Шаликов П.И.","На благородный спектакль в пользу бедных","Таланы - дар благих небес","Сев_пч",1836,NA,"118","472",NA,"Князь Шаликов","Шаликов Петр Иванович",1768,"1852",NA,""
"11","P_53","","",NA,"",NA,NA,"Куплеты к Польскому, игранному при открытии Воксала в Петровском Парке","Долго Русь отроковицей","Сев_пч",1837,NA,"127","506",NA,NA,NA,NA,NA,NA,""
"12","P_54","","",NA,"",NA,NA,NA,"Какой восторг! какая встреча","Сев_пч",1837,NA,"178","712",NA,NA,NA,NA,NA,NA,""
"13","P_55","","",15519,"П. А. Вяземский","A-150","Вяземский П.А.","Стихи, петые на обеде, данном И.А. Крылову","На радость полувековую","Сев_пч",1838,NA,"52","127",NA,"Кн. Вяземский","Вяземский Петр Андреевич",1792,"1878","1-501",""
"14","P_56","","",NA,"",NA,NA,"Песня","Не ясен сокол","Сев_пч",1838,NA,"64","253",NA,NA,NA,NA,NA,NA,""
"15","P_89","","",NA,"","A-113","Козлов И.И.","Отплытие витязя","На каменной горе, святая","БдЧ",1836,"Т. 14",NA,"70-?","Баллада","И. Козлов","Козлов Иван Иванович",1779,"1840","3-5",""
"16","P_90","","",NA,"","A-41","Глинка Ф.Н.","Малороссийская хата",NA,"БдЧ",1836,"Т. 14",NA,"74-76",NA,"Ф. Глинка","Глинка Федор Николаевич",1786,"1880","1-578",""
"17","P_99","","1",6713,"А. В. Кольцов","A-7","Кольцов А.В.","Домик лесника","В темном лесе, за рекой","БдЧ",1836,"Т. 16",NA,"8-9","Сельские картины","Кольцов","Кольцов Алексей Васильевич",1809,"1842","3-33",""
"18","P_115","","",NA,"",NA,NA,NA,NA,"БдЧ",1836,"Т. 17",NA,NA,NA,"Н.В.",NA,NA,NA,NA,""
"19","P_143","","",NA,"","A-57","Веревкин Н.Ф.","Песня боевая","Русского солдата","БдЧ",1837,"Т. 20",NA,"94","Солдатские песни","Веревкин Николай","Веревкин Николай Федорович",1800,"после 1837","1-423",""
"20","P_161","","1",NA,"","A-235","Даргомыжская М.Б.","Тоска матери","Гляжу я уныло","БдЧ",1837,"Т. 21",NA,"112-114",NA,"М. Даргомыжская","Даргомыжская Мария Борисовна (урожд. княжна Козловская)",1788,"1851","2-87",""
"21","P_183","","incomplete",NA,"","A-158","Кропоткин Д.А.","Комета","Обломок кипящего вихря, одетый","БдЧ",1837,"Т. 24",NA,"75-83",NA,"Князь Д. Кропоткин","Кропоткин Дмитрий Алексеевич",1818,"после 1875","3-161",""
"22","P_186","","1",3275,"В. Г. Бенедиктов","A-18","Бенедиктов В.Г.","Радость и горе","О радость! Небесной ты гостьей слетела","БдЧ",1837,"Т. 25",NA,"7-8",NA,"Бенедиктов","Бенедиктов Владимир Григорьевич",1807,"1873","1-233",""
"23","P_189","","1",1446,"А. В. Тимофеев","A-15","Тимофеев А.В.","Выбор жены","Не женись на умнице","БдЧ",1837,"Т. 25",NA,"12-13","Русская песня","Тимофеев","Тимофеев Алексей Васильевич",1812,"1883","-6",""
"24","P_192","","1",1405,"Н. В. Кукольник","A-162","Кукольник Н.В.",NA,"И я люблю душистые цветы","БдЧ",1837,"Т. 25",NA,"57-58","Из записок влюбленного","Н. Кукольник","Кукольник Нестор Васильевич",1809,"1868","3-212",""
"25","P_194","","1",1407,"Н. В. Кукольник","A-162","Кукольник Н.В.",NA,"Заутра я приду к заветному порогу","БдЧ",1837,"Т. 25",NA,"59","Из записок влюбленного","Н. Кукольник","Кукольник Нестор Васильевич",1809,"1868","3-212",""
"26","P_195","","1",1408,"Н. В. Кукольник","A-162","Кукольник Н.В.",NA,"Я изнемог!… Откройте путь другой!","БдЧ",1837,"Т. 25",NA,"60","Из записок влюбленного","Н. Кукольник","Кукольник Нестор Васильевич",1809,"1868","3-212",""
"27","P_196","","1",1409,"Н. В. Кукольник","A-162","Кукольник Н.В.",NA,"Скажи, за что тебя я полюбил?","БдЧ",1837,"Т. 25",NA,"60-61","Из записок влюбленного","Н. Кукольник","Кукольник Нестор Васильевич",1809,"1868","3-212",""
"28","P_197","","1",1410,"Н. В. Кукольник","A-162","Кукольник Н.В.",NA,"Э, други, полно! Что за радость","БдЧ",1837,"Т. 25",NA,"61-62","Из записок влюбленного","Н. Кукольник","Кукольник Нестор Васильевич",1809,"1868","3-212",""
"29","P_233","","1",NA,"","A-247","Ниркомский",NA,"Матушка голубушка","БдЧ",1838,"Т. 29",NA,"51-52","Три русские песни","Ниркомский","Мокринский Георгий",NA,NA,NA,""
"30","P_361","","",NA,"",NA,NA,"Джинны","Сон очи","Телескоп",1835,"Ч. 25","1","34-38","Виктора Гюго","П.П.",NA,NA,NA,NA,""
"31","P_362","","",NA,"",NA,NA,"Песнь Налы из Махабъараты","Царь был, по имени Нала, сын Вирасэны могучей","Телескоп",1835,"Ч. 26",NA,"342-346",NA,NA,NA,NA,NA,NA,""
"32","P_363","","",NA,"","A-152","Красов В.И.","К ***","Зачем зовешь ее: Бесстрастная","Телескоп",1835,"Ч. 26",NA,"389-390",NA,"В. Красов","Красов Василий Иванович",1810,"1854","3-137",""
"33","P_364","","",NA,"","A-152","Красов В.И.","Песня","Взгляни, мой друг - по небу голубому","Телескоп",1835,"Ч. 26",NA,"390-391",NA,"В. Красов","Красов Василий Иванович",1810,"1854","3-137",""
"34","P_365","","",6719,"А. В. Кольцов","A-7","Кольцов А.В.","Великая тайна","Тучи носят воду","Телескоп",1835,"Ч. 26",NA,"495-496",NA,"А. Кольцов","Кольцов Алексей Васильевич",1809,"1842","3-33",""
"35","P_366","","",NA,"","A-152","Красов В.И.","Молитва","Спаситель, Спаситель, Спаситель, мой Боже","Телескоп",1835,"Ч. 26",NA,"497","Дума","В. Красов","Красов Василий Иванович",1810,"1854","3-137",""
"36","P_367","","",NA,"","A-152","Красов В.И.","Звуки","Они уносят дух - властительные звуки","Телескоп",1835,"Ч. 26",NA,"498","Три стихотворения","В. Красов","Красов Василий Иванович",1810,"1854","3-137",""
"37","P_368","","",NA,"","A-152","Красов В.И.","Грусть","Какая-то разгневанная сила","Телескоп",1835,"Ч. 26",NA,"489",NA,"В. Красов","Красов Василий Иванович",1810,"1854","3-137",""
"38","P_369","","",NA,"","A-152","Красов В.И.","Она…","Как радостен отцу возврат младого сына","Телескоп",1835,"Ч. 26",NA,"499",NA,"В. Красов","Красов Василий Иванович",1810,"1854","3-137",""
"39","P_370","","",NA,"","A-152","Красов В.И.","К ***","Она бежит играющих подруг","Телескоп",1835,"Ч. 26",NA,"534-535",NA,"В. Красов","Красов Василий Иванович",1810,"1854","3-137",""
"40","P_371","","",NA,"","A-172","Башилов А.А.","Ничего","Есть словечко Ничего","Телескоп",1835,"Ч. 27",NA,"184-187","В альбом","А. Башилов","Башилов Александр Александрович",1807,"1854","1-186",""
"41","P_372","","",NA,"","A-50","Якубович Л.А.","К Зевесу","Зевес-громовержец, внемли мне, к тебе я взываю","Телескоп",1835,"Ч. 27",NA,"434",NA,"Л. Якубович","Якубович Лукьян Андреевич",1805,"1839",NA,""
"42","P_373","","",NA,"","A-226","Аксаков К.С.","Воспоминание","Кто отдаст мне молодость, время незабвенное","Телескоп",1835,"Ч. 27",NA,"465-466",NA,"К. Эврипидин","Аксаков Константин Сергеевич",1817,"1860","1-32",""
"43","P_374","","",NA,"","A-226","Аксаков К.С.","Скала","Скала наклонилась над бездной морской","Телескоп",1835,"Ч. 27",NA,"467-469",NA,"К. Эврипидин","Аксаков Константин Сергеевич",1817,"1860","1-32",""
"44","P_375","","",6726,"А. В. Кольцов","A-7","Кольцов А.В.","Косарь","Не возьму я в толк","Телескоп",1835,"Ч. 28",NA,"295-299",NA,"А. Кольцов","Кольцов Алексей Васильевич",1809,"1842","3-33",""
"45","P_376","","",NA,"",NA,NA,"Моя степь","Желал бы умчаться я в степь беспредельную","Телескоп",1835,"Ч. 28",NA,"413-414",NA,"М. К.",NA,NA,NA,NA,""
"46","P_377","","",NA,"",NA,NA,"Синица","За морем Синица не в пешках жила","Телескоп",1835,"Ч. 29",NA,"218-221","Старинная русская застольная песня","М. Макаров",NA,NA,NA,NA,""
"47","P_378","","",NA,"","A-226","Аксаков К.С.","Русская легенда","Могилу рыли: мертвецу","Телескоп",1835,"Ч. 29",NA,"231-235",NA,"К. Эврипидин-Бюргеров","Аксаков Константин Сергеевич",1817,"1860","1-32",""
"48","P_379","","",NA,"","A-226","Аксаков К.С.","Степь","Есть песня у меня старинная","Телескоп",1835,"Ч. 29",NA,"236-237",NA,"К. Эврипидин","Аксаков Константин Сергеевич",1817,"1860","1-32",""
"49","P_380","","",NA,"","A-226","Аксаков К.С.","Орел и поэт","Видал ли ты, когда орел","Телескоп",1835,"Ч. 29",NA,"238-239",NA,"К. Эврипидин","Аксаков Константин Сергеевич",1817,"1860","1-32",""
"50","P_381","","",NA,"","A-226","Аксаков К.С.","Гроза","Туча небо обтянула","Телескоп",1835,"Ч. 29",NA,"240-241",NA,"К. Эврипидин","Аксаков Константин Сергеевич",1817,"1860","1-32",""
"51","P_382","","",NA,"",NA,NA,"Украйна","Синее небо, черная степь","Телескоп",1836,"Ч. 31","2","265-266",NA,"А. Б-в",NA,NA,NA,NA,""
"52","P_383","","",NA,"",NA,NA,"К.П. Брюлову","И мир, и природу, он в творческий миг","Молва",1836,NA,"3","81-82",NA,"А. Б-в",NA,NA,NA,NA,""
"53","P_384","","",NA,"","A-172","Башилов А.А.","Любовь поэта","Какая грусть, какая мука","Телескоп",1836,"Ч. 32",NA,"168-170",NA,"А. Башилов","Башилов Александр Александрович",1807,"1854","1-186",""
"54","P_385","","",NA,"",NA,NA,"Два мгновения","Мне знакомы два мгновенья","Телескоп",1836,"Ч. 33","9","24-25",NA,"С.",NA,NA,NA,NA,""
"55","P_386","","",11758,"А. И. Полежаев","A-26","Полежаев А.И.","Песня","Разлюби меня, покинь меня","Телескоп",1836,"Ч. 33","9","51-52",NA,"А. Полежаев","Полежаев Александр Иванович",1804,"1838","5-40",""
"56","P_387","","",NA,"",NA,NA,"Жаворонок","Предтечь весны, мой жаворонок","Телескоп",1836,"Ч. 33","10","298-300",NA,"С.",NA,NA,NA,NA,""
"57","P_388","","",NA,"",NA,NA,"Текле","Сбылись души моей желания","Телескоп",1836,"Ч. 33",NA,"338",NA,"А.",NA,NA,NA,NA,""
"58","P_389","","",11757,"А. И. Полежаев","A-26","Полежаев А.И.","Отчаяние","О дайте мне кинжал и яд","Телескоп",1836,"Ч. 33",NA,"457-458",NA,"А. Полежаев","Полежаев Александр Иванович",1804,"1838","5-40",""
"59","P_390","","",NA,"","A-15","Тимофеев А.В.","Пешеходец","Утро! Утро!… Небо ясно","СОиСА",1835,"Т. 48","13","299-300",NA,"Тимофеев","Тимофеев Алексей Васильевич",1812,"1883","-6",""
"60","P_391","","",NA,"","A-155","Менцов Ф.Н.","Моисей на реке Ниле","О сестры, сестры! воды Нила","СОиСА",1835,"Т. 48","13","301-305","Посвящяется А.Г. Венециянову","Ф. Менцов","Менцов Федор Николаевич",1818,"1848","4-10",""
"61","P_392","","",NA,"","A-149","Шаликов П.И.","На посещение его высокопревосходительством С.С. Уваровым, Московского университета","В древнейшем храме наших Муз","СОиСА",1835,"Т. 48","16","483",NA,"Князь Шаликов","Шаликов Петр Иванович",1768,"1852",NA,""
"62","P_393","","",NA,"","A-149","Шаликов П.И.","Ее превосходительству, Александре Петровне Дурасовой, при поднесении моих сочинений","В чьи ж руки Муз своих, под чей же лучше кров","СОиСА",1835,"Т. 48","16","484",NA,"К.Ш.","Шаликов Петр Иванович",1768,"1852",NA,""
"63","P_394","","",NA,"","A-149","Шаликов П.И.","К П.А. Мещеринову, подарившему автора настольным футляром для часов","Вот истинно предмет живой","СОиСА",1835,"Т. 48","16","484-485",NA,"К.Ш.","Шаликов Петр Иванович",1768,"1852",NA,""
"64","P_395","","",NA,"","A-149","Шаликов П.И.","К Ольге Вильгельмовне Штюмер, при подарке детскою музыкальною библиотекою","Прими, дочь юная гармонии святой","СОиСА",1835,"Т. 48","16","485",NA,"К.Ш.","Шаликов Петр Иванович",1768,"1852",NA,""
"65","P_396","","",NA,"","A-15","Тимофеев А.В.","Старик","Дедушка! скажи нам","СОиСА",1835,"Т. 48","18","609-610",NA,"Т-м-ф","Тимофеев Алексей Васильевич",1812,"1883","-6",""
"66","P_397","","",NA,"","A-145","Гогниев И.Е.",NA,"О крылья! крылья! Да к небесной","СОиСА",1835,"Т. 48","18","610","Из Виктора Гюго","И. Гогниев","Гогниев Иван",NA,NA,NA,""
"67","P_398","","",NA,"","A-145","Гогниев И.Е.",NA,"Туда! туда! на крыльях бури","СОиСА",1835,"Т. 48","18","610-611","Из Виктора Гюго","И. Гогниев","Гогниев Иван",NA,NA,NA,""
"68","P_399","","",NA,"","A-145","Гогниев И.Е.","Провидение","Источник света, чистоты","СОиСА",1835,"Т. 48","18","611-613",NA,"И. Гогниев","Гогниев Иван",NA,NA,NA,""
"69","P_400","","",NA,"","A-204","Воскресенский М.И.",NA,"Я, как отпадший Аббадона","СОиСА",1835,"Т. 48","18","614","Три стихотворения","Воскресенский","Воскресенский Михаил Ильич",1803,"1867","1-490",""
"70","P_401","","",NA,"","A-204","Воскресенский М.И.",NA,"Есть время, и я для любви возрождаюсь","СОиСА",1835,"Т. 48","18","614","Три стихотворения","Воскресенский","Воскресенский Михаил Ильич",1803,"1867","1-490",""
"71","P_402","","",NA,"","A-204","Воскресенский М.И.",NA,"Ваш взор, как вестник исцеленья","СОиСА",1835,"Т. 48","18","615","Три стихотворения","Воскресенский","Воскресенский Михаил Ильич",1803,"1867","1-490",""
"72","P_403","","",NA,"","A-15","Тимофеев А.В.","Испанский романс","В небесах луна златая","СОиСА",1835,"Т. 50","32","247-249","Из сочинения: Человек","Т-м-ф","Тимофеев Алексей Васильевич",1812,"1883","-6",""
"73","P_404","","",1443,"А. В. Тимофеев","A-15","Тимофеев А.В.","Возвращение на родину","Туманно солнышко взошло","СОиСА",1835,"Т. 50","32","249-250",NA,"Т-м-ф","Тимофеев Алексей Васильевич",1812,"1883","-6",""
"74","P_405","","",897,"В. Н. Григорьев",NA,NA,"Романс","Не верю я! как с куклою, со мною","СОиСА",1835,"Т. 50","32","250","Княжне ***","П.М.",NA,NA,NA,NA,""
"75","P_406","","",NA,"",NA,NA,"К морю","Море стонет, море воет","СОиСА",1835,"Т. 50","32","251",NA,"П.М.",NA,NA,NA,NA,""
"76","P_407","","",NA,"","A-175","Булгаков А.И.","Эпикурейская песнь","Наша жизнь суета","СОиСА",1835,"Т. 50","32","252","Из Новой Оперы","А. Булгаков","Булгаков Александр Иванович",1814,"1836","1-342",""
"77","P_408","","",12886,"Е. П. Ростопчина","A-15","Тимофеев А.В.","Поцелуй","Ветер свищет, ветер воет","СОиСА",1835,"Т. 50","34","351-352",NA,"Т-м-ф","Тимофеев Алексей Васильевич",1812,"1883","-6",""
"78","P_409","","",NA,"","A-15","Тимофеев А.В.","Тиролец","Я горд. Но не ищите злобы","СОиСА",1835,"Т. 50","34","353-354","Ее Превосх. Н.И. Л-г","Т-м-ф","Тимофеев Алексей Васильевич",1812,"1883","-6",""
"79","P_410","","",NA,"","A-155","Менцов Ф.Н.","К демону","Демон, демон! где ты ныне","СОиСА",1835,"Т. 51","39","166-168",NA,"Ф. Менцов","Менцов Федор Николаевич",1818,"1848","4-10",""
"80","P_411","","",NA,"","A-155","Менцов Ф.Н.","Молодая аравитянка","Калем, калем! я полн одушевленья","СОиСА",1835,"Т. 51","39","169-170","Газель","Ф. Менцов","Менцов Федор Николаевич",1818,"1848","4-10",""
"81","P_412","","",NA,"","A-175","Булгаков А.И.","Искушение","Зачем склонила мне на грудь свою главу","СОиСА",1835,"Т. 51","39","170-171",NA,"А. Булгаков","Булгаков Александр Иванович",1814,"1836","1-342",""
"82","P_413","","",NA,"",NA,NA,"Зяблик и соловей","Куда летишь, товарищ милый","СОиСА",1835,"Т. 51","39","171-172",NA,"Б-г-д-н-в",NA,NA,NA,NA,""
"83","P_414","","",NA,"","A-175","Булгаков А.И.","Эпиграмма","Бессмертья ради ты писал","СОиСА",1835,"Т. 51","39","173",NA,"А. Булгаков","Булгаков Александр Иванович",1814,"1836","1-342",""
"84","P_415","","",NA,"",NA,NA,"Грезы счастия","Я засыпал под свистом бури","СОиСА",1835,"Т. 51","41","276-277",NA,NA,NA,NA,NA,NA,""
"85","P_416","","",NA,"",NA,NA,"Послание к N.N.","Взгляни как дня взойдет светило","СОиСА",1835,"Т. 51","41","277",NA,"М. Богданов",NA,NA,NA,NA,""
"86","P_417","","",NA,"",NA,NA,"Моей звездочке","Я помню ночь; с закатом дня","СОиСА",1835,"Т. 52","48","163","К. Ф. Ю…ъ","П.М.",NA,NA,NA,NA,""
"87","P_432","","",NA,"","A-162","Кукольник Н.В.","К Леоноре","Есть имена любовника, супруга","СО",1837,"Ч. 183","1","3",NA,"Н. Кукольник","Кукольник Нестор Васильевич",1809,"1868","3-212",""
"88","P_436","","",1242,"Л. А. Якубович","A-50","Якубович Л.А.","Рок","Выплывая из-за тучи","СО",1837,"Ч. 183","2","152",NA,"Л. Якубович","Якубович Лукьян Андреевич",1805,"1839",NA,""
"89","P_501","","1",NA,"","A-141","Венедиктов М.","Желание воина","О когда б наперсник славы","СО",1837,"Ч. 188","21","3",NA,"М. Венедиктов",NA,NA,NA,NA,""
"90","P_510","","",NA,"",NA,NA,"Судьба Вавилона","Уж ли твоя прешла гордыня","СОиСА",1838,"Т. 1",NA,"5-6",NA,"Л.Н.",NA,NA,NA,NA,""
"91","P_511","","",NA,"","A-159","Губер Э.И.","Посвящение","Со мной опять воздушный рой видений","СОиСА",1838,"Т. 1",NA,"18-19","Из Фауста","Эдуард Губер","Губер Эдуард Иванович",1814,"1847","2-52",""
"92","P_512","","",NA,"","A-140","Грибоедов А.С.","Отрывок из поэмы “Кальянчи”","В каком раю ты, стройный, насажден","СОиСА",1838,"Т. 1",NA,"19-22",NA,"А.С. Грибоедов","Грибоедов Александр Сергеевич",1795,"1829","2-22",""
"93","P_513","","",3263,"В. Г. Бенедиктов","A-18","Бенедиктов В.Г.","К- -му","Бодро выставь грудь младую","СОиСА",1838,"Т. 1",NA,"22-23",NA,"Бенедиктов","Бенедиктов Владимир Григорьевич",1807,"1873","1-233",""
"94","P_514","","",NA,"","A-37","Бернет Е.","Песня воспоминания","Помнишь ли храм","СОиСА",1838,"Т. 1",NA,"23-26",NA,"Бернет","Бернет Е.",1810,"1864","1-250",""
"95","P_515","","",NA,"","A-15","Тимофеев А.В.","Пловцы","По реке вниз, по широкой","СОиСА",1838,"Т. 1",NA,"26",NA,"Тимофеев","Тимофеев Алексей Васильевич",1812,"1883","-6",""
"96","P_516","","",NA,"",NA,NA,"Правда на суде","Правду, правду возлюбите, судии земли","СОиСА",1838,"Т. 1",NA,"141-142",NA,"Н.Л.",NA,NA,NA,NA,""
"97","P_517","","",NA,"","A-50","Якубович Л.А.","Буря на Балтийском море","Волны гложут грудь утеса","СОиСА",1838,"Т. 1",NA,"142-143",NA,"Л. Якубович","Якубович Лукьян Андреевич",1805,"1839",NA,""
"98","P_518","","",1479,"Э. И. Губер","A-159","Губер Э.И.","Художнику","Как хороша, в красе священной","СОиСА",1838,"Т. 1",NA,"143-148",NA,"Эдуард Губер","Губер Эдуард Иванович",1814,"1847","2-52",""
"99","P_520","","",NA,"","A-121","Алексеев П.Ф.","Наяда","В сребре живом каскада","СОиСА",1838,"Т. 1",NA,"147",NA,"П. Алексеев","Алексеев Петр Федорович",1813,"1870","1-47",""
"100","P_521","","",NA,"","A-121","Алексеев П.Ф.","Звезды","Звезды, искорки святые","СОиСА",1838,"Т. 1",NA,"147-148",NA,"П. Алексеев","Алексеев Петр Федорович",1813,"1870","1-47",""
"101","P_522","","",NA,"","A-77","Сушков Д.П.","Элегия","Не верю больше я надежде","СОиСА",1838,"Т. 1",NA,"148",NA,"Д. Сушков","Сушков Дмитрий Петрович",1817,"1894","6-156",""
"102","P_523","","",NA,"",NA,NA,"Песнь матери","Краса лугов, краса природы","СОиСА",1838,"Т. 1",NA,"149-150","Подражание итальянскому","Н. Пачимади",NA,NA,NA,NA,""
"103","P_524","","",NA,"",NA,NA,"Адлерская песня","Плывет по морю флот кораблей","СОиСА",1838,"Т. 1",NA,"150-153","На голос: Как по камышкам чиста реченька плывет","***",NA,NA,NA,NA,""
"104","P_525","","",NA,"",NA,NA,"Памяти Дельвига","Блажен, кто с пылкою душою","СОиСА",1838,"Т. 1",NA,"153-154",NA,NA,NA,NA,NA,NA,""
"105","P_526","","",NA,"","A-106","Шаховской А.А.","Лень","У богача в дому","СОиСА",1838,"Т. 1",NA,"154-155","Притча","Князь. А. Шаховской","Шаховской Александр Александрович",1777,"1846",NA,""
"106","P_527","","",NA,"","A-159","Губер Э.И.","Могильные цветы","Взгляни: над свежею могилой","СОиСА",1838,"Т. 1",NA,"155-156",NA,"Эдуард Губер","Губер Эдуард Иванович",1814,"1847","2-52",""
"107","P_528","","",NA,"",NA,NA,"Дума","Как безмолвна она - неба черная мгла","СОиСА",1838,"Т. 1",NA,"156",NA,"***",NA,NA,NA,NA,""
"108","P_529","","",NA,"","A-240","Банников Н.","Подражание псалму III","О Боже! грудь моя стеснилась","СОиСА",1838,"Т. 2",NA,"5-6",NA,"Н. Банников",NA,NA,NA,NA,""
"109","P_530","","",NA,"","A-258","Драгоманов Я.А.","Шанфари","Друзья! поднимайте верблюдов на ноги скорей","СОиСА",1838,"Т. 2",NA,"6-10","Арабская кассида","Яков Драгоманов","Драгоманов Яков Акимович",1801,"1840","2-180",""
"110","P_531","","",NA,"","A-168","Розен Е.Ф.","Покрывало левкофеи","Ты покинул остров счастья","СОиСА",1838,"Т. 2",NA,"11-14",NA,"Барон Розен","Розен Егор (Георгий) Федорович",1800,"1860","5-341",""
"111","P_532","","",NA,"","A-201","Филимонов В.С.","Страх бесследного существования","Борюсь с судьбой: грозит истленье","СОиСА",1838,"Т. 2",NA,"15-16","Писано в 1822 году","В. Филимонов","Филимонов Владимир Сергеевич",1787,"1858",NA,""
"112","P_533","","",NA,"","A-50","Якубович Л.А.","Падающая и постоянная звезды","Сорвалася с небосклона","СОиСА",1838,"Т. 2",NA,"16-17",NA,"Л. Якубович","Якубович Лукьян Андреевич",1805,"1839",NA,""
"113","P_534","","",6743,"А. В. Кольцов","A-7","Кольцов А.В.","Лес","Что, дремучий лес","СОиСА",1838,"Т. 2",NA,"17-20",NA,"А. Кольцов","Кольцов Алексей Васильевич",1809,"1842","3-33",""
"114","P_535","","",NA,"","A-121","Алексеев П.Ф.","Рассвет","Срывая черный свой покров","СОиСА",1838,"Т. 2",NA,"20-21",NA,"П. Алексеев","Алексеев Петр Федорович",1813,"1870","1-47",""
"115","P_536","","",NA,"","A-121","Алексеев П.Ф.","Моя звезда","В ночь под тучей зажглась, и в туман облеклась","СОиСА",1838,"Т. 2",NA,"21-22",NA,"П. Алексеев","Алексеев Петр Федорович",1813,"1870","1-47",""
"116","P_537","","",6733,"А. В. Кольцов","A-7","Кольцов А.В.","Цветок","Природы милое творенье","СОиСА",1838,"Т. 2",NA,"22-23",NA,"А. Кольцов","Кольцов Алексей Васильевич",1809,"1842","3-33",""
"117","P_538","","",NA,"","A-77","Сушков Д.П.","Замогильный голос","Я помню, как тяжким недугом страдая","СОиСА",1838,"Т. 2",NA,"23-26","Памяти Булгакова","Д. Сушков","Сушков Дмитрий Петрович",1817,"1894","6-156",""
"118","P_540","","",NA,"",NA,NA,"Два медведя","В глухом бору, весной","СОиСА",1838,"Т. 2",NA,"27-28","Басня",NA,NA,NA,NA,NA,""
"119","P_542","","",NA,"",NA,NA,"Звезда","Звезда! прости - пора мне спать","СОиСА",1838,"Т. 2",NA,"94-95",NA,"*",NA,NA,NA,NA,""
"120","P_543","","",NA,"",NA,NA,"Наполеон при Ватерлоо","Царь побед, Властитель рока","СОиСА",1838,"Т. 2",NA,"95-96","Сонет","Кн. Волконский",NA,NA,NA,NA,""
"121","P_544","","",NA,"",NA,NA,"Жизнь","Как труден жизни путь земной","СОиСА",1838,"Т. 2",NA,"96-98",NA,"Любич",NA,NA,NA,NA,""
"122","P_545","","",6737,"А. В. Кольцов","A-7","Кольцов А.В.","Горькая доля","Соловьем залетным","СОиСА",1838,"Т. 2",NA,"99-100",NA,"А. Кольцов","Кольцов Алексей Васильевич",1809,"1842","3-33",""
"123","P_546","","",NA,"","A-201","Филимонов В.С.","Картина к …у","Пустыня… горы обнаженны","СОиСА",1838,"Т. 2",NA,"100-101",NA,"В. Филимонов","Филимонов Владимир Сергеевич",1787,"1858",NA,""
"124","P_547","","",NA,"","A-201","Филимонов В.С.","К П…у","О добрый друг! ты с детских лет","СОиСА",1838,"Т. 2",NA,"102","1837","В. Филимонов","Филимонов Владимир Сергеевич",1787,"1858",NA,""
"125","P_548","","",NA,"",NA,NA,"Матери","Во мне бьет радостью твоя живая кровь","МН",1835,"Ч. 2","Кн. 5","54",NA,NA,NA,NA,NA,NA,""
"126","P_549","","",NA,"",NA,NA,"Италии","Лобзай и жги и жми меня к устам","МН",1835,"Ч. 2","Кн. 5","54",NA,NA,NA,NA,NA,NA,""
"127","P_551","","",12705,"А. С. Пушкин","A-11","Пушкин А.С.","Туча","Последняя туча рассеянной бури","МН",1835,"Ч. 2","Кн. 6","175",NA,"А. Пушкин","Пушкин Александр Сергеевич",1799,"1837","5",""
"128","P_552","","",NA,"","A-160","Ознобишин Д.П.","Исповедь","Под липами ходит Иван удалой","МН",1835,"Ч. 2","Кн. 6","230-233","Шведские песни","Ознобишин","Ознобишин Дмитрий Петрович",1804,"1877","4-411",""
"129","P_553","","",NA,"","A-160","Ознобишин Д.П.","Злой брат","Послушай, сестра","МН",1835,"Ч. 2","Кн. 6","233-235","Шведские песни","Ознобишин","Ознобишин Дмитрий Петрович",1804,"1877","4-411",""
"130","P_554","","",NA,"","A-160","Ознобишин Д.П.","Две сестры","За морем далече шла весть: у царя","МН",1835,"Ч. 2","Кн. 6","235-239","Шведские песни","Ознобишин","Ознобишин Дмитрий Петрович",1804,"1877","4-411",""
"131","P_555","","",NA,"","A-157","Греков Н.П.","Я смотрю на вас…","Я смотрю на вас: и больно","МН",1835,"Ч. 2","Кн. 6","285-286",NA,"Н. Греков","Греков Николай Порфирьевич",1807,"1866","2-16",""
"132","P_556","","",NA,"","A-157","Греков Н.П.","К …","Твой чудный голос, вдохновенье","МН",1835,"Ч. 2","Кн. 6","287-288",NA,"Н. Греков","Греков Николай Порфирьевич",1807,"1866","2-16",""
"133","P_557","","",2922,"Е. А. Баратынский","A-2","Баратынский Е.А.","Бокал","Полный влагой искрометной","МН",1835,"Ч. 5","Кн. 17","24-26",NA,"Баратынский","Баратынский Евгений Абрамович",1800,"1844","1-158",""
"134","P_558","","",NA,"","A-2","Баратынский Е.А.","Алкивиад","Облокочен перед медью, образ его отражавшей","МН",1835,"Ч. 5","Кн. 17","27",NA,"Баратынский","Баратынский Евгений Абрамович",1800,"1844","1-158",""
"135","P_559","","",NA,"",NA,NA,"Я был","Шумно, грозно, величаво","МН",1835,"Ч. 5","Кн. 18","152-154",NA,"А. Б-в",NA,NA,NA,NA,""
"136","P_560","","",NA,"",NA,NA,"Я есмь","Безмятежно, тихо, стройно","МН",1835,"Ч. 5","Кн. 18","155-156",NA,"А. Б-в",NA,NA,NA,NA,""
"137","P_561","","",NA,"",NA,NA,"Лунный свет","Над башней Сераля дремала луна","МН",1835,"Ч. 5","Кн. 18","172-173","Из В. Гюго","П.С.",NA,NA,NA,NA,""
"138","P_562","","",1155,"Д. П. Ознобишин","A-160","Ознобишин Д.П.","Ока","Стонет, воет и клокочет","МН",1835,"Ч. 5","Кн. 18","174-176",NA,"Ознобишин","Ознобишин Дмитрий Петрович",1804,"1877","4-411",""
"139","P_563","","",NA,"","A-249","Дубровский П.П.","Песнь евнуха","Нет на свете милее мне счастья другого","МН",1835,"Ч. 5","Кн. 19","275-276","Перевод из Александра Ходзько","П. Дубровский","Дубровский Петр Павлович",1812,"1882","1-192",""
"140","P_564","","",NA,"","A-249","Дубровский П.П.","Маменьке скажу","Ей Богу, маменьке скажу","МН",1835,"Ч. 5","Кн. 19","301-302","Перевод из Массальского","П. Дубровский","Дубровский Петр Павлович",1812,"1882","1-192",""
"141","P_565","","",NA,"",NA,NA,"Ночь в Неаполе","Сладострастной теплотою","МН",1835,"Ч. 5","Кн. 19","360-361","Фантазии пешеходца доктора Фуссгэнгера","П…",NA,NA,NA,NA,""
"142","P_566","","",NA,"",NA,NA,"Римские вечера на Monte Pincio","Там, над куполом святым","МН",1835,"Ч. 5","Кн. 19","361-362","Фантазии пешеходца доктора Фуссгэнгера","П…",NA,NA,NA,NA,""
"143","P_567","","",NA,"",NA,NA,"Солнце и поэт (Сцена в Неаполе)","От дремоты тягостной","МН",1835,"Ч. 5","Кн. 19","362-363","Фантазии пешеходца доктора Фуссгэнгера","П…",NA,NA,NA,NA,""
"144","P_569","","",3187,"В. Г. Бенедиктов","A-18","Бенедиктов В.Г.","Утес","Отвсюду объятый равниною моря","МН",1836,"Ч. 6","Кн. 1","3-4","Слова на музыку С.С.Еништа из сочинений Бенедиктова","Бенедиктов","Бенедиктов Владимир Григорьевич",1807,"1873","1-233",""
"145","P_570","","",5892,"А. С. Хомяков","A-187","Хомяков А.С.","Остров","Остров пышный, остров чудный","МН",1836,"Ч. 6","Кн. 1","16-18",NA,"А. Хомяков","Хомяков Алексей Степанович",1804,"1860",NA,""
"146","P_571","","",NA,"","A-245","Языков Н.М.","П.В. К-у","Где б ни был ты, мой П…, ты должен знать, где я","МН",1836,"Ч. 6","Кн. 1","72-76",NA,"Н. Языков","Языков Николай Михайлович",1803,"1846",NA,""
"147","P_573","","",NA,"","A-172","Башилов А.А.","Толпа","И это люди! это люди","МН",1836,"Ч. 6","Кн. 1","129-130",NA,"А. Башилов","Башилов Александр Александрович",1807,"1854","1-186",""
"148","P_574","","",5893,"А. С. Хомяков","A-187","Хомяков А.С.","К …","Когда гляжу, как чисто и зеркально","МН",1836,"Ч. 6","Кн. 1","158-159",NA,"А. Х.","Хомяков Алексей Степанович",1804,"1860",NA,""
"149","P_575","","",NA,"","A-187","Хомяков А.С.","К …","Благодарю тебя! когда любовью нежной","МН",1836,"Ч. 6","Кн. 1","159-160",NA,"А. Х.","Хомяков Алексей Степанович",1804,"1860",NA,""
"150","P_576","","",16328,"Н. М. Языков","A-245","Языков Н.М.","К …","Он прищурился спесиво","МН",1836,"Ч. 6","Кн. 2","239-241",NA,"Н. Языков","Языков Николай Михайлович",1803,"1846",NA,""
"151","P_577","","",NA,"","A-172","Башилов А.А.","Поэт и дух жизни","Бесплотный дух! и я когда-то","МН",1836,"Ч. 6","Кн. 2","267-271",NA,"А. Башилов","Башилов Александр Александрович",1807,"1854","1-186",""
"152","P_578","","",NA,"",NA,NA,"Надежда","В дальнем небе, над звездами","МН",1836,"Ч. 6","Кн. 2","334-335",NA,"Пл. Редкин",NA,NA,NA,NA,""
"153","P_579","","",NA,"","A-50","Якубович Л.А.","Умирающий гайдук","Ко мне поскорее орел поседелый, ко мне поскорей","МН",1836,"Ч. 9","Кн. 13","29-30","Иллирийская баллада","Л. Якубович","Якубович Лукьян Андреевич",1805,"1839",NA,""
"154","P_580","","",NA,"","A-160","Ознобишин Д.П.","Битва в дубраве","В седло! на коня! Не бренчи, не звени","МН",1836,"Ч. 9","Кн. 14","239-240","Шведская песнь","Ознобишин","Ознобишин Дмитрий Петрович",1804,"1877","4-411",""
"155","P_581","","",NA,"","A-51","Стромилов С.И.","Ожидание","Зачем сидишь ты до полночи","МН",1836,"Ч. 9","Кн. 14","241-242",NA,"Стромилов","Стромилов Семен Иванович",1810,"после 1862","-6",""
"156","P_584","","",NA,"","A-160","Ознобишин Д.П.","Необходимость слез","Она досадует, прелестная из дев","МН",1836,"Ч. 9","Кн. 15","339",NA,"Ознобишин","Ознобишин Дмитрий Петрович",1804,"1877","4-411",""
"157","P_585","","",NA,"","A-160","Ознобишин Д.П.","Гомеопатия","Век, твердят, идет вперед","МН",1836,"Ч. 9","Кн. 15","359-362","Шутка","Ознобишин","Ознобишин Дмитрий Петрович",1804,"1877","4-411",""
"158","P_586","","",NA,"","A-51","Стромилов С.И.",NA,"На снежном подножьи Кавказских вершин","МН",1836,"Ч. 9","Кн. 16","427-428",NA,"С. Стромилов","Стромилов Семен Иванович",1810,"после 1862","-6",""
"159","P_587","","",NA,"","A-51","Стромилов С.И.","И.И. Дмитриеву","Наперсник муз, увенчанный цветами","МН",1836,"Ч. 9","Кн. 16","457-458",NA,"С. Стромилов","Стромилов Семен Иванович",1810,"после 1862","-6",""
"160","P_588","","",NA,"",NA,NA,"Сонет","Остановлю ль я взор над твердью голубой","МН",1836,"Ч. 9","Кн. 16","510",NA,"Б.Б.",NA,NA,NA,NA,""
"161","P_589","","",NA,"","A-38","Бороздна И.П.","Отрывок из поэтических очерков Украины, Одессы и Крыма","Брега Тавриды искони","МН",1836,"Ч. 9","Кн. 16","511-518",NA,"И. Бороздна","Бороздна Иван Петрович",1804,"1858","1-317",""
"162","P_590","","",NA,"",NA,NA,"Язык страстей","Безмолвен, дик язык страстей","МН",1836,"Ч. 10","Кн. 18","180",NA,"Б.Б.",NA,NA,NA,NA,""
"163","P_591","","",NA,"","A-51","Стромилов С.И.","Ночь","Длинной радужной грядою","МН",1836,"Ч. 10","Кн. 19","315-316",NA,"Семен Стромилов","Стромилов Семен Иванович",1810,"после 1862","-6",""
"164","P_592","","",NA,"","A-249","Дубровский П.П.","К …","Я не ропщу, в любви разуверенье","МН",1836,"Ч. 10","Кн. 19","343-344",NA,"П. Дубровский","Дубровский Петр Павлович",1812,"1882","1-192",""
"165","P_593","","",NA,"","A-171","Банников А.","Небесный свод","Торжественный шатер лазуревой твердыни","СОиСА",1838,"Т. 3",NA,"5-6",NA,"А. Банников",NA,NA,NA,NA,""
"166","P_594","","",NA,"","A-168","Розен Е.Ф.","Римские венцы","Рим благородным сынам, отличавшимся чем-то примерным","СОиСА",1838,"Т. 3",NA,"21-23",NA,"Барон Розен","Розен Егор (Георгий) Федорович",1800,"1860","5-341",""
"167","P_595","","",NA,"","A-77","Сушков Д.П.","Отринутый поэт","Когда любви непризнанной мученья","СОиСА",1838,"Т. 3",NA,"23-25",NA,"Д. Сушков","Сушков Дмитрий Петрович",1817,"1894","6-156",""
"168","P_596","","",NA,"","A-201","Филимонов В.С.","Туда!","Вот всходит месяц над Двиною","СОиСА",1838,"Т. 3",NA,"26",NA,"В. Филимонов","Филимонов Владимир Сергеевич",1787,"1858",NA,""
"169","P_597","","",NA,"","A-51","Стромилов С.И.","Кипарис","Над забытою могилой","СОиСА",1838,"Т. 3",NA,"26",NA,"С. Стромилов","Стромилов Семен Иванович",1810,"после 1862","-6",""
"170","P_598","","",NA,"","A-177","Глебов А.Н.","Петр I-й на берегах Невы","С буйным ветром в вечном споре","СОиСА",1838,"Т. 3",NA,"85-87",NA,"Александр Глебов","Глебов Александр Николаевич",1803,"после 1852","1-572",""
"171","P_599","","",NA,"","A-77","Сушков Д.П.","Раздумье","Гром грохочет; ливмя льется","СОиСА",1838,"Т. 3",NA,"101-103",NA,"Д. Сушков","Сушков Дмитрий Петрович",1817,"1894","6-156",""
"172","P_601","","",NA,"","A-255","Траум","Утешение","Когда крылами вдохновенья","СОиСА",1838,"Т. 3",NA,"104",NA,"Траум",NA,NA,NA,"-6",""
"173","P_602","","",NA,"","A-238","Розенгейм М.П.","Памятник Петра Великого","Чей лик величавый здесь гордо возникнул","СОиСА",1838,"Т. 4",NA,"5-6",NA,"М. Розенгейм","Розенгейм Михаил Павлович",1820,"1887","5-344",""
"174","P_603","","",NA,"","A-51","Стромилов С.И.","Черкешенка","Посмотри - как я прекрасна","СОиСА",1838,"Т. 4",NA,"16",NA,"С. Стромилов","Стромилов Семен Иванович",1810,"после 1862","-6",""
"175","P_604","","",NA,"","A-209","Городчанинов Г.Н.","Желание верноподданного в день рождения Е.И.В. Государя Цесаревича Наследника, 17 Апреля 1838 года","Чтоб предкам Он своим был доблестью подобен","СОиСА",1838,"Т. 4",NA,"83",NA,"Гр. Городчанинов","Городчанинов Григорий Николаевич",1772,"1853","1-641",""
"176","P_605","","",NA,"","A-210","Засядко Д.","Смерть христианина","Мой кончен путь. И вот уже склоняю","СОиСА",1838,"Т. 4",NA,"84-85","Из Шуберта","Д. Засядко",NA,NA,NA,NA,""
"177","P_606","","",NA,"","A-51","Стромилов С.И.","Д.В. Давыдову","Вот тебе, поэт-рубака","СОиСА",1838,"Т. 4",NA,"86",NA,"С. Стромилов","Стромилов Семен Иванович",1810,"после 1862","-6",""
"178","P_607","","",NA,"","A-159","Губер Э.И.","Моя гробница","Я не хочу в гробнице хладной","СОиСА",1838,"Т. 4",NA,"87",NA,"Эдуард Губер","Губер Эдуард Иванович",1814,"1847","2-52",""
"179","P_608","","",NA,"","A-177","Глебов А.Н.",NA,"Как черные тени, сбираются тучи","СОиСА",1838,"Т. 4",NA,"88-90","Поэт","А. Глебов","Глебов Александр Николаевич",1803,"после 1852","1-572",""
"180","P_609","","",NA,"","A-177","Глебов А.Н.",NA,"Скажи: когда нисходит тень густая","СОиСА",1838,"Т. 4",NA,"90-91",NA,"А. Глебов","Глебов Александр Николаевич",1803,"после 1852","1-572",""
"181","P_610","","",NA,"","A-158","Кропоткин Д.А.","Чудная болезнь","Бабушка! к тебе, родная","СОиСА",1838,"Т. 4",NA,"92-93",NA,"Князь Д. Кропоткин","Кропоткин Дмитрий Алексеевич",1818,"после 1875","3-161",""
"182","P_611","","",NA,"","A-198","Нормский В.","Невольная песня","Я вижу очень, неуместна","СОиСА",1838,"Т. 4",NA,"94",NA,"В. Нормский","Нормский Валерий",NA,NA,NA,""
"183","P_613","","",NA,"","A-51","Стромилов С.И.","Тщетный спор","Грозно мстительной волною","СОиСА",1838,"Т. 4",NA,"96-97",NA,"С. Стромилов","Стромилов Семен Иванович",1810,"после 1862","-6",""
"184","P_614","","",NA,"",NA,NA,NA,"Ударом громовым разбило храма своды","СОиСА",1838,"Т. 4",NA,"98","Апологи","О.М.",NA,NA,NA,NA,""
"185","P_615","","",NA,"",NA,NA,NA,"Ракета в облака взлетела","СОиСА",1838,"Т. 4",NA,"98","Апологи","О.М.",NA,NA,NA,NA,""
"186","P_616","","",NA,"",NA,NA,NA,"Дервиш над черепом, задумавшись, стоял","СОиСА",1838,"Т. 4",NA,"98","Апологи","О.М.",NA,NA,NA,NA,""
"187","P_617","","",NA,"",NA,NA,NA,"Халиф! писатели опаснейший народ","СОиСА",1838,"Т. 4",NA,"98","Апологи","О.М.",NA,NA,NA,NA,""
"188","P_618","","",NA,"",NA,NA,NA,"Заутра на алтарь поставьте мой бурхан","СОиСА",1838,"Т. 4",NA,"98","Апологи","О.М.",NA,NA,NA,NA,""
"189","P_619","","",NA,"",NA,NA,"Ночные размышления","Спокойно гаснет светлый день","СОиСА",1838,"Т. 5","9","5-7",NA,"….—..—",NA,NA,NA,NA,""
"190","P_620","","",NA,"","A-145","Гогниев И.Е.","Отчизна душ","О, где святые эти сени","СОиСА",1838,"Т. 5","9","14-15",NA,"Гогниев","Гогниев Иван",NA,NA,NA,""
"191","P_621","","",NA,"","A-146","Кони Ф.А.","Чудная арфа (Я.П. Гроту)","Когда-то жил в Англии Царь удалой","СОиСА",1838,"Т. 5","9","16-18","Две древние, народные шведские песни","Федор Кони","Кони Федор Алексеевич",1809,"1879","3-56",""
"192","P_622","","",NA,"","A-146","Кони Ф.А.","Сила скорби (Барону Бергенгейму)","Христина и мать ее злато кладут на налой","СОиСА",1838,"Т. 5","9","19-21","Две древние, народные шведские песни","Федор Кони","Кони Федор Алексеевич",1809,"1879","3-56",""
"193","P_623","","",NA,"","A-255","Траум","Сон несчастного","В свой саван облекло уныне меня","СОиСА",1838,"Т. 5","9","21-22",NA,"Траум",NA,NA,NA,"-6",""
"194","P_624","","",NA,"","A-77","Сушков Д.П.","Разочарование","Бывало предо мной, в часы моих мышлений","СОиСА",1838,"Т. 5","9","22-23",NA,"Д. Сушков","Сушков Дмитрий Петрович",1817,"1894","6-156",""
"195","P_625","","",NA,"",NA,NA,"Заветная дума","Бывают минуты: светло мне и сладко","СОиСА",1838,"Т. 5","9","23-24",NA,"Б.Б.",NA,NA,NA,NA,""
"196","P_626","","",NA,"",NA,NA,"Красавице","Когда по синеве морей","СОиСА",1838,"Т. 5","9","24-25",NA,"Нахтингал",NA,NA,NA,NA,""
"197","P_627","","",NA,"","A-238","Розенгейм М.П.","Стансы","О други! нас радость не щедро дана","СОиСА",1838,"Т. 5","9","25-26",NA,"М. Розенгейм","Розенгейм Михаил Павлович",1820,"1887","5-344",""
"198","P_628","","",NA,"","A-240","Банников Н.","Ручей","Игривой лентой извиваясь","СОиСА",1838,"Т. 5","9","26-28",NA,"Н. Банников",NA,NA,NA,NA,""
"199","P_629","","",NA,"",NA,NA,NA,"Пришла млада, приехала","СОиСА",1838,"Т. 5","9","29","Две русские песни",NA,NA,NA,NA,NA,""
"200","P_630","","",NA,"",NA,NA,NA,"Печальное мое сердце","СОиСА",1838,"Т. 5","9","29-30","Две русские песни",NA,NA,NA,NA,NA,""
"201","P_631","","",13441,"Н. Ф. Щербина",NA,NA,"К морю","С какою радостью я свиделся с тобою","СОиСА",1838,"Т. 5","10","99","Сонет","Н. Щербинин",NA,NA,NA,NA,""
"202","P_632","","",10360,"Н. А. Некрасов","A-115","Некрасов Н.А.","Мысль","Спит дряхлый мир, спит старец обветшалый","СОиСА",1838,"Т. 5","10","100",NA,"Н. Некрасов","Некрасов Николай Алексеевич",1821,"1877","4-269",""
"203","P_633","","",NA,"",NA,NA,"Две книги","Ты знаешь ли книгу? - Великий пророк","СОиСА",1838,"Т. 6","11","5-7",NA,"Б.Б.",NA,NA,NA,NA,""
"204","P_634","","",NA,"","A-223","Шидловский И.Н.","Небо","Небо раздольное, тихое, бурное","СОиСА",1838,"Т. 6","11","16-17",NA,"И. Шидловский","Шидловский Иван Николаевич",1816,"1872",NA,""
"205","P_635","","",10361,"Н. А. Некрасов","A-115","Некрасов Н.А.","Безнадежность","Жизнь без надежд - тропа без цели","СОиСА",1838,"Т. 6","11","17-18","Н.В.С.","Н. Некрасов","Некрасов Николай Алексеевич",1821,"1877","4-269",""
"206","P_636","","",10362,"Н. А. Некрасов","A-115","Некрасов Н.А.","Человек","Когда сверкнет звезда полночи","СОиСА",1838,"Т. 6","11","18",NA,"Н. Некрасов","Некрасов Николай Алексеевич",1821,"1877","4-269",""
"207","P_637","","",NA,"","A-157","Греков Н.П.","Печаль","Есть печаль: ее названья","СОиСА",1838,"Т. 6","12","68-69",NA,"Н. Греков","Греков Николай Порфирьевич",1807,"1866","2-16",""
"208","P_638","","",NA,"","A-51","Стромилов С.И.","Не вспоминай! Не говори!","Не вспоминай мне прежних дней","СОиСА",1838,"Т. 6","12","69-70",NA,"С. Стромилов","Стромилов Семен Иванович",1810,"после 1862","-6",""
"209","P_639","","",NA,"","A-51","Стромилов С.И.","Моим Пенатам","Я с просьбой к вам, мои Пенаты","СОиСА",1838,"Т. 6","12","70",NA,"С. Стромилов","Стромилов Семен Иванович",1810,"после 1862","-6",""
"210","P_640","","",NA,"",NA,NA,"Любовь","Любовь, любовь! перед тобой","СОиСА",1838,"Т. 6","12","70-71",NA,"*…..А*…..А",NA,NA,NA,NA,""
"211","P_641","","",NA,"","A-146","Кони Ф.А.","Весна и сирота","Опять посланница небес","СОиСА",1838,"Т. 6","12","71-74",NA,"Федор Кони","Кони Федор Алексеевич",1809,"1879","3-56",""
"212","P_642","","",NA,"",NA,NA,"Русский кубок на новый год","Двенадцать бьет! Друзья! чем встретит","СОиСА",1839,"Т. 7","1","5-6",NA,NA,NA,NA,NA,NA,""
"213","P_643","","",NA,"","A-147","Струговщиков А.Н.",NA,"О, как мне весело в Риме, если я вспомню, когда","СОиСА",1839,"Т. 7","1","7-8","Римские элегии (из Гете)","А. Струговщиков","Струговщиков Александр Николаевич",1808,"1879","6-96",""
"214","P_644","","",NA,"","A-147","Струговщиков А.Н.",NA,"Многие отдали б мне половину венчавшей их славы","СОиСА",1839,"Т. 7","1","8","Римские элегии (из Гете)","А. Струговщиков","Струговщиков Александр Николаевич",1808,"1879","6-96",""
"215","P_645","","",NA,"","A-147","Струговщиков А.Н.",NA,"Тяжко одно для меня, другое бывает несносно","СОиСА",1839,"Т. 7","1","8","Римские элегии (из Гете)","А. Струговщиков","Струговщиков Александр Николаевич",1808,"1879","6-96",""
"216","P_646","","",NA,"","A-51","Стромилов С.И.","Ратному товарищу","Здравствуй, конь ты мой удалый","СОиСА",1839,"Т. 7","1","9-10",NA,"С. Стромилов","Стромилов Семен Иванович",1810,"после 1862","-6",""
"217","P_648","","",NA,"",NA,NA,"Ответ (Э… К… Б…)","Ты назвала меня младенцем","СОиСА",1839,"Т. 7","1","11",NA,"К.С. Волконский",NA,NA,NA,NA,""
"218","P_649","","",10363,"Н. А. Некрасов","A-115","Некрасов Н.А.","Смерти","Не приходи в часы волнений","СОиСА",1839,"Т. 7","1","12-13",NA,"Н. Некрасов","Некрасов Николай Алексеевич",1821,"1877","4-269",""
"219","P_650","","",1473,"Э. И. Губер","A-159","Губер Э.И.","На кладбище","В страшный час томящих снов","СОиСА",1839,"Т. 7","1","13-14",NA,"Эдуард Губер","Губер Эдуард Иванович",1814,"1847","2-52",""
"220","P_651","","",NA,"",NA,NA,"Питер-бас","В Голландии местечко есть Сардам","СОиСА",1839,"Т. 7","2","91-95",NA,NA,NA,NA,NA,NA,""
"221","P_652","","",NA,"","A-51","Стромилов С.И.","Завистникам России","Русский Царь премудр - державой","СОиСА",1839,"Т. 7","2","95-96",NA,"Стромилов","Стромилов Семен Иванович",1810,"после 1862","-6",""
"222","P_656","","",NA,"","A-243","Фермор Н.Ф.","Черноморская ночь","Теплотою южной веет","СОиСА",1839,"Т. 7","2","99-101","Н.М. Соковнину","Н. Фермор","Фермор Николай Федорович",NA,NA,NA,""
"223","P_657","","",NA,"","A-250","Корсаков П.А.","Пора любить","Волненье странное во мне","СОиСА",1839,"Т. 7","2","101","Два отрывка из Катсовой поэмы Houwelijck (Брак)","П. Корсаков","Корсаков Петр Александрович",1790,"1844","3-88",""
"224","P_658","","",NA,"","A-250","Корсаков П.А.","Бумажный змей","Лети, крылатый змей, несись","СОиСА",1839,"Т. 7","2","102","Два отрывка из Катсовой поэмы Houwelijck (Брак)","П. Корсаков","Корсаков Петр Александрович",1790,"1844","3-88",""
"225","P_659","","",NA,"","A-145","Гогниев И.Е.","Зима","Пусть восторженная лира","СОиСА",1839,"Т. 7","2","102-105",NA,"И. Гогниев","Гогниев Иван",NA,NA,NA,""
"226","P_660","","",NA,"","A-77","Сушков Д.П.","Страдалец","Есть страдалец добровольный","СОиСА",1839,"Т. 7","2","105-106",NA,"Д. Сушков","Сушков Дмитрий Петрович",1817,"1894","6-156",""
"227","P_661","","",NA,"","A-256","Щеткин Я.А.","Орел","Роскошная высь голубым полушаром","СО",1839,"Т. 9",NA,"5-6",NA,"Щеткин","Щеткин Яков Александрович",1817,NA,NA,""
"228","P_662","","",NA,"","A-121","Алексеев П.Ф.","Картина","В дымных тучах заткана","СО",1839,"Т. 9",NA,"7",NA,"П. Алексеев","Алексеев Петр Федорович",1813,"1870","1-47",""
"229","P_663","","",NA,"","A-174","Бистром А.","Различные звуки","Волшебны звуки первенца","СО",1839,"Т. 9",NA,"8",NA,"А. Бистром","Бистром Александр",NA,NA,NA,""
"230","P_664","","",NA,"","A-255","Траум","Волшебница","Когда задумчиво, стыдливо","СО",1839,"Т. 9",NA,"9","А.Я. П-вой","Траум",NA,NA,NA,"-6",""
"231","P_665","","",NA,"","A-7","Кольцов А.В.",NA,"Эх! не во время тучи мрачные","СО",1839,"Т. 9",NA,"10","Две русские песни","Лесник","Кольцов Алексей Васильевич",1809,"1842","3-33",""
"232","P_666","","",NA,"","A-7","Кольцов А.В.",NA,"Не булатный нож режет грудь мою","СО",1839,"Т. 9",NA,"10-11","Две русские песни","Лесник","Кольцов Алексей Васильевич",1809,"1842","3-33",""
"233","P_667","","",NA,"",NA,NA,"Дума в осеннюю ночь","Минула полночь - все кругом почило","СО",1839,"Т. 9",NA,"11-12","С немецкого","Любич",NA,NA,NA,NA,""
"234","P_668","","",NA,"",NA,NA,"Разлука","Тебя здесь нет - я чувствую, я знаю","СО",1839,"Т. 9",NA,"53",NA,"А. Б-м",NA,NA,NA,NA,""
"235","P_669","","",NA,"",NA,NA,"Бездны","Бездна! что такое ты","СО",1839,"Т. 9",NA,"53-55",NA,"Б.Б.",NA,NA,NA,NA,""
"236","P_670","","",10367,"Н. А. Некрасов","A-115","Некрасов Н.А.","Изгнанник","Еще младенцу, в колыбели","СО",1839,"Т. 9",NA,"55-58","Н.Ф. Фермору","Н. Некрасов","Некрасов Николай Алексеевич",1821,"1877","4-269",""
"237","P_671","","",NA,"",NA,NA,"Стихи на спуск 120-пушечкого корабля Россия в С. Петербурге, 5 июля, 1839 г.","Россия двинулась - и волны задымились","СО",1839,"Т. 10",NA,"5",NA,"***",NA,NA,NA,NA,""
"238","P_672","","",NA,"","A-50","Якубович Л.А.","Драматическому поэту","Любви, высоких ощущений","СО",1839,"Т. 10",NA,"6","Н.В.К.","Л. Якубович","Якубович Лукьян Андреевич",1805,"1839",NA,""
"239","P_673","","",NA,"","A-63","Вердеревский А.","Жизнь","Жребий грустный, неизбежный","СО",1839,"Т. 10",NA,"7-8",NA,"А. Вердеревский","Вердеревский Александр",NA,NA,"1-421",""
"240","P_674","","",NA,"",NA,NA,"Безнадежность","Напрасно я ищу награды","СО",1839,"Т. 10",NA,"8",NA,"Н. Беклемишев",NA,NA,NA,NA,""
"241","P_675","","",NA,"","A-121","Алексеев П.Ф.","Дума","Не ветер разгульный могучим крылом","СО",1839,"Т. 10",NA,"9",NA,"П. Алексеев","Алексеев Петр Федорович",1813,"1870","1-47",""
"242","P_676","","",NA,"","A-127","Ободовский П.Г.","Умирающий младенец","Ах! что за песни, что за звон","СО",1839,"Т. 10",NA,"10","Памяти милого Алексея. Из Уланда","Пл. Ободовский","Ободовский Платон Григорьевич",1803,"1864","4-370",""
"243","P_677","","",NA,"",NA,NA,"Наш век","Текут события, как волны","СО",1839,"Т. 10",NA,"69-70",NA,"М.",NA,NA,NA,NA,""
"244","P_678","","",NA,"",NA,NA,"Жизнь","Когда пред образом я плачу и молюсь","СО",1839,"Т. 10",NA,"71","Сонет","***",NA,NA,NA,NA,""
"245","P_679","","",NA,"",NA,NA,"Могила отца и матери","Чуть утро алеет. Я тихий, унылый","СО",1839,"Т. 10",NA,"72","Сонет","***",NA,NA,NA,NA,""
"246","P_680","","",NA,"",NA,NA,"Юным поэтам","Слезы, да вздохи, да слезы опять","СО",1839,"Т. 10",NA,"73",NA,"И. Д-чь",NA,NA,NA,NA,""
"247","P_681","","",NA,"",NA,NA,"Привет стихотворениям юного певца дум, посланий, элегий, дев и прочего","Юный поэт выдает нам фантазии дивной созданье","СО",1839,"Т. 10",NA,"73",NA,"И. Д-чь",NA,NA,NA,NA,""
"248","P_682","","",NA,"",NA,NA,"Сравнения","Что Словестность? - Печь. - А стихи и стишки что? - Лучина","СО",1839,"Т. 10",NA,"74",NA,"И. Д-чь",NA,NA,NA,NA,""
"249","P_684","","",NA,"",NA,NA,"Гекзаметр","Так! Гекзаметр могучий: Зевсом-Омиром ты создан","СО",1839,"Т. 11",NA,"19",NA,"П. Печенегов",NA,NA,NA,NA,""
"250","P_685","","",NA,"",NA,NA,NA,"Фирс обманул меня - обиды не покину","СО",1839,"Т. 11",NA,"20","Маленькие разговоры","И. Д-чь",NA,NA,NA,NA,""
"251","P_686","","",NA,"",NA,NA,NA,"Он честь мою задел в нескромном разговоре","СО",1839,"Т. 11",NA,"20","Маленькие разговоры","И. Д-чь",NA,NA,NA,NA,""
"252","P_687","","",NA,"","A-178","Градцев А.","Не здешний гость","Есть благодатные мгновенья","СО",1839,"Т. 11",NA,"113",NA,"А. Градцев","Градцев Александр Федорович",NA,NA,"2-10",""
"253","P_688","","",NA,"",NA,NA,"Мое новоселье","Вот здесь мой новый кабинет","СО",1839,"Т. 11",NA,"114","Г.С. П-ву на память прежней товарищеской дружбы","Ев. В. В.",NA,NA,NA,NA,""
"254","P_689","","",NA,"",NA,NA,"На отъезд К.А. М.","Слеза прощальная невольно","СО",1839,"Т. 11",NA,"115",NA,"И. Ертов",NA,NA,NA,NA,""
"255","P_690","","",NA,"","A-199","Паршин В.П.","Цветок","На Даурских степях","СО",1839,"Т. 11",NA,"116-117","Бурятская песня","В. Паршин","Паршин Василий Петрович",1805,"1853","4-538",""
"256","P_691","","",NA,"",NA,NA,"И шило не бреет","Удачей заменяя ум","СО",1839,"Т. 11",NA,"117-118",NA,"И. Д-чь",NA,NA,NA,NA,""
"257","P_692","","",NA,"",NA,NA,NA,"В Риме царствовал Тит, утеха людей и отрада","СО",1839,"Т. 12",NA,"5-6","Три видения. Карлу Брюлову","***",NA,NA,NA,NA,""
"258","P_693","","",NA,"",NA,NA,NA,"Боже! свершается чудо, нам непостижное чудо","СО",1839,"Т. 12",NA,"6-7","Три видения. Карлу Брюлову","***",NA,NA,NA,NA,""
"259","P_694","","",NA,"",NA,NA,NA,"Жизнь и могила! Смерть и спасенье!… Сомненье объемлет","СО",1839,"Т. 12",NA,"7","Три видения. Карлу Брюлову","***",NA,NA,NA,NA,""
"260","P_695","","",NA,"",NA,NA,"Мильтиад","Герой незабвенный, отчизны спаситель","СО",1839,"Т. 12",NA,"8",NA,"М. Пачимади",NA,NA,NA,NA,""
"261","P_696","","",NA,"",NA,NA,"Пошла писать!","Начать всегда нам тяжело","СО",1839,"Т. 12",NA,"9-10",NA,"И. Д-чь",NA,NA,NA,NA,""
"262","P_697","","",NA,"","A-145","Гогниев И.Е.","Певцу еврейских мелодий","Когда, избранник неба, ты","СО",1840,"Т. 1","Кн. 1","31-32",NA,"И. Гогниев","Гогниев Иван",NA,NA,NA,""
"263","P_698","","",NA,"",NA,NA,"Стихи в альбом П.И. Рекорда, писанные кардиналом Меццофанти","Счастье мира что? Мечта","СО",1840,"Т. 1","Кн. 2","299",NA,NA,NA,NA,NA,NA,""
"264","P_699","","",NA,"","A-255","Траум","Бесценный дар","Кто там, при бледном звезд сияньи","СО",1840,"Т. 1","Кн. 2","300-301","Баллада. Подражание Уланду","Траум",NA,NA,NA,"-6",""
"265","P_700","","",NA,"","A-199","Паршин В.П.","Моя звездочка","В былое время светлых дум","СО",1840,"Т. 1","Кн. 2","301-302",NA,"В. Паршин","Паршин Василий Петрович",1805,"1853","4-538",""
"266","P_701","","",NA,"",NA,NA,"Мой гость","Есть прекрасный небожитель","СО",1840,"Т. 1","Кн. 3","548-549",NA,"П. Печенегов",NA,NA,NA,NA,""
"267","P_702","","",NA,"",NA,NA,"Отзыв на голос сердца","Кто ты? Откуда ты? Не знаю","СО",1840,"Т. 1","Кн. 3","550",NA,"Н. Коровкин",NA,NA,NA,NA,""
"268","P_703","","",NA,"","A-77","Сушков Д.П.","Существенность","День ото дня все реже вдохновенья","СО",1840,"Т. 1","Кн. 3","550-551",NA,"Д. Сушков","Сушков Дмитрий Петрович",1817,"1894","6-156",""
"269","P_704","","",NA,"",NA,NA,"Жизнь - игра","Мы все охотники играть","СО",1840,"Т. 1","Кн. 3","552-553",NA,"И. Д-чь",NA,NA,NA,NA,""
"270","P_705","","",NA,"",NA,NA,"Русская песня","Не дари меня","СО",1840,"Т. 1","Кн. 3","554-555",NA,"Д-в",NA,NA,NA,NA,""
"271","P_707","","",NA,"","A-11","Пушкин А.С.","К Жуковскому","Благослови поэт! в тиши Парнасской сени","СО",1840,"Т. 2","Кн. 2","245-249",NA,"А. Пушкин","Пушкин Александр Сергеевич",1799,"1837","5",""
"272","P_708","","",12710,"А. С. Пушкин","A-11","Пушкин А.С.","Гораций","Кто из богов мне возвратил","СО",1840,"Т. 2.","Кн. 2","250-251",NA,"А. Пушкин","Пушкин Александр Сергеевич",1799,"1837","5",""
"273","P_709","","",8642,"А. Н. Майков","A-142","Майков А.Н.","Владимиру Григориевичу Бенедиктову","Стражи мирной нашей хаты","СО",1840,"Т. 2","Кн. 2","252-255",NA,"А.М.","Майков Аполлон Николаевич",1821,"1897","3-453",""
"274","P_710","","",NA,"",NA,NA,"В альбом Л.Н. С-вой","На небе, мглою покровенном","СО",1840,"Т. 2.","Кн. 2","256",NA,"М.С.",NA,NA,NA,NA,""
"275","P_711","","",NA,"","A-156","Касторский Н.","С девичьей жизнью минет и веселье","Пойте, девицы, резвитесь","СО",1840,"Т. 2","Кн. 3","449","Славянские песни","Н. Касторский",NA,NA,NA,NA,""
"276","P_712","","",NA,"","A-156","Касторский Н.","Девица и ее личико","Девица по край горы стояла","СО",1840,"Т. 2.","Кн. 3","450","Славянские песни","Н. Касторский",NA,NA,NA,NA,""
"277","P_713","","",NA,"","A-156","Касторский Н.","Обручница","Девица ко звездочке ласкалась","СО",1840,"Т. 2","Кн. 3","450-451","Славянские песни","Н. Касторский",NA,NA,NA,NA,""
"278","P_714","","",NA,"","A-156","Касторский Н.","Сестры без брата","Две сестрицы брата не имели","СО",1840,"Т. 2.","Кн. 3","451","Славянские песни","Н. Касторский",NA,NA,NA,NA,""
"279","P_715","","",NA,"","A-156","Касторский Н.","Рыба и девица","Девица по край сидела моря","СО",1840,"Т. 2","Кн. 3","452","Славянские песни","Н. Касторский",NA,NA,NA,NA,""
"280","P_716","","",NA,"","A-156","Касторский Н.","На выворот","О Будиме граде","СО",1840,"Т. 2.","Кн. 3","452-453","Славянские песни","Н. Касторский",NA,NA,NA,NA,""
"281","P_717","","",NA,"","A-156","Касторский Н.","Проклятие","Был у матери один сын Конда","СО",1840,"Т. 2","Кн. 3","453","Славянские песни","Н. Касторский",NA,NA,NA,NA,""
"282","P_718","","",NA,"","A-156","Касторский Н.","Молитва на юрьев день","Как на Юрьев праздник","СО",1840,"Т. 2.","Кн. 3","454","Славянские песни","Н. Касторский",NA,NA,NA,NA,""
"283","P_719","","",NA,"","A-156","Касторский Н.","На кого глядя растут девицы?","Девица, садова роза","СО",1840,"Т. 2","Кн. 3","454","Славянские песни","Н. Касторский",NA,NA,NA,NA,""
"284","P_720","","",NA,"","A-156","Касторский Н.","Что мило, то и прекрасно","Придет ли когда блаженно время","СО",1840,"Т. 2.","Кн. 3","455","Славянские песни","Н. Касторский",NA,NA,NA,NA,""
"285","P_721","","",NA,"","A-156","Касторский Н.","Дурная мода","Сокол пролетал над Сараёвом","СО",1840,"Т. 2","Кн. 3","455-456","Славянские песни","Н. Касторский",NA,NA,NA,NA,""
"286","P_722","","",NA,"","A-156","Касторский Н.","Желание женское","Каб мне быть - водой холодной","СО",1840,"Т. 2.","Кн. 3","456","Славянские песни","Н. Касторский",NA,NA,NA,NA,""
"287","P_723","","",NA,"","A-156","Касторский Н.","Желание мужское","Кабы сделался я мухой","СО",1840,"Т. 2","Кн. 3","456","Славянские песни","Н. Касторский",NA,NA,NA,NA,""
"288","P_724","","",NA,"","A-156","Касторский Н.","Непослушная","Слушай, Мара, дочка мила","СО",1840,"Т. 2.","Кн. 3","457","Славянские песни","Н. Касторский",NA,NA,NA,NA,""
"289","P_725","","",NA,"","A-156","Касторский Н.","Как судить о девице","Сараёво рано запирают","СО",1840,"Т. 2","Кн. 3","458","Славянские песни","Н. Касторский",NA,NA,NA,NA,""
"290","P_726","","",NA,"","A-156","Касторский Н.","Казнь горделивой","Девка красна солнцу поперечит","СО",1840,"Т. 2.","Кн. 3","458","Славянские песни","Н. Касторский",NA,NA,NA,NA,""
"291","P_727","","",NA,"","A-156","Касторский Н.","Пей вино, люби девицу","Милый Муйо, что ко мне не ходишь","СО",1840,"Т. 2","Кн. 3","459","Славянские песни","Н. Касторский",NA,NA,NA,NA,""
"292","P_728","","",NA,"","A-156","Касторский Н.","Воспитание","Я была одна у мати дочка","СО",1840,"Т. 2.","Кн. 3","459","Славянские песни","Н. Касторский",NA,NA,NA,NA,""
"293","P_729","","",NA,"","A-256","Щеткин Я.А.","К древнему мечу","Ты опочил, булатный меч крушитель","СО",1840,"Т. 2","Кн. 3","460-462",NA,"Я. Щеткин","Щеткин Яков Александрович",1817,NA,NA,""
"294","P_730","","",NA,"","A-7","Кольцов А.В.","Благодетелю моей родины","Есть люди - меж людей они","СО",1840,"Т. 2.","Кн. 4","681-682",NA,"А. Кольцов","Кольцов Алексей Васильевич",1809,"1842","3-33",""
"295","P_731","","",NA,"",NA,NA,"Могилы","Я молод! жизнь во сне еще играет","СО",1840,"Т. 2","Кн. 4","683-685",NA,"И.Ю.",NA,NA,NA,NA,""
"296","P_732","","",3308,"В. Г. Бенедиктов","A-18","Бенедиктов В.Г.","К женщине","К тебе мой стих. Прошло безумье","СО",1840,"Т. 3","Кн. 1","5-10",NA,"В. Бенедиктов","Бенедиктов Владимир Григорьевич",1807,"1873","1-233",""
"297","P_734","","",NA,"",NA,NA,"Стремление","Минуты есть: душа от жизни дольной","СО",1840,"Т. 3","Кн. 3","417-418",NA,"Б.Б.",NA,NA,NA,NA,""
"298","P_735","","",NA,"",NA,NA,"Предведение","Да; есть какой-то мир иной","СО",1840,"Т. 3","Кн. 3","419-420",NA,"Б.Б.",NA,NA,NA,NA,""
"299","P_736","","",NA,"",NA,NA,"Василек","Мой лазоревый, прекрасный","СО",1840,"Т. 3","Кн. 4","589-590",NA,"М. Строев",NA,NA,NA,NA,""
"300","P_737","","",NA,"",NA,NA,"Светлица","Есть заветная светлица","СО",1840,"Т. 3","Кн. 4","591-592",NA,"Н.В.",NA,NA,NA,NA,""
"301","P_738","","",8652,"А. Н. Майков","A-142","Майков А.Н.","Венера медицейская","Невольницы мои младые","СО",1840,"Т. 5","Кн. 1","5-8",NA,"А.М.","Майков Аполлон Николаевич",1821,"1897","3-453",""
"302","P_739","","",NA,"","A-144","Сорокин М.","Орел и курица","Подстреленный орел близ птичника хирел","СО",1840,"Т. 5","Кн. 1","9-10",NA,"М. Сорокин",NA,NA,NA,NA,""
"303","P_740","","",NA,"","A-142","Майков А.Н.","Гнев божий","Ударьте в лютни и тимпаны","СО",1840,"Т. 5","Кн. 2","207-209",NA,"А.М.","Майков Аполлон Николаевич",1821,"1897","3-453",""
"304","P_741","","",NA,"",NA,NA,"Певец","Что тебе в награду дам","СО",1840,"Т. 5","Кн. 2","210-212",NA,NA,NA,NA,NA,NA,""
"305","P_775","c","",7629,"М. Ю. Лермонтов","A-114","Лермонтов М.Ю.","Ветка палестины","Скажи мне, ветка Палестины","ОЗ",1839,"Т. 3","№ 5. Отд. 3","275-276",NA,"М. Лермонтов","Лермонтов Михаил Юрьевич",1814,"1841","3-329",""
"306","P_777","c","",7658,"М. Ю. Лермонтов","A-114","Лермонтов М.Ю.","Не верь себе","Не верь, не верь себе, мечтатель молодой","ОЗ",1839,"Т. 3","№ 5. Отд. 3","277-279",NA,"М. Лермонтов","Лермонтов Михаил Юрьевич",1814,"1841","3-329",""
"307","P_778","","",NA,"","A-217","Бек И.А.","Встреча","Когда в дарах ничтожных жизни","МН",1836,"Ч. 7","Июнь. Кн. 1","355-356",NA,"И. Бек","Бек Иван Александровия",1807,"1842","1-201",""
"308","P_779","","",NA,"","A-217","Бек И.А.","К.***","О вероломный друг! забытая любовь","МН",1836,"Ч. 7","Июнь. Кн. 2","502-503",NA,"И. Бек","Бек Иван Александровия",1807,"1842","1-201",""
"309","P_780","","",NA,"","A-228","Голицын М.Г.","Степь","Тесна долина мне и душен мрачный бор","МН",1836,"Ч. 7","Июнь. Кн. 2","539-540",NA,"К. Мих. Голицын","Голицын Михаил Григорьевич",1808,"1868","1-607",""
"310","P_781","","",NA,"",NA,NA,"Синонимы: Гостиная - салон","Недоумением напрасно ты смущен","МН",1836,"Ч. 7","Июнь. Кн. 2","541",NA,NA,NA,NA,NA,NA,""
"311","P_782","","",NA,"","A-160","Ознобишин Д.П.","Чудная бандура",NA,"МН",1836,"Ч. 7","Июнь. Кн. 2","46",NA,"Д.П. Ознобишин","Ознобишин Дмитрий Петрович",1804,"1877","4-411",""
"312","P_783","","",NA,"","A-160","Ознобишин Д.П.","Мысль",NA,"МН",1836,"Ч. 7","Июнь. Кн. 2","97",NA,"Д.П. Ознобишин","Ознобишин Дмитрий Петрович",1804,"1877","4-411",""
"313","P_784","","",NA,"","A-157","Греков Н.П.","К …",NA,"МН",1836,"Ч. 7","Июнь. Кн. 2","118",NA,"Н. Греков","Греков Николай Порфирьевич",1807,"1866","2-16",""
"314","P_785","","",NA,"","A-245","Языков Н.М.","К …",NA,"МН",1836,"Ч. 7","Июнь. Кн. 2","217",NA,"Н.М. Языков","Языков Николай Михайлович",1803,"1846",NA,""
"315","P_786","","",NA,"",NA,NA,"Мадригал Б.","Чтобы критической затеи","МН",1836,"Ч. 8","Июль. Кн. 1","85",NA,"Темучин, Чингис-Хан",NA,NA,NA,NA,""
"316","P_787","","",NA,"","A-155","Менцов Ф.Н.","Грусть паши","Что сталось с ним, блистательным пашою","МН",1836,"Ч. 8","Июль. Кн. 1","86-88",NA,"Менцов","Менцов Федор Николаевич",1818,"1848","4-10",""
"317","P_789","","",1238,"Л. А. Якубович","A-50","Якубович Л.А.","Н.М. Языкову","Торжественный, роскошный и могучий","МН",1836,"Ч. 8","Июль. Кн. 2","194",NA,"Л. Якубович","Якубович Лукьян Андреевич",1805,"1839",NA,""
"318","P_790","","",NA,"","A-155","Менцов Ф.Н.",NA,"Когда стеснит твою внезапно грудь","МН",1836,"Ч. 8","Июль. Кн. 2","250-251",NA,"Менцов","Менцов Федор Николаевич",1818,"1848","4-10",""
"319","P_791","","",NA,"","A-38","Бороздна И.П.","Бахчисарайский дворец","Они свершились наконец","МН",1836,"Ч. 8","Август. Кн. 1","310-316",NA,"Иван Бороздна","Бороздна Иван Петрович",1804,"1858","1-317",""
"320","P_792","","",NA,"","A-50","Якубович Л.А.","Кладбище","Обитель мира и печали","МН",1836,"Ч. 8","Август. Кн. 1","368",NA,"Л. Якубович","Якубович Лукьян Андреевич",1805,"1839",NA,""
"321","P_793","","",NA,"",NA,NA,"Сочувствие","Немного светлых вдохновений","МН",1836,"Ч. 8","Август. Кн. 2","394-395",NA,"Б.Б.",NA,NA,NA,NA,""
"322","P_794","","",NA,"","A-196","Зубов В.","Девы востока","В дни бурной юности моей","МН",1836,"Ч. 8","Август. Кн. 2","446-450",NA,"В. Зубов",NA,NA,NA,NA,""
"323","P_795","","",NA,"","A-50","Якубович Л.А.","Скажи","Когда воздушною стезею","МН",1836,"Ч. 8","Август. Кн. 2","470",NA,"Л. Якубович","Якубович Лукьян Андреевич",1805,"1839",NA,""
"324","P_796","","",NA,"","A-50","Якубович Л.А.","Русская сабля (найденная на Куликовом поле)","Когда Татарин низложенный","МН",1836,"Ч. 8","Август. Кн. 2","472-473",NA,"Л. Якубович","Якубович Лукьян Андреевич",1805,"1839",NA,""
"325","P_797","","",1239,"Л. А. Якубович","A-50","Якубович Л.А.","Кавказ","Приют недоступный могучих орлов","МН",1836,"Ч. 8","Август. Кн. 2","474",NA,"Л. Якубович","Якубович Лукьян Андреевич",1805,"1839",NA,""
"326","P_798","","",NA,"","A-168","Розен Е.Ф.","Чувства на море","Ветер по морю играет","ПРиВЕТ",1840,"Ч. 1",NA,"129-130",NA,"Барон Розен","Розен Егор (Георгий) Федорович",1800,"1860","5-341",""
"327","P_799","","",NA,"","A-244","Цыганов Н.Ф.","Последняя русская песня Н. Цыганова","Залетная кукушечка","ПРиВЕТ",1840,"Ч. 1",NA,"130",NA,"Н. Цыганов","Цыганов Николай Федорович",1797,"1832",NA,""
"328","P_800","","",NA,"","A-163","Гребенка Е.П.","Малиновка","Люблю я, малиновка, песню твою","ПРиВЕТ",1840,"Ч. 1",NA,"130-131",NA,"Е. Гребенка","Гребенка Евгений Павлович",1812,"1848","2-13",""
"329","P_801","","",NA,"","A-77","Сушков Д.П.","Красавица","Умильная, прелестная головка","ПРиВЕТ",1840,"Ч. 1",NA,"131",NA,"Д. Сушков","Сушков Дмитрий Петрович",1817,"1894","6-156",""
"330","P_802","","",NA,"","A-146","Кони Ф.А.","Синьор и плебеянка","Мантилью скинь. Покров ревнивый","ПРиВЕТ",1840,"Ч. 1",NA,"131",NA,"Федор Кони","Кони Федор Алексеевич",1809,"1879","3-56",""
"331","P_803","","",NA,"","A-115","Некрасов Н.А.","Провинциальный подъячий в Петербурге","Ох, времечко! Скорехонько","ПРиВЕТ",1840,"Ч. 1",NA,"132",NA,"Феоклист Боб","Некрасов Николай Алексеевич",1821,"1877","4-269",""
"332","P_805","","",NA,"","A-18","Бенедиктов В.Г.","Из Виктора Гюго","Порой, когда все спит, восторженный вплоне","ПРиВЕТ",1840,"Ч. 1",NA,"103",NA,"В. Бенедиктов","Бенедиктов Владимир Григорьевич",1807,"1873","1-233",""
"333","P_806","","",NA,"","A-224","Великопольский И.Е.","Русская песня","Ягодка, ягодка","ПРиВЕТ",1840,"Ч. 1",NA,"103",NA,"Ивельев","Великопольский Иван Ермолаевич",1797,"1868","1-403",""
"334","P_807","","",NA,"","A-173","Башуцкий А.","Колыбельная песня Пантеону","Баю, баюшки-баю","ПРиВЕТ",1840,"Ч. 1",NA,"104",NA,"А. Башуцкий",NA,NA,NA,NA,""
"335","P_808","","",NA,"","A-115","Некрасов Н.А.","Мелодия","Есть страна на севере, сердцу драгоценная","ПРиВЕТ",1840,"Ч. 1",NA,"104","К. А. Д.","Н. Некрасов","Некрасов Николай Алексеевич",1821,"1877","4-269",""
"336","P_809","","",NA,"","A-115","Некрасов Н.А.","Провинциальный подъячий в Петербурге","Хоть друг я аккуратности","ПРиВЕТ",1840,"Ч. 1",NA,"105-106","Снова - здорово!","Феоклист Боб","Некрасов Николай Алексеевич",1821,"1877","4-269",""
"337","P_810","","",NA,"",NA,NA,"Наш век","Свет похож на торг, где вечно","ПРиВЕТ",1840,"Ч. 1",NA,"106-107",NA,NA,NA,NA,NA,NA,""
"338","P_811","","",1623,"Ф. А. Кони","A-146","Кони Ф.А.","Карета","Поглядишь, на белом свете","ПРиВЕТ",1840,"Ч. 1",NA,"107",NA,"Ф. Кони","Кони Федор Алексеевич",1809,"1879","3-56",""
"339","P_812","","",NA,"","A-121","Алексеев П.Ф.","Сон страдальца","Я крепко помню тяжкий день","ПРиВЕТ",1840,"Ч. 2",NA,"37-38",NA,"Алексеев","Алексеев Петр Федорович",1813,"1870","1-47",""
"340","P_813","","",NA,"","A-197","Ивельев В.","Колыбельная песня","Солнце за лес перешло","ПРиВЕТ",1840,"Ч. 2",NA,"38","Два отрывка из новой драмы “Стешнева”","В. Ивельев",NA,NA,NA,NA,""
"341","P_814","","",NA,"","A-197","Ивельев В.","Плач над могилой","Крошечка моя ты, радость","ПРиВЕТ",1840,"Ч. 2",NA,"39","Два отрывка из новой драмы “Стешнева”","В. Ивельев",NA,NA,NA,NA,""
"342","P_815","","",NA,"","A-176","Вельтман А.Ф.","Луч надежды","Месяц светел: серебрится","ПРиВЕТ",1840,"Ч. 2",NA,"39","Романс","А. Вельтман","Вельтман Александр Фомич",1800,"1870","1-405",""
"343","P_816","","",NA,"",NA,NA,"Счастье","Людское счастье цепь химеры","ПРиВЕТ",1840,"Ч. 2",NA,"39-40",NA,"П. Федоров",NA,NA,NA,NA,""
"344","P_817","","",3494,"А. А. Бестужев-Марлинский","A-61","Бестужев А.А. (Марлинский)","Забудь, забудь","Ты улетаешь Ангел света","ПРиВЕТ",1840,"Ч. 2",NA,"40","Кн. Н. У. ***","А. Марлинский","Бестужев Александр Александрович",1797,"1837","1-253",""
"345","P_818","","",NA,"","A-158","Кропоткин Д.А.","Туда","Есть пышный, дальний край, край славы и чудес","ПРиВЕТ",1840,"Ч. 2",NA,"40",NA,"Кн. Д. Кропоткин","Кропоткин Дмитрий Алексеевич",1818,"после 1875","3-161",""
"346","P_820","","",NA,"","A-115","Некрасов Н.А.","Офелия","В наряде странность, безпорядок","ПРиВЕТ",1840,"Ч. 2",NA,"62",NA,"Н. Некрасов","Некрасов Николай Алексеевич",1821,"1877","4-269",""
"347","P_821","","",NA,"","A-194","Дельвиг А.А.","Русская песня","По небу","ПРиВЕТ",1840,"Ч. 2",NA,"63",NA,"Барон Дельвиг","Дельвиг Антон Антонович",1798,"1831","2-99",""
"348","P_822","","",NA,"","A-185","Писарев А.И.","Куплеты на заказной бумажник","Бумажник, хоть чужой работы","ПРиВЕТ",1840,"Ч. 2",NA,"63",NA,"А.И. Писарев","Писарев Александр Иванович",1803,"1828","4-610",""
"349","P_823","","",NA,"","A-243","Фермор Н.Ф.","Я бы хотел!","Когда в волнах зеленых потонуло","ПРиВЕТ",1840,"Ч. 2",NA,"63-64",NA,"Н. Фермор","Фермор Николай Федорович",NA,NA,NA,""
"350","P_824","","",NA,"","A-155","Менцов Ф.Н.","Ночь поэта","Тих и темен свод сапфирный","ПРиВЕТ",1840,"Ч. 2",NA,"64",NA,"Ф. Менцов","Менцов Федор Николаевич",1818,"1848","4-10",""
"351","P_825","","",NA,"","A-146","Кони Ф.А.","Сны","Люблю я в сумраке ночном","ПРиВЕТ",1840,"Ч. 2",NA,"61-62",NA,"Ф. Кони","Кони Федор Алексеевич",1809,"1879","3-56",""
"352","P_827","","",NA,"","A-172","Башилов А.А.","Зима","На обнаженные вершины","ПРиВЕТ",1840,"Ч. 2",NA,"62-63","Сельская картина","А. Башилов","Башилов Александр Александрович",1807,"1854","1-186",""
"353","P_828","","",6715,"А. В. Кольцов","A-204","Воскресенский М.И.","Русская песня","Ты не пой соловей","ПРиВЕТ",1840,"Ч. 2",NA,"63",NA,"М. Воскресенский","Воскресенский Михаил Ильич",1803,"1867","1-490",""
"354","P_829","","",NA,"",NA,NA,"Народная песня","Про тебя ль это, красна девица","ПРиВЕТ",1840,"Ч. 2",NA,"63","Подслушанная природным поэтом Парихиным",NA,NA,NA,NA,NA,""
"355","P_830","","",NA,"","A-204","Воскресенский М.И.",NA,"Вся наша жизнь колода карт","ПРиВЕТ",1840,"Ч. 2",NA,"63","Куплеты","М. Воскресенский","Воскресенский Михаил Ильич",1803,"1867","1-490",""
"356","P_831","","",NA,"","A-204","Воскресенский М.И.",NA,"Наш Клим породой очень мал","ПРиВЕТ",1840,"Ч. 2",NA,"63",NA,"М. Воскресенский","Воскресенский Михаил Ильич",1803,"1867","1-490",""
"357","P_832","","",NA,"","A-204","Воскресенский М.И.",NA,"Как зефиреткина больна","ПРиВЕТ",1840,"Ч. 2",NA,"64",NA,"М. Воскресенский","Воскресенский Михаил Ильич",1803,"1867","1-490",""
"358","P_833","","",NA,"",NA,NA,"Знаменитому писателю","Напрасно называешь","ПРиВЕТ",1840,"Ч. 2",NA,"64","Эпиграммы и четверостишия",NA,NA,NA,NA,NA,""
"359","P_834","","",NA,"",NA,NA,"Смех и слезы","Смотря комедию Дудулькин вечно плачет","ПРиВЕТ",1840,"Ч. 2",NA,"64","Эпиграммы и четверостишия",NA,NA,NA,NA,NA,""
"360","P_835","","",NA,"","A-146","Кони Ф.А.","Дурак и умный","В беседе дружеской и шумной","ПРиВЕТ",1840,"Ч. 2",NA,"64","Эпиграммы и четверостишия","Ф. Кони","Кони Федор Алексеевич",1809,"1879","3-56",""
"361","P_836","","",NA,"","A-185","Писарев А.И.","На первое представление Ромео и Юлии - Шекспира, переведенной с французского","Вот Ромео вам разбор","ПРиВЕТ",1840,"Ч. 2",NA,"64","Эпиграммы и четверостишия","А. Писарев","Писарев Александр Иванович",1803,"1828","4-610",""
"362","P_837","","",NA,"",NA,NA,"Ум и деньги","С умом богатство редко дружны","ПРиВЕТ",1840,"Ч. 2",NA,"64","Эпиграммы и четверостишия",NA,NA,NA,NA,NA,""
"363","P_838","","",NA,"","A-185","Писарев А.И.","Великий человек","Кто делать лишь добро старался целый век","ПРиВЕТ",1840,"Ч. 2",NA,"64","Эпиграммы и четверостишия","А. Писарев","Писарев Александр Иванович",1803,"1828","4-610",""
"364","P_839","","",NA,"","A-146","Кони Ф.А.","Первый и последний плач","Ты плакал, друг, на свет родясь","ПРиВЕТ",1840,"Ч. 2",NA,"64","Эпиграммы и четверостишия","Ф. Кони","Кони Федор Алексеевич",1809,"1879","3-56",""
"365","P_841","","",NA,"","A-95","Струйский Д.Ю.","Могучил","Не долго был в мире силач Могучил","ПРиВЕТ",1840,"Ч. 3",NA,"47-48","Восточное предание","Д. Струйский","Струйский Дмитрий Юрьевич",1806,"1856","-6",""
"366","P_842","","",NA,"","A-140","Грибоедов А.С.","Романс","Ах, точно ли никогда ей в персях безмятежных","ПРиВЕТ",1840,"Ч. 3",NA,"48",NA,"А.С. Грибоедов","Грибоедов Александр Сергеевич",1795,"1829","2-22",""
"367","P_843","","",NA,"","A-243","Фермор Н.Ф.","Рыцари","Во время оно, в дни турнира","ПРиВЕТ",1840,"Ч. 3",NA,"48",NA,"Н. Фермор","Фермор Николай Федорович",NA,NA,NA,""
"368","P_844","","",NA,"","A-234","Бибиков М.П.","Поэт","Поэт! не для тебя похвал рукоплесканья","ПРиВЕТ",1840,"Ч. 3",NA,"48","Из Виктора Гюго","М. Бибиков","Бибиков Матвей Павлович",1812,"1856",NA,""
"369","P_845","","",NA,"","A-146","Кони Ф.А.","Как она прекрасна!","Роза - уст, чела - лелея","ПРиВЕТ",1840,"Ч. 3",NA,"49","Песня. Подражание Беранжеру","Ф. Кони","Кони Федор Алексеевич",1809,"1879","3-56",""
"370","P_846","","",NA,"","A-115","Некрасов Н.А.","Провинциальный подъячий опять в Петербурге","Проплакали отчаянно","ПРиВЕТ",1840,"Ч. 3",NA,"49-50","Беда неминучая и радость могучая","Феклист Онуфрич Боб","Некрасов Николай Алексеевич",1821,"1877","4-269",""
"371","P_847","","",NA,"","A-155","Менцов Ф.Н.","Мир фантазии","Давно богиня песнопений","ПРиВЕТ",1840,"Ч. 3",NA,"40",NA,"Ф. Менцов","Менцов Федор Николаевич",1818,"1848","4-10",""
"372","P_848","","",NA,"","A-146","Кони Ф.А.","Я умер!","Что жизнь на свете, господа","ПРиВЕТ",1840,"Ч. 3",NA,"40-41",NA,"Федор Кони","Кони Федор Алексеевич",1809,"1879","3-56",""
"373","P_849","","",NA,"","A-244","Цыганов Н.Ф.","Русская песня","Сизокрылый голубочек","ПРиВЕТ",1840,"Ч. 3",NA,"41-42",NA,"Н. Цыганов","Цыганов Николай Федорович",1797,"1832",NA,""
"374","P_850","","",NA,"","A-234","Бибиков М.П.","Бедуин","Как вихорь степной, как самум громовой","ПРиВЕТ",1840,"Ч. 3",NA,"42","Восточный эскиз","М. Бибиков","Бибиков Матвей Павлович",1812,"1856",NA,""
"375","P_851","","",NA,"","A-184","Михайлов А.","Идеал красоты","…Тихо она низлетает, блистая одеждой","ПРиВЕТ",1840,"Ч. 3",NA,"42",NA,"А. Михайлов",NA,NA,NA,NA,""
"376","P_852","","",NA,"","A-146","Кони Ф.А.","Горе мельника","Беда мне с мельницей, хоть вовсе не мели","ПРиВЕТ",1840,"Ч. 3",NA,"42",NA,"Ф. Кони","Кони Федор Алексеевич",1809,"1879","3-56",""
"377","P_854","","",NA,"","A-77","Сушков Д.П.","Ревность","Терзается сердце, палимо желаньем","ПРиВЕТ",1840,"Ч. 3",NA,"93",NA,"Д. Сушков","Сушков Дмитрий Петрович",1817,"1894","6-156",""
"378","P_855","","",NA,"","A-115","Некрасов Н.А.","Слеза разлуки","Тих и мрачен в час печали","ПРиВЕТ",1840,"Ч. 3",NA,"93",NA,"Н. Некрасов","Некрасов Николай Алексеевич",1821,"1877","4-269",""
"379","P_856","","",NA,"","A-204","Воскресенский М.И.","Мать","Колыбель стоит пустая","ПРиВЕТ",1840,"Ч. 4",NA,"36",NA,"М. Воскресенский","Воскресенский Михаил Ильич",1803,"1867","1-490",""
"380","P_857","","",NA,"","A-146","Кони Ф.А.","Невские элегии. Ложная дружба","Предан ли тот мне душой неизменною","ПРиВЕТ",1840,"Ч. 4",NA,"36-37",NA,"Ф. Кони","Кони Федор Алексеевич",1809,"1879","3-56",""
"381","P_858","","",NA,"","A-36","Бахтурин К.А.","Песня ямщика","Аль опять","ПРиВЕТ",1840,"Ч. 4",NA,"37",NA,"К. Бахтурин","Бахтурин Константин Александрович",1807,"1841","1-185",""
"382","P_859","","",NA,"","A-115","Некрасов Н.А.","“К ней!!!!!”","Гляжу с тоской на розы я и тернии","ПРиВЕТ",1840,"Ч. 4","№ 10","37-38",NA,"Иван Грибовников","Некрасов Николай Алексеевич",1821,"1877","4-269",""
"383","P_860","","",NA,"","A-146","Кони Ф.А.","Все бьются, биты и все бьют","Обширен свет, а люди бьются","ПРиВЕТ",1840,"Ч. 4",NA,"38-39",NA,"Ф. Кони","Кони Федор Алексеевич",1809,"1879","3-56",""
"384","P_861","","",NA,"","A-77","Сушков Д.П.","Наполеону, на перенесение его праха с острова св. Елены во Францию","Исполнен он, предсмертный твой завет","ПРиВЕТ",1840,"Ч. 4",NA,"23-24",NA,"Д. Сушков","Сушков Дмитрий Петрович",1817,"1894","6-156",""
"385","P_863","","",NA,"","A-50","Якубович Л.А.","Месяц","Зачем вперил на землю очи","ПРиВЕТ",1840,"Ч. 4",NA,"24-25",NA,"Л. Якубович","Якубович Лукьян Андреевич",1805,"1839",NA,""
"386","P_864","","",NA,"","A-7","Кольцов А.В.","Красавице","Ах, чья ты дева - красота","ПРиВЕТ",1840,"Ч. 4",NA,"25",NA,"Кольцов","Кольцов Алексей Васильевич",1809,"1842","3-33",""
"387","P_865","","",NA,"","A-146","Кони Ф.А.","Песнь слепца","О, деннмарк! ты сад цветистый","ПРиВЕТ",1840,"Ч. 4",NA,"25-26","Из трагедии датского поэта Эленшлегера “Эрих и Авель”","Ф. Кони","Кони Федор Алексеевич",1809,"1879","3-56",""
"388","P_866","","",NA,"","A-115","Некрасов Н.А.","Скорбь и слезы","Мне плакать хочется… Зачем же я не плачу","ПРиВЕТ",1840,"Ч. 4",NA,"26",NA,"Н. Некрасов","Некрасов Николай Алексеевич",1821,"1877","4-269",""
"389","P_867","","",NA,"","A-157","Греков Н.П.","Заря горит","Заря горит. Пурпурными волнами","ПРиВЕТ",1840,"Ч. 4",NA,"30",NA,"Н. Греков","Греков Николай Порфирьевич",1807,"1866","2-16",""
"390","P_868","","",NA,"","A-185","Писарев А.И.","При подарке зеленого альбома","Зеленый цвет мне всех милее","ПРиВЕТ",1840,"Ч. 4",NA,"30-31",NA,"А.И. Писарев","Писарев Александр Иванович",1803,"1828","4-610",""
"391","P_869","","",NA,"",NA,NA,"Простой случай, рассказанный в стихах","Жил на свете добрый малый","ПРиВЕТ",1840,"Ч. 4",NA,"31-32",NA,"П. Федоров",NA,NA,NA,NA,""
"392","P_870","","",NA,"",NA,NA,"Нужда","Реченье дедов есть, на поученье внучам","ПРиВЕТ",1840,"Ч. 4",NA,"32",NA,"К. Гречников",NA,NA,NA,NA,""
"393","P_952","","1",12900,"Е. П. Ростопчина","A-153","Ростопчина Е.П.","Месть","Есть злая страсть, - есть чувство проклятое","Совр",1837,"Т. 7","3","47-50",NA,"Г. Е. Р.","Ростопчина (Растопчина) Евдокия Петровна",1811,"1858","5-369",""
"394","P_964","","",NA,"","A-4","Деларю М.Д.","Буря","Был древний град, в котором Тирийские выходцы жили","Совр",1837,"Т. 7",NA,"250-261","Из 1-й песни Виргилиевой Энеиды. С Латинского","М. Деларю","Деларю Михаил Данилович",1811,"1868","2-98",""
"395","P_1107","","",NA,"","A-165","Катков М.Н.","Саламанка","На бульварах Саламанки","ОЗ",1839,"Т. 4. Отд. 4",NA,"74","Из Гейне","М. Катков","Катков Михаил Никифорович",1818,"1887","2-506",""
"396","P_1108","","",NA,"","A-121","Алексеев П.Ф.","Водолаз","Удалый ли витязь иль отрок отважный","ОЗ",1839,"Т. 4. Отд. 4",NA,"75-79","Из Шиллера","Алексеев","Алексеев Петр Федорович",1813,"1870","1-47",""
"397","P_1109","","",NA,"","A-165","Катков М.Н.","Расставанье","От уст твоих - прощай - я оторвался","ОЗ",1839,"Т. 4. Отд. 4",NA,"79-80","Из Гейне","М. Катков","Катков Михаил Никифорович",1818,"1887","2-506",""
"398","P_1110","","",7624,"М. Ю. Лермонтов","A-114","Лермонтов М.Ю.","Еврейская мелодия","Душа моя мрачна. Скорей, певец, скорей","ОЗ",1839,"Т. 4. Отд. 4",NA,"80","Из Байрона","М. Лермонтов","Лермонтов Михаил Юрьевич",1814,"1841","3-329",""
"399","P_1111","","",7625,"М. Ю. Лермонтов","A-114","Лермонтов М.Ю.","В альбом","Как одинокая гробница","ОЗ",1839,"Т. 4. Отд. 4",NA,"81","Из Байрона","М. Лермонтов","Лермонтов Михаил Юрьевич",1814,"1841","3-329",""
"400","P_1112","","",6763,"А. В. Кольцов","A-7","Кольцов А.В.","Путь","Путь широкий давно","ОЗ",1839,"Т. 4. Отд. 4",NA,"81-82",NA,"А. Кольцов","Кольцов Алексей Васильевич",1809,"1842","3-33",""
"401","P_1113","","",NA,"","A-226","Аксаков К.С.","Песнь Маргариты","Ах склони","ОЗ",1839,"Т. 4. Отд. 4",NA,"82-83","Из Фауста Гете","К. Аксаков","Аксаков Константин Сергеевич",1817,"1860","1-32",""
"402","P_1114","","",NA,"","A-50","Якубович Л.А.","Герой","О, дайте саблю мне! я не хочу покоя","ОЗ",1839,"Т. 4. Отд. 4",NA,"140",NA,"Л. Якубович","Якубович Лукьян Андреевич",1805,"1839",NA,""
"403","P_1117","","",NA,"","A-165","Катков М.Н.","Мой милый в мир пошел им любоваться","Мой милый в мир пошел им любоваться","ОЗ",1839,"Т. 4. Отд. 4",NA,"207-208","Из Рюкерта","М. Катков","Катков Михаил Никифорович",1818,"1887","2-506",""
"404","P_1118","","",NA,"","A-241","Вуич Н.Е.","Юг","Благославенный край; где небо голубое","ОЗ",1839,"Т. 4. Отд. 4",NA,"208",NA,"Николай Вуич","Вуич Николай Егорович",1814,"1860",NA,""
"405","P_1119","","",NA,"","A-165","Катков М.Н.","Страдание в удел ты получила","Страдание в удел ты получила","ОЗ",1839,"Т. 4. Отд. 4",NA,"209","Вольный перевод из Гейне","М. Катков","Катков Михаил Никифорович",1818,"1887","2-506",""
"406","P_1120","","",1148,"Д. П. Ознобишин","A-160","Ознобишин Д.П.","Вазантазена","Остановись, Вазантазена","ОЗ",1839,"Т. 4. Отд. 4",NA,"209-210",NA,"Ознобишин","Ознобишин Дмитрий Петрович",1804,"1877","4-411",""
"407","P_1121","","",NA,"","A-226","Аксаков К.С.","Из Фауста","С мирами солнце съединяет","ОЗ",1839,"Т. 4. Отд. 4",NA,"241-242",NA,"К. Аксаков","Аксаков Константин Сергеевич",1817,"1860","1-32",""
"408","P_1129","","",NA,"",NA,NA,"Русские песни",NA,"ОЗ",1839,"Т. 5. Отд. 3",NA,NA,NA,"П.М. Языков (доставлены)",NA,NA,NA,NA,""
"409","P_1148","c","1",12652,"А. С. Пушкин","A-11","Пушкин А.С.","А.Д. Б…ской","Когда-то, помню, с умиленьем","ОЗ",1840,"Т. 8. Отд. 3",NA,"1",NA,"А. Пушкин","Пушкин Александр Сергеевич",1799,"1837","5",""
"410","P_1149","1","1",NA,"","A-41","Глинка Ф.Н.","Покаяние и воззрение","Я вижу Бога пред собою","ОЗ",1840,"Т. 8. Отд. 3",NA,"30-32",NA,"Ф. Глинка","Глинка Федор Николаевич",1786,"1880","1-578",""
"411","P_1150","1","1",NA,"","A-165","Катков М.Н.","Гренадиры","Обратно во Францию шли гренадиры","ОЗ",1840,"Т. 8. Отд. 3",NA,"32-33",NA,"М. Катков","Катков Михаил Никифорович",1818,"1887","2-506",""
"412","P_1151","1","",6767,"А. В. Кольцов",NA,NA,"Хуторок","За рекой, на горе","ОЗ",1840,"Т. 8. Отд. 3",NA,"82-84",NA,NA,NA,NA,NA,NA,""
"413","P_1152","1","",NA,"","A-208","Клюшников И.П.","Песнь инвалида","Был у нас в былые годы","ОЗ",1840,"Т. 8. Отд. 3",NA,"84-85",NA,"- Ф -","Клюшников Иван Петрович",1811,"1895","2-564",""
"414","P_1154","1","1",NA,"","A-208","Клюшников И.П.","Собирателям моих элегий","Я не поэт! Страстей могучих лава","ОЗ",1840,"Т. 8. Отд. 3",NA,"141",NA,"- Ф -","Клюшников Иван Петрович",1811,"1895","2-564",""
"415","P_1155","1","1",NA,"","A-7","Кольцов А.В.","Умолкший поэт","С душою могучей","ОЗ",1840,"Т. 8. Отд. 3",NA,"142-143",NA,"А. Кольцов","Кольцов Алексей Васильевич",1809,"1842","3-33",""
"416","P_1156","1","1",11763,"А. И. Полежаев","A-26","Полежаев А.И.","Узник","За решеткою, в четырех стенах","ОЗ",1840,"Т. 8. Отд. 3",NA,"155-156",NA,"А. Полежаев","Полежаев Александр Иванович",1804,"1838","5-40",""
"417","P_1157","1","1",NA,"","A-208","Клюшников И.П.","Поэзия","Знаете ль ее? Она","ОЗ",1840,"Т. 8. Отд. 3",NA,"156","П.П.К.","- Ф -","Клюшников Иван Петрович",1811,"1895","2-564",""
"418","P_1215","c","",NA,"","A-114","Лермонтов М.Ю.","Ребенку","О грезах юности томим воспоминаньем","ОЗ",1840,"Т. 12. Отд. 3",NA,"1-2",NA,"М. Лермонтов","Лермонтов Михаил Юрьевич",1814,"1841","3-329",""
"419","P_1216","","",NA,"","A-208","Клюшников И.П.","Песня","Мне уж скоро тридцать лет","ОЗ",1840,"Т. 12. Отд. 3",NA,"2",NA,"- Ф -","Клюшников Иван Петрович",1811,"1895","2-564",""
"420","P_1217","","",NA,"","A-219","Огарев Н.П.","Деревенский сторож","Ночь темна; на небе тучи","ОЗ",1840,"Т. 12. Отд. 3",NA,"225",NA,"И. Огарев","Огарев Николай Платонович",1813,"1877","4-382",""
"421","P_1218","","",NA,"","A-259","Полонский Я.П.","* * *","Священный благовест торжественно звучит","ОЗ",1840,"Т. 12. Отд. 3",NA,"225-226",NA,"Я. Полонский","Полонский Яков Петрович",1819,"1898","5-53",""
"422","P_1219","","",NA,"","A-226","Аксаков К.С.","Из Гейне","Как луна лучом пронзает","ОЗ",1840,"Т. 12. Отд. 3",NA,"226",NA,"К. Аксаков","Аксаков Константин Сергеевич",1817,"1860","1-32",""
"423","P_1220","","",NA,"","A-253","Шевырев С.П.","Мадонна","Мадонна грустная крестом сложила руки","ОЗ",1840,"Т. 12. Отд. 3",NA,"227",NA,"С. Шевырев","Шевырев Степан Петрович",1806,"1864","-6",""
"424","P_1221","","",NA,"","A-147","Струговщиков А.Н.","Аполлон и Гермес","С светлым властителем Делоса спорил неистовый Гермес","ОЗ",1840,"Т. 12. Отд. 3",NA,"227","Подражание древним, из Гете","А. Струговщиков","Струговщиков Александр Николаевич",1808,"1879","6-96",""
"425","P_1222","","",NA,"","A-152","Красов В.И.","Бабушка","Много езжу я по свету","ОЗ",1840,"Т. 12. Отд. 3",NA,"228",NA,"В. Красов","Красов Василий Иванович",1810,"1854","3-137",""
"426","P_1223","","",12651,"А. С. Пушкин","A-11","Пушкин А.С.","В альбом","В тревоге пестрой и бесплодной","ОЗ",1840,"Т. 12. Отд. 3",NA,"229",NA,"А. Пушкин","Пушкин Александр Сергеевич",1799,"1837","5",""
"427","P_1224","","",NA,"","A-114","Лермонтов М.Ю.","А.О. Смирновой","Без вас хочу сказать вам много","ОЗ",1840,"Т. 12. Отд. 3",NA,"229",NA,"М. Лермонтов","Лермонтов Михаил Юрьевич",1814,"1841","3-329",""
"428","P_1225","","",NA,"","A-152","Красов В.И.","Элегия","При сильных страданьях, при едкой печали","ОЗ",1840,"Т. 12. Отд. 3",NA,"230",NA,"В. Красов","Красов Василий Иванович",1810,"1854","3-137",""
"429","P_1226","","",NA,"","A-208","Клюшников И.П.","Жизнь","Дар мгновенный, дар прекрасный","ОЗ",1840,"Т. 12. Отд. 3",NA,"230",NA,"- Ф -","Клюшников Иван Петрович",1811,"1895","2-564",""
"430","P_1227","","",NA,"","A-147","Струговщиков А.Н.","Утро художника","Как отвратительно-гадка","ОЗ",1840,"Т. 12. Отд. 3",NA,"246-247","Из Гете","А. Струговщиков","Струговщиков Александр Николаевич",1808,"1879","6-96",""
"431","P_1228","","",NA,"","A-157","Греков Н.П.","Романс","Когда тоска на душу мне заляжет","ОЗ",1840,"Т. 12. Отд. 3",NA,"248",NA,"Н. Греков","Греков Николай Порфирьевич",1807,"1866","2-16",""
"432","P_1229","","",NA,"","A-208","Клюшников И.П.","Меланхолик","Я помню детство: в радужных лучах","ОЗ",1840,"Т. 12. Отд. 3",NA,"248",NA,"- Ф -","Клюшников Иван Петрович",1811,"1895","2-564",""
"433","P_1230","","",NA,"","A-7","Кольцов А.В.","Перепутье","До чего ты, моя молодость","ОЗ",1840,"Т. 12. Отд. 3",NA,"313",NA,"А. Кольцов","Кольцов Алексей Васильевич",1809,"1842","3-33",""
"434","P_1231","","",NA,"","A-165","Катков М.Н.","Кубок и вино","За кубки, - и вниманье","ОЗ",1840,"Т. 12. Отд. 3",NA,"314-315","Из Рюкерта","М. Катков","Катков Михаил Никифорович",1818,"1887","2-506",""
"435","P_1404","","",NA,"",NA,NA,"Энрико и Фиаметта","Ночь легла на поля","ЛПРИ",1835,"Ч. 20","102-103","820-823","Баллада","Брюммер",NA,NA,NA,NA,""
"436","P_1422","","",NA,"",NA,NA,"Курган Марили","На бреге Немана, где ручеек игривый","ЛПРИ",1836,"Ч. 21","11-12","94-96",NA,"Юрий Познанский",NA,NA,NA,NA,""
"437","P_1482","","",NA,"",NA,NA,"Лекарь-воин","Губилин, славный врач, морил людей ужасно","ЛПРИ",1836,"Ч. 23","62","496",NA,NA,NA,NA,NA,NA,""
"438","P_1483","","",NA,"",NA,NA,"Шарада","Перед глаголом став, слог первый мой","ЛПРИ",1836,"Ч. 23","62","496",NA,NA,NA,NA,NA,NA,""
"439","P_1552","","1",1411,"Н. В. Кукольник","A-162","Кукольник Н.В.","К П…","В саду в окне, в театре и карете","ЛПРИ",1837,NA,"30","289",NA,"Н. Кукольник","Кукольник Нестор Васильевич",1809,"1868","3-212",""
"440","P_1555","","1",1459,"Е. Бернет","A-37","Бернет Е.","Призрак","Если в храм родительской деревни","ЛПРИ",1837,NA,"31","299",NA,"Е. Бернет","Бернет Е.",1810,"1864","1-250",""
"441","P_1586","","1",NA,"",NA,NA,"К поэтам","Откройте мне тайну, пророки веков","ЛПРИ",1837,NA,"52","509",NA,"М. Чистяков",NA,NA,NA,NA,""
"442","P_1650","","P_125",NA,"","A-113","Козлов И.И.","Выбор","У девы милой и прелестной","ЛПРИ",1838,NA,"33","644","Фантазия. К. П.Г. Гагарину","Ив. Козлов","Козлов Иван Иванович",1779,"1840","3-5",""
"443","P_1659","","",NA,"","A-51","Стромилов С.И.","Ария Селтанеты","Днем и полночью глубокой","ЛПРИ",1838,NA,"39","767","Из оперы “Аммалат-Бек”","С. Стромилов","Стромилов Семен Иванович",1810,"после 1862","-6",""
"444","P_1660","","",NA,"","A-51","Стромилов С.И.","Песня Селтанеты","Оставь гяуров; их объяться","ЛПРИ",1838,NA,"39","767","Из оперы “Аммалат-Бек”","С. Стромилов","Стромилов Семен Иванович",1810,"после 1862","-6",""
"445","P_1710","","",NA,"",NA,NA,"Вечер на горе","Высоко, высоко, сбросив бремя оков","ЛПРИ",1839,"Т. 1","22","462-463",NA,NA,NA,NA,NA,NA,""
