A_ID	RP	author	author_full_name	gender	birth	death	cities_in_1830	aristocracy	stratum	comments	pseudos	links	col_ids	col_is_first_poetry_col
A-285		А. Ф. Ф.								unknown				
A-1		А. Я-в		m						unknown			COL_1	
A-88		Абрамовский С.	Абрамовский Степан	m						unknown			COL_88	
A-161	1-26	Айбулат К.М.	Айбулат (Айбулат-Розен) Константин Михайлович	m	1817	1865	"Харьков; СПб."	1		в 1839 переехал в СПб., был в кругу Краевского и Плетнева				
A-226	1-32	Аксаков К.С.	Аксаков Константин Сергеевич	m	1817	1860	М.	1	дворянин	"учился на словесн. отд. МУ (1832-35); входил в кружок Станкевича;"				
A-60	1-43	Аладьина Е.В.	Аладьина Елизавета Васильевна	f	1810	после 1867	СПб.	0	дочь бедного чиновника	"fem; жена Е.В. Аладьина (изд. Невский альманах); дочь бедного чиновника, восп. в Инст. благор. девиц"	"Ел. Ал.; — А — А "		COL_60	1
A-193		Александров Б.		m						unknown				
A-121	1-47	Алексеев П.Ф.	Алексеев Петр Федорович	m	1813	1870	Депрт	0		"1834-38 учился на словесном отд. Дерпт. ун-та; начал печ. в конце 40-х"			COL_190	1
A-273	1-47	Алипанов Е.И.	Алипанов Егор Ипатьевич	m	1800	1856		0	крепостной	"поэт-самоучка; сб. 1830"				
A-286		Ан-в		m										
A-89		Андроников Н.		m						unknown			COL_89	
A-75	1-77	Анисимова Д.А.	Анисимова (Онисимова) Домна Анисимовна	f	1812	1868	с. Дегтяное Спасского у. Рязан. губ.	0	из семьи пономаря	"сб. отпечатан Рос. акад; затем печаталсь в журналах; интерес к ней угас уже в 40-х; поэзия — соедин. элементов одич. стиля с напевностью нар.-песенной лирики"			COL_76	1
A-109	5-43	Анордист Н.	Радостин Николай Козмич	m	1811	после 1881	М.	0	сын священника			[Рейтблат 2001: 82-97]	COL_124	1
A-20		Аполлон де ***		m						unknown			COL_19	
A-191	1-124	Афанасьев-Чужбинский А.С.	Афанасьев-Чужбинский Александр Степанович	m	1817	1875		1	дворянин	"учился в Нежинск. гимназии; дебютировал со стих. “Кольцо” в Совр.1838"				
A-278		Афанасьева А.	Афанасьева Авдотья	f						unknown				
A-84	1-142	Бакунин И.М.	Бакунин Илья Модестович	m	1800	1841				участвовал во взятии Варшавы в 1831			COL_168	1
A-171		Банников А.		m						unknown				
A-240		Банников Н.		m						unknown				
A-86		Барановский В.		m						unknown			COL_217	
A-2	1-158	Баратынский Е.А.	Баратынский Евгений Абрамович	m	1800	1844	М.	1	дворянин	первый ряд			COL_2	0
A-272	1-173	Баталин Н.В.	Баталин Николай Васильевич	m	1803	1860	Воронеж	0	из обер-офиц. детей	"1835-1839 гг. преподавал в Винницкой г-зии; в 1833-34 сотрудн. в Заволжском мур.; 1832-33 ЛПРИ, в 1841 в Москвитянине как корр. из Воронежа"				
A-36	1-185	Бахтурин К.А.	Бахтурин Константин Александрович	m	1807	1841	СПб.	1	дворянин	"в нач. 30-х в кружке Пассека, Огарева, Сатина; талант к импровиз.; в 33 переезж. в СПб., сближ. с Ершовым и Бенедиктовым"			COL_42	0
A-172	1-186	Башилов А.А.	Башилов Александр Александрович	m	1807	1854		1	дворянин	"дебютировал в 1820-х;"				
A-134		Башкатов А.	Башкатов Алексей Васильевич	m						unknown			COL_169	
A-173	1-189	Башуцкий А.П.	Башуцкий Александр Павлович	m	1803	1876	СПб.	1	дворянин	"Автор ""физиологических"" очерков"				
A-217	1-201	Бек И.А.	Бек Иван Александровия	m	1807	1842		1	дворянин	"был близок с А.И. Тургеневым и Козловым; начал публиковаться в сер. 30-х"				
A-287	1-233	Бём А.	Бём Андрей	m	ок. 1758	после 1835	СПб.	0		"поэт-самоучка, нем. происхожд; ослеп в возр. ок. 70 лет"				
A-18	1-233	Бенедиктов В.Г.	Бенедиктов Владимир Григорьевич	m	1807	1873	СПб.	1	дворянин	"входит в лит-ру благодаря салону Карлгофов; изд. 1835 издано Карлгофом с его предисл.; наиболее активен в 1835-1838; довел до крайности романтич. стиль, новообразования в языке"			COL_200	1
A-288	1-236	Беницкий Н.Ф.	Беницкий Николай Францевич	m	1804	1852	"Ревель; Вышний Волочок"	1	дворянин	"окончил МУ (1825); педагог; баснописец; сб. ""Басни и параболы"" (Ревель, 1830)"				
A-37	1-250	Бернет Е.	Жуковский Александр Кириллович	m	1810	1864	СПб.	1	дворянин	"Жуковский Александр Кириллович; сослуживец Бенедиктова; салон Карлгофов"			COL_43	1
A-61	1-253	Бестужев А.А. (Марлинский)	Бестужев Александр Александрович	m	1797	1837		1	дворянин	в сер. 30-х на Кавказе, ведет переписку с НА Полевым	Марлинский		COL_62	0
A-234	1-265	Бибиков М.П.	Бибиков Матвей Павлович	m	1812	1856		1	дворянин	"словесн. отд. МУ (1830-1835); был знаком со Стромиловым; РП: ""Впервые выступил в печати в 1841: ст. ""Театр в Саратове"" (""Пантеон"", №1)""."		http://az.lib.ru/b/bibikow_m_p/text_1911_bio.shtml		
A-90	1-267	Билевич Н.И.	Билевич Николай Иванович	m	1812	1860		1	дворянин	прозаик	Николай Кунацкий		COL_90	
A-174	1-270	Бистром А.	Бистром Александр	m						"unknown; сведений не сохр.; дебютировал в сер. 1820-х, сборника не было"				
A-62	1-294	Бобылев Н.И.	Бобылев Николай Иванович	m	1819	1865	"М.; СПб."	1	дворянин	"детство и юность провел в Сибири (Нерчинск); учился в МУ, курса не кончил; дома устраивал “субботы”, на кот. собирались напр. Кони и АГ Ротчев"			"COL_63; COL_201"	1
A-91		Богданов Н.	Богданов Николай	m						unknown			COL_91	
A-38	1-317	Бороздна И.П.	Бороздна Иван Петрович	m	1804	1858	"М.; с. Медвёдов"	1	дворянин	"дебют в 1820-х; сб “Опыты в стихах” (М., 1828); “Лира Ивана Бороздны” (М., 1834)"			COL_44	0
A-175	1-342	Булгаков А.И.	Булгаков Александр Иванович	m	1814	1836		1	дворянин	водевилист				
A-39	1-378	Бутырский Н.И.	Бутырский Никита Иванович	m	1783	1848	СПб.	0	духовного зв.	"1814-25 обучал рос. словесн. в Пажеском корп.; с 1826 утв. ординарн. проф. Петерб. ун-та; вел переписку с Шишковым, приверженец чистого классицизма"			COL_45	0
A-195		Бухарин		m						unknown				
A-40		Быстроглазов А.	Быстроглазов А.	m						"unknown; возможно, упомин. в дневнике Никитенко, но нужно искать там"		https://imwerden.de/pdf/nikitenko_dnevnik_tom1_1826-1857_1955_text.pdf	COL_46	
A-129		Васильев М.	Васильев Мартын	m						unknown			COL_216	
A-224	1-403	Великопольский И.Е.	Великопольский Иван Ермолаевич	m	1797	1868	М.	1	дворянин	"дебютировал в Благонамер. в 1819; в 30-е писал трагедии (в стихах)"	Ивельев			
A-176	1-405	Вельтман А.Ф.	Вельтман Александр Фомич	m	1800	1870		1	дворянин					
A-3		Венгер Н.	Венгер Николай	m			Одесса			украинский прозаик			COL_3	1
A-141		Венедиктов М.		m						unknown				
A-63	1-421	Вердеревский А.	Вердеревский Александр	m				0	купец?	хотя есть статья в РП, в целом сведений о нем не сохранилось, кроме публикаций			COL_64	
A-130	1-422	Веревкин Н.Н.	Веревкин Николай Николаевич	m	1813	1838	СПб.	1	дворянин	сотрудничал в БдЧ и печатался в Совр.	Рахманный			
A-57	1-423	Веревкин Н.Ф.	Веревкин Николай Федорович	m	1800	после 1837		1	дворянин	"поэт-дилетант; участник разных военн. компаний; автор изначальн. варианта песни “Любо, братцы, любо…”"			COL_154	1
A-64	1-145	Веронов	Баласогло Александр Пантелеймонович	m	1813	1893	СПб.	1	сын офицера флота	"в 1834-35 посещал вольнослушателем Петерб. ун-т;"	Веронов		COL_65	
A-216		Виноградский Н.И.		m			Томск			unknown	Заангарский Сибиряк	см.: Дмитриенко Н.М. Первый томский краевед и журналист // сибирская старина: краеведческий альманах. томск: изд-во том. ун–та, 2005. с. 47–48.		
A-65	1-450	Владиславлев В.А.	Владиславлев Владимир Андреевич	m	1806	1856	СПб.	1	дворянин	"дата рожд., возм., 1808; окончил ист.-филол. ф-т Петерб. ун-та; участв. в польск. камп.; был адъютантом нач. штаба корп. жандармов Дубельта; альманах составлял при поддержке Бенкендорфа; делец с лит. вкусом"			COL_66	izd
A-85	1-463	Волков А.А.	Волков Александр Абрамович	m	1788	до 1845		1		"чл. ОЛРС при МУ с 1823; почитатель ИИ Дмитриева; классик-архаист"			COL_175	0
A-248	1-466	Волков П.Г.	Волков Платон Григорьевич	m	1799	1850	"Вологда; СПб."	1	дворянин	"дебют в 1820-х в Благонамер.; сотрудницал в БдЧ, был помощником Сенковск, поддерживал связи с кругом Кукольника"				
A-227	1-468	Волконская З.А.	Волконская Зинаида Александровна (урожд. княжна Белосельская-Белозерская)	f	1789	1862		1		"fem; начала публиковаться в сер. 30-х гг.; жила в Италии с 1829 (поездки в Россию — 1836, 1840)"				
A-204	1-490	Воскресенский М.И.	Воскресенский Михаил Ильич	m	1803	1867		0	сын священника	"""московские альманашники"""		[Рейтблат 2001: 82-97]		
A-241	1-498	Вуич Н.Е.	Вуич Николай Егорович	m	1814	1860	Вологда	1	дворянин	"участвовал в подавлении польск. восст. 1830-31; там сблиз. с В.И. Соколовским; входил в группу Вологодских литераторов"				
A-150	1-501	Вяземский П.А.	Вяземский Петр Андреевич	m	1792	1878	СПб.	1	князь					
A-260		Галанин И.Д.	Галанин Иван Дмитриевич	m		1874				"Масанов: библиограф; упом. в РП в статье о Воейкове как “ставший известным” в 1830х гг.; в 1840-х будет сотрудником ЖМНП, позднее библиограф"		https://ru.wikisource.org/wiki/РБС/ВТ/Галанин,_Иван_Дмитриевич		
A-13	1-536	Геевский С.Л.	Геевский Степан Лукич	m	1813	1862	Харьков	1	дворянин	"Харьковский ун-т; Масанов: ЛН.1937.31-32.794; Павловский 44; написал автобиографию (ссылка в РП)"			COL_13	1
A-177	1-572	Глебов А.Н.	Глебов Александр Николаевич	m	1803	после 1852		1	дворянин	"учился в Моск. ун. благ. пансионе с И.П. Бороздной; печататься начал в сер. 1820х"				
A-189	1-573	Глинка А.П.	Глинка Авдотья Павловна	m	1795	1863		1	дворянка	"fem; жена Ф.Н. Глинки; перв. выступл. в печ. в 1831"				
A-251	1-576	Глинка С.Н.	Глинка Сергей Николаевич	m	1776	1847		1	дворянин					
A-41	1-578	Глинка Ф.Н.	Глинка Федор Николаевич	m	1786	1880	М.	1	дворянин	в 1830е сближ. с Аксаковыми, АС Хомяковым, Погодиным, Шевыревым			COL_47	0
A-108	1-583	Глухарев И.Н.	Глухарев Иван Никитич	m	1809	после 1840		0	не из дворян	"представитель массовой лит-ры 1830х гг.; учился в МУ, курса не окончил; писал историч. романы, издавал альманахи"		[Рейтблат 2001: 82-97]	COL_228	
A-145		Гогниев И.Е.	Гогниев Иван	m	1806	1883		0		"драматург (Альтшуллер); о нем что-то изв. в связи с Некрасовым; ненадежный источник дает даты жизни 1806-1883"				
A-215		Годовниченкова Е.	Годовниченкова Евпраксия	m						"unknown; fem"		упомин. тут: https://www.elibrary.ru/item.asp?id=24350310		
A-228	1-607	Голицын М.Г.	Голицын Михаил Григорьевич	m	1808	1868		1	князь	поэт-эпигон				
A-205		Головачев Г.		m						unknown				
A-209	1-641	Городчанинов Г.Н.	Городчанинов Григорий Николаевич	m	1772	1853		0	купец	"Казанский ун-т; 1816-29 декан словесн. и нравств-полит. отд."				
A-92	1-644	Горчаков В.Н.	Горчаков Владислав Николаевич	m	1822	после 1853		1	из семьи отставного капитана	"поэт-дилетант; сб. посв. И.И. Срезневскому, есть неск. опытов фольклорн. стилизаций"			COL_91	1
A-178	2-10	Градцев А.	Градцев Александр Федорович	m						"биогр. сведений не сохр., в 1842 изд. сб. “Цветы муз”; с нач. 1840-х — сотрудник Маяка"				
A-163	2-13	Гребенка Е.П.	Гребенка Евгений Павлович	m	1812	1848	СПб.	1	дворянин	"учился в Нежинской г-зии; в Петерб. посещал салоны Одоевского и Плетнева; принимал у себя литераторов (втч Кукольника, Бенедиктова, Белинского); был пропагандистом укр. лит-ры; поэзия — романтическая, на укр. более оригинальн."				
A-157	2-16	Греков Н.П.	Греков Николай Порфирьевич	m	1807	1866		1	сын поручика	"друг Ф.Н. Кони, дебютировал в 1825; систематических печататься начал уже в сер. 30-х; сб. вышел только в 1860"				
A-271	2-17	Грен А.Е.	Грен Александр Евгеньевич	m	1806	1869		1	дворянин					
A-42		Грен Н.	Грен Николай	m						unknown, возможно, брат А.Е. Грена (РП.2-17)			COL_42	
A-140	2-22	Грибоедов А.С.	Грибоедов Александр Сергеевич	m	1795	1829		1						
A-52		Громов И.	Громов И.	m						unknown		упом. в кн. Жирмунского “Пушкин и Байрон” (1 цитата, с. 317) https://imwerden.de/pdf/zhirmunsky_bayron_i_pushkin_1978__ocr.pdf	COL_148	
A-166	2-48	Грот Я.К.	Грот Яков Карлович	m	1812	1893		1	дворянин	"оконч. Царскосельск. лицей; переводил со шведск."				
A-159	2-52	Губер Э.И.	Губер Эдуард Иванович	m	1814	1847	СПб.	0	сын лютеранск. пастера	"родн. язык — немецкий, переводил с него Фауста; овлад. русским начал в 1823; дебют в печ. в 1831; в конце 30-х сошелся с Кукольником; подготовил сборник в 1835, по неизв. причинам он не был издан; вып. сб. только в 1845 ; в 1840 заведовал отд. Критики и Лит.летоп. в БдЧ"				
A-110	2-68	Давыдов Д.В.	Давыдов Денис Васильевич	m	1784	1839		1	дворянин	единств. прижизненный сборник “Стихотворения Д.В. Давыдова” вышел в 1832			COL_126	0
A-111	2-86	Данков И.И.	Данков Иван Иванович	m	1811	1844	М.	1	из шляхтичей	"учился в МУ; “типичный представитель низовой лит-ры … созд. с целью заработка разночинными студентами МУ и Моск. мед-хирург. акад.”; соч. имели успех у низовых читателей"			"COL_184; COL_185"	1
A-235	2-87	Даргомыжская М.Б.	Даргомыжская Мария Борисовна (урожд. княжна Козловская)	f	1788	1851		1	дворянка	"fem; близка поэтам ВОЛСНХ (они были участниками дом. кружка Даргомыжских); активно публиковалась в 1820-х; вводит в поэзию бытовые мотивы, нечетк. разделение между печатным/рукописным"				
A-4	2-98	Деларю М.Д.	Деларю Михаил Данилович	m	1811	1868	"СПб.; Одесса"	1	дворянин	"второй ряд; пушкин; кружок Фукс; одесский альманах"			COL_4	0
A-194	2-99	Дельвиг А.А.	Дельвиг Антон Антонович	m	1798	1831		1	барон					
A-66	2-105	Демидов М.А.	Демидов Михаил Александрович	m	1817	1841		1	дворянин	"в 1831 зачислен в Пажеский корп.; друг поэта Баталина; в 37-40 служил в Лубенском гусарском полку, прослав. как полковой поэт; перв. книгу выпустил в 1832 (в 14 лет)"			COL_67	0
A-80	2-122	Дмитриев И.И.	Дмитриев Иван Иванович	m	1760	1837	М.	1	дворянин	в 1830-х стихов не писал			COL_160	0
A-289		Дмитриевский М.И.		m						unknown				
A-179		Добровольский А.		m						unknown				
A-67		Доброхотов Ф.	Доброхотов Феофил	m						"unknown; упомин. в: Заборов П.Р. Русская литература и Вольтер. Л., 1978. С. 222"				
A-68	2-147	Долгоруков А.В.	Долгоруков Алексей Владимирович	m	1813	после 1869	"Харьков; СПб."	1	князь	"литератор-дилетант; слушал мед. лекции в Харьков. ун-те; с 1839 служил в Петерб.; гипнотизер"	Алексей Москвитянин		COL_69	1
A-112	2-147	Долгоруков А.И.	Долгоруков Александр Иванович	m	1793	1868		1	дворянин	"учился в Пажеском корпусе (1803-1810) и Геттинген. ун-те (1806-1808); много путешествовал по Европе; ориент. на легкоую поэзию нач. 19 в."			COL_129	1
A-213	2-158	Дорохов Р.И.	Дорохов Руфин Иванович	m	1801	1852		1	дворянин	"поэт-дилетант; учился в Харьк. ун-те; опубл. перв. стихотв. в Украинск. журн. (1825); в 1840 познаком. с Лермонтовым"				
A-258	2-180	Драгоманов Я.А.	Драгоманов Яков Акимович	m	1801	1840	СПб.	1	дворянин	"сотр. в изд. Бестужева-Рюмина; переводил с нем."				
A-249	2-192	Дубровский П.П.	Дубровский Петр Павлович	m	1812	1882		0	из обер-офиц. детей	"учился в Нежинск. гимназии (1825-28), в 1831 пересел. в М., посещал лекции в МУ; был дружен с Н.Ф. Павловым; дебют в печ. 1832; знал и переводил с польск."				
A-43	2-206	Дьячков С.П.	Дьячков Семен Петрович	m	1809	1844	СПб.	0	духовного зв.	"автор стихотв. соч. для низовой аудитории; учился в МУ, затем в Каз. ун-те; критика ставила его в один ряд с лубочными авт."			COL_49	0
A-143	2-239	Ершов П.П.	Ершов Петр Павлович	m	1815	1869	"СПб.; Тобольск"	0	разночинец	"в 1834 окончил Петерб. ун-т; пытался стать проф. литератором, много общался с др., в тч. Жуковским, Бенедиктовым; летом 36 уехал в Тобольск"				
A-236	2-277	Жукова М.С.	Жукова Мария Семеновна (урожд. Зевакина)	f	1805	1855		1	дворянка	"fem; известна как прозаик (Вечера на Карповке. СПб., 1837-38); “зарабатывала на жизнь литературным трудом” (!)"				
A-19	2-278	Жуковский В.А.	Жуковский Василий Андреевич	m	1783	1852		1	дворянин	первый ряд			COL_212	0
A-180		Заморейцев А.		m						unknown				
A-210		Засядко Д.		m						unknown				
A-5	2-339	Зилов А.М.	Зилов Алексей Михайлович	m	1798	1865		1	дворянин	"дилетант; масон; моралист; басни"			"COL_5; COL_22; COL_182"	1
A-196		Зубов В.		m						unknown				
A-230	2-364	Ибрагимов Л.Н.	Ибрагимов Лев Николаевич	m	1816	после 1867	Казань	1	дворянин	"дебютировал в “Заволжском муравье” в 1832; учился в Каз. ун-те; посещал лит. вечера А.А.Фукс; сб. стихотв. вышел в Казани в 1841; интересовался фольклором, рус. песни и тп."				
A-197		Ивельев В.		m						unknown				
A-93	2-405	Измайлов А.Е.	Измайлов Александр Ефимович	m	1779	1831		1	дворянин	поэт-сатирик			COL_95	0
A-182	2-469	Карамзин А.Н.	Карамзин Александр Николаевич	m	1815	1888		1	дворянин	"поэт-дилетант; учился в Дерпт. ун-те;"	А. Лаголов			
A-69	2-483	Карелин И.М.	Карелин Илья Марьянович	m	1823		М.	0	из обер-офиц. детей	"в 1839 поступил на юр. ф-т МУ (не оконч.); в 40х сблизился с кружком А.А. Григорьева"	И-я К		COL_70	1
A-246		Карлино Н.	Карлино Николай	m						unknown				
A-94		Карманов Г.		m						unknown			COL_96	
A-156		Касторский Н.		m						"unknown; переводил с сербского (СО.1840)"				
A-151	2-503	Катенин П.А.	Катенин Павел Александрович	m	1792	1853		1	дворянин	во второй половине 30-х находился в “литературной изоляции”				
A-165	2-506	Катков М.Н.	Катков Михаил Никифорович	m	1818	1887	"М.; СПб."	1	дворянин	"учился в МУ (1834-38) на словесн. отд. (окончил с отл.); в 1837 примкнул к кружку Станкевича, гегельянец; в 1839 переехал в СПб.; давал уроки Сарре Толстой; в сер. 1840 расходится с Белинским и ссорится с М.А. Бакуниным"				
A-44		Кашаев В.	Кашаев Виктор	m						unknown			COL_50	
A-22	2-521	Кашкин Д.Е.	Кашкин Дмитрий Евгеньевич	m	1771	1843		0	сын чиновника	"переводчик; стихотворец; автор Александриады?; в статье РП (Рогов) сб. стихотв. не упом."			COL_23	
A-225		Киселева		f						"fem; unknown; Масанов: “Киселева — сотр. журн. БдЧ. Псевд. К-с-л-ва”; источник Масанова: Голицын 143"	К-с-л-ва	стихотворение “Мрачно в поле, ветер воет” приписывалось Лермонтову, есть рукопись: http://lermontov-slovar.ru/pdf/libs/01-Literaturnye_proizvedenija_M.JU._Lermontova_v_avtografax_i_spiskax/09-Literaturnye_proizvedenija,_pripisyvaemye_M.JU._Lermontovu.pdf		
A-208	2-564	Клюшников И.П.	Клюшников Иван Петрович	m	1811	1895		1	дворянин	"учился на словесн. отд. МУ (1828-1832); в 1830 или 31 сблиз. со Станкевичем; писал стихи с 1838"				
A-6		Кожухов Н.		m						unknown			COL_6	
A-113	3-5	Козлов И.И.	Козлов Иван Иванович	m	1779	1840	СПб.	1	дворянин				COL_130	0
A-7	3-33	Кольцов А.В.	Кольцов Алексей Васильевич	m	1809	1842	"Воронеж; СПб.; М."	0	купец	первый ряд			COL_7	1
A-146	3-56	Кони Ф.А.	Кони Федор Алексеевич	m	1809	1879	СПб.	0	мещанин	"драматург; в поэзии “эпигон романтизма”"				
A-250	3-88	Корсаков П.А.	Корсаков Петр Александрович	m	1790	1844		1	дворянин	"чл.-сотр. Беседы; был принят у Шишкова, Державина, Загоскина; в 1835 поступил цензором в Петерб. ценз. ком.; переводчик Катса, Гюго и др."				
A-232		Корсакова Л.	Корсакова Лидия	f						"fem; unknown; Масанов: Поэтесса 1840-х гг."	Лидия К - - ва			
A-70	3-103	Костомаров Н.И.	Костомаров Николай Иванович	m	1817	1885		1	дворянин	поэзия его вся на укр.			COL_71	
A-190		Кочубинский А.		m						unknown				
A-71		Краснов С.	Краснов Стахий	m						"unknown; поручик"			COL_72	
A-290		Красноглазов А.		m						unknown				
A-152	3-137	Красов В.И.	Красов Василий Иванович	m	1810	1854	"М.; Киев"	0	из семьи священника	"учился в Вологод. сем., затем в МУ; участвовал в кружке Станкевича; начал публиковаться в нач. 1830х; в тв-ве исп. влияние Баратынского; в 1837 переехал в Киев"				
A-124		Криксин		m						unknown			COL_193	
A-181	3-159	Кронеберг А.И.	Кронеберг Андрей Иванович	m	1815	1855		0	из семьи нем. священника	"оконч. МУ; входил в круг А.Я. Кульчицкого (А-33)"				
A-158	3-161	Кропоткин Д.А.	Кропоткин Дмитрий Алексеевич	m	1818	после 1875	СПб.	1	князь	участвовал в БдЧ, составлял статьи для энциклопедич. лексикона Плюшара				
A-218	2-177	Крылов И.А.	Крылов Иван Андреевич	m	1769	1844		1						
A-291		Крыловский В.		m						unknown				
A-162	3-212	Кукольник Н.В.	Кукольник Нестор Васильевич	m	1809	1868	СПб.	0	сын галицийского словака, проф.	"учился в Нежинской г-зии с Е.П. Гребенкой и Н.В. Гоголем (последний относился к К. иронически); во втор. пол. 1830х устраивает среды для литераторо-неаристократов; в 1843 сходит со сцены, вновь вступив на службу"				
A-96	3-224	Кульман Е.Б.	Кульман Елизавета Борисовна	f	1808	1825		1	дворянка	"ученица К. Гроссгенриха; обладала редкой способностью к языкам; много писала белым стихом, переводила с исп.; сборник издан на средства Рос. Акад по инициативе Гроссгенриха и Шишкова"			COL_98	1
A-33	3-226	Кульчицкий А.	Кульчицкий Александр Яковлевич	m	1814	1845	Харьков	1	сын выходца из польск. шляхты	"Харьковский ун-т; театральн. критик; к концу 30х сблизился с Гребенкой и Квиткой"			COL_38	1
A-138		Кутайсов А.И.	Кутайсов Александр Иванович	m	1784	1812				герой Отеч. войны				
A-23		Лавров Н.		m						unknown			COL_24	
A-8		Лебедев В.		m						издатель альманаха “Осенний вечер”			COL_8	
A-292		Левицкий И.		m										
A-72	3-321	Леонов А.А.	Леонов Алексей Алексеевич	m	1815	1882	Харьков	1	сын сотника Войска Донского	учился в Харьковском ун-те			COL_73	1
A-114	3-329	Лермонтов М.Ю.	Лермонтов Михаил Юрьевич	m	1814	1841	СПб.	1	дворянин	"ученик Мерзлякова и Раича; учился в Моск. ун. благ. пансионе (1828-1830), в 1830 зачисл. в МУ;"			COL_131	1
A-293		Лисенецкий С.Ф.		m						unknown				
A-270	3-365	Лисицина М.А.	Лисицина Мария Алексеевна	f	1810	1842		0	дочь актера малого театра	"скудные биогр. сведения; видимо, дочь моск. комика А.В. Лисицына; была знакома с сестрами Тепловыми, дата смерти — по стихотв. памяти Л. Н. Тепловой; вып. сборник в 1829; в РП указ, что в 1830-х гг. ее имя пропадает из периодики"		[Рейтблат 2001: 82-97]		
A-280		Лузанов А.	Лузанов А.	m			Кемь			unkown				
A-206		Лукашевич Г.		m						unknown				
A-133		Лукьянов А.		m						unknown			COL_84	
A-267	3-424	Львов Ф.П.	Львов Федор Петрович	m	1766	1836	СПб.	1	дворянин	дебютировал еще в 1790-х				
A-123		Любатевич С.	Любатевич Спиридон	m						unknown			COL_192	
A-200	3-438	Любич-Романович В.И.	Любич-Романович Василий (Валериан) Игнатьевич	m	1805	1888		1	дворянин	"учился в Нежинск. гимназии одновр. с Гоголем, Данилевским, Кукольником; во втор. пол. 30х близок к поэтам круга Кукольника и Брюллова; первый сб. вышел в 1832 (“Стихотворения Василия Романовича”)"				
A-239		М-ва Мария		f						"unknown; fem"				
A-132		М.Д.								"unknown; в 1820х так подписывалась в Благонамеренном Мария Даргомыжская [Масанов; Мнимая поэзия]"			COL_83	
A-54		Магденко А.	Магденко Андрей	m						unknown		"возможно, это он: https://sr.rodovid.org/wk/Особа:658960 ; выписка в карт. Модз.: РС.1876. №8. С. 628"	COL_150	
A-142	3-453	Майков А.Н.	Майков Аполлон Николаевич	m	1821	1897	М.	1	дворянин	"дебютом считается появл. в Одесском альманахе 1840 г., однако в действ. появился в БдЧ еще в 1835 г.; учился в МУ, много общался в лит. деятелями; стихотв. вышли в 1842"	А.М.			
A-34	3-463	Майков М.А.	Майков Михаил Александрович	m	1770	1848	Ярославль	1	дворянин	"баснописец, архаист; лит. карьеру начал еще  в конце 18 века (перв. публ. 1786!)"			COL_143	0
A-214	3-464	Майкова Е.П.	Майкова Евгения Петровна (урожд. Гусятникова)	f	1803	1880	СПб.	0	из купеческой семьи	"fem; во втор. пол. 1830х в центре лит. кружка (Свиньин, Гончаров, Бенедикт., Ершов, Бороздин и др); дебют в печати в 1840 (БдЧ)"	"Е.М.; Е. М…ва"	дисс. про лит. кружок Майковых: http://old.pushkinskijdom.ru/LinkClick.aspx?fileticket=7B_Fw2yCVIA%3D&tabid=86		
A-73	3-483	Максимов М.И.	Максимов Михаил Иванович	m	1810	после 1856		0	купец	поэт-патриот			COL_74	0
A-104	3-488	Максимович М. 	Максимович Михаил Александрович	m	1804	1873		1		"изд. альманах Киевлянин (1840); в 1833 избр. действ. чл. ОЛРС (М.), с 1834 ректор Киевск. ун-та"			COL_233	0
A-202	3-491	Макшеева В.Д.	Бистром (урожд. Макшеева) Варвара Дмитриевна	f	1822	до 1885	Вологда	1	дворянка	"fem; в 1837-38 — возлюбленная сосланного в Вологду В.И. Соколовского; начала публиковаться в 1839"				
A-148	3-494	Малышев Г.Г.	Малышев Григорий Григорьевич	m	1802	1868		0	сын унтер-офицера	поэт-самоучка				
A-74	3-528	Марков М.А.	Марков Михаил Александрович	m	1810	1876	СПб.	1	дворянин	"участвовал в подавлении польск. восст. 1830-31; в Москве был в театр. кругах (Шаховской, Кокошкин); одно из перв. стихотв. одобрил И.И. Дмитриев; дебютировал в 1825 г.; в 30-х сотр. в БдЧ, в 35м вел Лит.летопись;"			COL_75	0
A-45	3-531	Мартынов А.	Мартынов Авксентий Матвеевич	m	1787	1858	СПб.	0	духовного зв.	"с 1819 близок с Хвостовым; моралист, вражд. пушкинск. школе; в 1840х — с Бурачком в “Маяке”"			COL_51	0
A-125		Маслеников-Какуев		m						unknown			COL_194	
A-183		Матюнин А.		m						unknown				
A-97		Медведенко Н.		m						unknown			COL_99	
A-279	3-562	Межевич В.С.	Межевич Василий Степанович	m	1814	1849	"М.; СПб."	1	из шляхтичей	"Учился в МУ (1828-32); весной 1834 сближ. с Белинским; 1832-36 сотр. в Телеск. и Молве"				
A-24	3-570	Мейснер А.	Мейснер Алексей Яковлевич	m	1807	1882	"СПб.; М."	1	дворянин	"приятель Бенедиктова, находился под его творч. влиянием; вслед за Бенедиктовым выбирает сонетную форму; был знаком и посв. стихотворения Е.Н. Шаховой"			COL_25	1
A-164		Мейстер И.		m						unknown				
A-155	4-10	Менцов Ф.Н.	Менцов Федор Николаевич	m	1818	1848	СПб.	0	сын чиновника	"учился в Петерб. ун-те; в 1834 дебютировал со стих.; сотрудничал в ЖМНП, писал бесстрастные обзоры в разд. изящн. слов.; много публиковался во втор. пол. 30-х"				
A-9	4-30	Меркли М.М.	Меркли Михаил Маркович	m	1817	1846	М.	1	дворянин	"мос. ун-т; общался с П.С. Мочаловым"			COL_9	1
A-294		Метлинский А.Л.		m										
A-257	4-60	Милькеев Е.Л.	Милькеев Евгений Лукич	m	1815	ок 1846	Тобольск	0	из семьи канц. служащего	поэт-самоучка(?) из Тобольска, найденный Жуковским				
A-211	4-76	Минаев Д.И.	Минаев Дмитрий Иванович	m	1808	1876	Симбирск	1	дворянин	дебютировал в “Новогоднике” Кукольника (СПб., 1839)				
A-184		Михайлов А.		m						unknown				
A-79		Молчанова В.		f						"unknown; fem"			COL_82	
A-83		Моствило-Головач Т.		m						"unknown; Венгеров: смоленский поэт и беллетрист"			COL_165	
A-25	4-162	Муравьев Н.Н.	Муравьев Николай Назарьевич	m	1775	1845	"имение Покровское; Новгород"	1	дворянин	графоман			COL_26	0
A-274	4-187	Мызников В.Я.	Мызников Василий Яковлевич	m	1804	1861	Царское Село	1	дворянин	литератор-дилетант				
A-55	4-190	Мысовский-Светогорский С.Д.	Мысовский-Светогорский Сергей Дмитриевич	m	1812	после 1863	"М.; СПб."	0	мещанин	"поэт-самоучка; отец — торговец свечами; в 1832 прислал в ценз. “пастушескую поэму”; перв. публ. - “Элегия Элиза” (М., 1837)"			"COL_152; COL_100; COL_138"	1
A-102	4-192	Мягков Н.	Мягков Николай Иванович	m	1828	после 1841	СПб.	1	дворянин	дебютировал в 11 лет			COL_114	1
A-10	4-196	Мятлев И.П.	Мятлев Иван Петрович	m	1797	1844		1	дворянин	"заметная фигура в петерб. высшем свете; в 1830-х сближается с Вяземским, Жуковским, Пушкиным, Гоголем; нек. тексты стали романсами; прославился не сборником, а стихами на случай и шутками; в 1840 нач. публ. поэму “Сенсации и замечания госпожи Курдюковой…”"			COL_10	1
A-275		Негорюй В.	Негорюй Василий	m						unknown				
A-115	4-269	Некрасов Н.А.	Некрасов Николай Алексеевич	m	1821	1877	СПб.	1	дворянин	"после сборника напечатал в ПРиВЕТ неск. сатирич. стихотворений (под псевдонимами); с 1840 редактирует ЛитГазету; сотрудн. в Пантеоне, ОЗ, РИ"			COL_132	1
A-247		Ниркомский	Мокринский Георгий	m						unknown	Ниркомский	Личность не раскрыта (см. Венгеров), псевд. расшифрован по Масанову		
A-198		Нормский В.	Нормский Валерий	m						есть у Венгерова				
A-127	4-370	Ободовский П.Г.	Ободовский Платон Григорьевич	m	1803	1864	СПб.	1	дворянин	"дебютировал в 1822 в Благонам. (ВОЛСНХ); в 1840 г. избр. на должн. проф. рос. словесности Гл. Пед. ин-та (заменил Плетнева); в 1830-х занимался драматургией"			COL_198	0
A-219	4-382	Огарев Н.П.	Огарев Николай Платонович	m	1813	1877		1	дворянин		И. Огарев			
A-295	4-388	Огинский А.Г.	Огинский Алексей Григорьевич	m	1780	1848		0	из духовного сословия	"оконч. Екатеринослав. духов. сем., преподавал греч.; известен как переводчик классич. лит.; с 1832 до конца жизни служил библиотекарем в Гидрографич. депо; посещал вечера Хвостова, был знаком с Гречем"				
A-188	4-390	Одоевский А.И.	Одоевский Александр Иванович	m	1802	1839		1	дворянин	"декабрист; в 1820х ничего не печ.; во втор. пол. 30х служил на Кавказе; в 1837 встретился с Лермонтовым в Ставрополе"	А.О.			
A-160	4-411	Ознобишин Д.П.	Ознобишин Дмитрий Петрович	m	1804	1877		1	дворянин	"учился в МУ, был членом Общества друзей (1822-25) Райича, с 1828 чл. ОЛРС; в сер. 30-х был в друж. отношениях с Ник.Тим. Аксаковым и Н.М. Языковым; при жизни не издал ни одного сб."				
A-128		Оленозова		f						unknown			COL_140	
A-103	4-430	Олин В.Н.	Олин Валериан Николаевич	m	1790	1841		1	дворянин	"участвовал в Беседе; переводил Оссиана и с англ.; в 1830-х был в крайней нужде; в конце 30-х писал фантастич. повести, кот. стали поводом для полного его уничтожения в критике"			COL_225	0
A-296	4-443	Оранский Н.Д.	Оранский Николай Диомидович	m	1786	1847		0	из духовного сословия	"служил в разных канцеляриях, был секр. обеих следств. комиссий по делу Герцена и Огарева; верноподданный служащий; писал стихи и поэмы на христ., библ. и ист. сюжеты"				
A-59	4-446	Орлов А.А.	Орлов Александр Анфимович	m	1790	1840		0	сын пономаря	"окончил моск. ун-т; писал поэмы архаич. языком; в 1830х печ. нравств-сатир. романы и тп.; известен пародийными повестями про Выжигина"			COL_214	0
A-263		Осменский П.		m						unknown				
A-76		Остроумов И.	Остроумов Иван	m				0	крестьянин	unknown			COL_77	
A-304		П. Гр…в		m						unknown				
A-169	4-493	Павлова К.К.	Павлова (урожд. Яниш) Каролина Карловна	f	1807	1893	М.	1	дворянка	"была введена в салон Елагиной (знала Киреевских) и З. Волконской, там познакомилась с Баратынским и Мицкевичем (несост. женитьба); начала публик. по-русски в 1839"				
A-237		Падерная М.		f						"unknown; fem"				
A-276	4-511	Пальмин И.Д.	Пальмин Иван Дмитриевич	m	1803	1856		0	из обер-офиц. детей	посетитель вечеров Хвостова, друг Воейкова (печ. в его изд.)				
A-220	4-516	Панаев И.И.	Панаев Иван Иванович	m	1812	1862		1	дворянин	"с 1836 в ред. ЖМНП; переводил Гюго, сотрудничал в ОЗ; участв. в лит веч. Кукольника"				
A-116		Папкевич А.	Папкевич Александр	m						unknown			COL_133	
A-199	4-538	Паршин В.П.	Паршин Василий Петрович	m	1805	1853		0	из семьи казачьего урядника	"очеркист, автор путевых заметок; дебютировал со стихами в СО"				
A-212		Пельский Д.Ф.	Пельский Дмитрий Федорович	m	1806	1845	"М.; Клин"	0	сын священника	"московский альманашник; семинарист; посещал лекции словесн. отд. МУ; муж Серафимы Тепловой"		[Рейтблат 2001: 82-97]		
A-229	4-567	Петерсон К.А.	Петерсон Карл Александрович	m	1811	1890	СПб.	1	сын коллеж. секр.	дебютировал в 1834 в ЛПРИ, с 1839 активно печ. в Совр.	Крлптрсн			
A-56	4-579	Петров И.М.	Петров Иван Матеевич	m	1803	1838	Харьков	0	из обер-офиц. детей	"входил в Красноярскую лит. беседу; жил в Сибири, в 32м уехал в Харьков; псевд. Пустынник Залопанский"	Пустыннник Залопанский		COL_153	0
A-185	4-610	Писарев А.И.	Писарев Александр Иванович	m	1803	1828		1	сын помещика	водевилист				
A-87		Поднебесный		m						unknown			"COL_218; COL_112"	
A-46	5-12	Подолинский А.И.	Подолинский Андрей Иванович	m	1806	1886	"Одесса; Киев"	1	дворянин	"киевлянин; учился в Благородном пансионе в Петерб., где сблиз. с АН Струговщиковым; знаком с Илличевским; был в кружке Дельвига до 1829, затем в разладе с пушк. кругом, дружен с бароном Розеном"			COL_52	0
A-221		Пожарский И.		m						unknown				
A-26	5-40	Полежаев А.И.	Полежаев Александр Иванович	m	1804	1838		1	разжалован из дворянства	"ученик Мерзлякова в МУ, лит-но близок 18-вечн. традиции; при этом увл. романтизмом Байрона"			"COL_27; COL_78"	0
A-259	5-53	Полонский Я.П.	Полонский Яков Петрович	m	1819	1898	М.	1	дворянин	"начал писать стихи, подражая Бенедиктову; учился в Рязанск. гимназии, затем в МУ"				
A-284		Пороховой (Порохов) Ав.		m				0	крестьянин	присылал песни в ЛГ				
A-82	5-133	Праволамский П.	Праволамский Петр	m	1820	1869	"Ярославль; М.; СПб."	0		"даты жизни примерные; поэт-дилетант; с 37го учился в Демидовском лицее; там занялся поэтич. творч. под рук. А.З. Зиновьева; его сборник — второе стихотв. изд. в ист. Ярославля; в 1840 близко сошелся с Некрасовым"			COL_164	1
A-139	5-151	Прокопович Н.Я.	Прокопович Николай Яковлевич	m	1810	1857		1	дворянин	"дебютировал в 1831 в ЛПРИ; писал в осн. баллады и сказки; друг Гоголя, впоследств. издавал его соч., а также соч. Кольцова (совм. с Белинским и Некрасовым)"				
A-27	5-174	Пуговишников А.М.	Пуговишников Александр Михайлович	m	конец 1790-х	после 1846		0	купец	"известен по альманаху “Феномен” (М., 1832) с предисловием про то, зачем печатать плохие стихи и альманахи; кривое зеркало элегич. поэзии нач. 19 в.; его имя становится нарицательным именем автора-графомана к сер. 1830-х"		[Рейтблат 2001: 82-97]	"COL_28; COL_174"	0
A-53		Пустельгин		m						"unknown; в это же время публиковал повести: https://philology.hse.ru/rusnovel/bibliography "				
A-283		Путилов Д.	Путилов Дмитрий	m										
A-11	5	Пушкин А.С.	Пушкин Александр Сергеевич	m	1799	1837	СПб.?	1	дворянин	первый ряд			COL_11	0
A-81	5-244	Раевич  И.А.	Раевич Иван Александрович	m	1801	1847	"СПб.; М."	0	сын священника	"литератор-дилетант; в круге Греча"		https://sudba.ucoz.net/publ/rabotniki_kultury_i_iskusstva/raevich_ivan_aleksandrovich_literator_poeht_prozaik/15-1-0-522	"COL_162; COL_176"	1
A-12		Риль Ю.		m						unknown			COL_12	
A-192	5-309	Родзянко А.Г.	Родзянко Аркадий Гаврилович	m	1793	после 1846		1	из казацко-старшин. роад	"учился в Моск. ун. благ. панс. и в МУ у Мерзлякова; начал публиковаться в конц. 1810-х гг.; в 1830-х писал стихи на гражданск. темы"				
A-168	5-341	Розен Е.Ф.	Розен Егор (Георгий) Федорович	m	1800	1860	СПб.	1	из остзейской семьи	"родн. язык - немецк; в 1835-40 личный секр. при наследнике, в свите насл. совершил загр. путешеств в 38-39 (с Жуковск.); участв. в Совр.; в кон. 30-х возобновил сотр. с Воейковым"				
A-238	5-344	Розенгейм М.П.	Розенгейм Михаил Павлович	m	1820	1887				дебютировал в СО в 1838, был знаком с Лермонтовым				
A-233	5-362	Ростовская М.Ф.	Ростовская Мария Федоровна (урожд. Львова)	f	1816	1872	СПб.	1	дворянка	"fem; Брюллов прозвал ее “Эловой арфой”; в РП не отм. ее публикации стихотв. (вообще); у Масанова ее нет"	М-я Л-ва			
A-153	5-369	Ростопчина Е.П.	Ростопчина (Растопчина) Евдокия Петровна	f	1811	1858	СПб.	1	"дворянка; графиня"	"fem; Вяземский опубл. ее стихотв. “Талисман” в 1831 (дебют в СЦ); с 1836 г. в Петерб., откр. лит. салон; 1838-39 в уединении в селе Анна; к 40му году была уже именитой поэтессой; сб. издала в 1841"	"Гр. Е. Р.; Гр-ня Е. Р-на; Г.Е.Р.; Гр. А-а Р-а"			
A-242		Рудыковский Н.		m						unknown		известны только А.Е. Рудыковский и Е.П. Рудыковский (РП)		
A-126		Рыбников		m						unkown			COL_195	
A-122		Саблин Е.И.	Саблин Евгений	m			Ярославль	0		"одноклассник Некрасова по гимназии; Некрасов отрицательно отозвался о сб."		Летопись Некрасова с. 41: http://lib2.pushkinskijdom.ru/Media/Default/PDF/Sprav/Letopis%20Nekrasova.%20Т.%201.pdf	COL_191	
A-14		Савурский Н.	Савурский Николай	m						"unknown; Соболев о невскрываемой анонимности персонажа: https://lucas-v-leyden.livejourl.com/34311.html ; есть какие-то зацепки, но в целом сложно"			COL_14	
A-98		Сапунов Н.		m						unknown			COL_101	
A-222	5-494	Сатин Н.М.	Сатин Николай Михайлович	m	1814	1873	"М.; Пятигорск"	1	дворянин	"учился в МУ с Герценом и Огаревым; дебютировал со стих. в 1836"				
A-297		Семенов П.	Семенов Платон	m						unknown				
A-298	5-618	Сиянов П.Г.	Сиянов Петр Гаврилович	m	1797	после 1846		1	дворянин	"участвовал в войне 1812 года и загранич. походах 1815, во время последних напечатал первые стихи (""Бывало и теперь"", 1814); дебютировал в конце 1820-х как переводчик Ламартина; сентимент. и альбомн. стихи, часто с автобиографич. деталями; в 1830х посещал салон Воейкова; усмирял в 1831 польское восстание"				
A-47		Скосырев К.	Скосырев Константин	m						unknown			COL_53	
A-266		Скуридин М.	Скуридин Михайло Сергеевич	m						unknown		отчество: https://books.google.pl/books?id=N6YKAAAAIAAJ&pg=PA809&lpg=PA809&dq=михайло+скуридин&source=bl&ots=8Ezo4s4U4y&sig=ACfU3U0OnGJOpu1pEIHpxrzYwU2z_J6lrA&hl=en&sa=X&ved=2ahUKEwikypjAgrrvAhXmoosKHe0ZA8UQ6AEwBnoECAYQAw#v=onepage&q=михайло%20скуридин&f=false		
A-117	5-646	Слепушкин Ф.Н.	Слепушкин Федор Никифорович	m	1788	1848	СПб.	0	крестьянин	"поэт-самоучка; перв. образцы творчества были представлены Свиньиным в ВОЛРС в 1822; изд. стихотв. при поддержке Свиньина и Федорова; сб. “Досуги сельского жителя” — 1826"			COL_134	0
A-48		Смирнова А.	Смирнова Анна 	f						unknown			COL_54	
A-49	5-717	Соколовский В.И.	Соколовский Владимир Игнатьвич	m	1808	1839	"СПб.; Вологда"	1	дворянин	"в 1820е жил в Красноярске, познакомился там с декабристами; в 1830 приехал в М., был знаком с Герценом, Огаревым, Кони, Сатиным, Полевым, Максимовичем, Полежаевым; в 1834 переезж. в СПб., был в заключении за песню “Русский император…”, по освобождении вошел в Петерб. лит. круги: Одоевский, Карлгоф, Драшусова, Вяземский, Воейков и др; публиковался в 37-39 в журналах(!)"			COL_55	0
A-207	5-772	Соллогуб В.А.	Соллогуб Владимир Александрович	m	1813	1882		1	дворянин	больше изв. как прозаик				
A-144	6-14	Сорокин М.П.	Сорокин Михаил Павлович	m	1806	1848	СПб.	1	дворянин	"учился в Петерб. ун-те, участв. в кружке Никитенко; в 36-37 препод. словесность в Лесном и Межев. ин-те, с 1836 - в театр. училище. Дебют. в 1828; с 39 актив. сотр. СПб-ведомостей;"	М. С.р.к.нъ			
A-265		Ставелов Н.		m						unknown				
A-277		Степанов Н.	Степанов Николай Александрович(?)	m						"поэт, карикатурист (1807-1877); ЛИБО Степанов Николай Степанович, владелец типографии, изд. МН"		https://books.google.pl/books?id=ubl3BAAAQBAJ&pg=PA720&lpg=PA720&dq=%22Степанов+николай%22+поэт+1830&source=bl&ots=YnL6Onw7IB&sig=ACfU3U1oGToeBanT5BORiA--AyRBFHO0kA&hl=en&sa=X&ved=2ahUKEwj88MDPqrrvAhURxosKHY52CbQQ6AEwAXoECAIQAw#v=onepage&q=%22Степанов%20николай%22%20поэт%201830&f=false в РП нет никакого Ник. Степанова		
A-252		Степанов С.	Степанов Ст.	m						unknown				
A-51	6-92	Стромилов С.И.	Стромилов Семен Иванович	m	ок 1810	после 1862	М.	1	дворянин	"Мос. ун-ский благородн. пансион (ок. 1829); знаком с Раичем; перв. сб: “Опыты в стихах С.С.” М., 1830; наиб. активен во втор. пол. 30х, участв. в МН, Галатее и др. журн.; сб. “12 сонетов” в 1837; наиб. отличился песнями и романсами"		лерм. энц. (Вацуро): http://feb-web.ru/feb/lermenc/lre-abc/	COL_146	0
A-147	6-96	Струговщиков А.Н.	Струговщиков Александр Николаевич	m	1808	1879		1	дворянин	в сер. 20-х сблизился с кружком Кукольника и М. Глинки, посещал “утренники” Краевского				
A-95	6-99	Струйский Д.Ю.	Струйский Дмитрий Юрьевич	m	1806	1856	СПб.	1	дворянин	"учился на словесн. отд. МУ (однокурсник Тютчева); до 1826 в Моск. арх. коллегии иностр. дел; в 1830х переезж. в Пб., с 1834 пом. столоначальника; дебют. в 1827, пост. автор изд. Дельвига и П.; увлек. Байроном; 1й сб. 1830; посещ. утренники Краевского, вечера Струговщикова; был муз. и театр. критиком"	Трилунный		COL_113	0
A-186		Сунцов А.		m						unknown				
A-28	6-142	Суханов М.Д.	Суханов Михаил Дмитриевич	m	1801	1843	"Архангельск; Ярославль"	0	крестьянин	поэт-самоучка			"COL_29; COL_30; COL_81"	0
A-77	6-156	Сушков Д.П.	Сушков Дмитрий Петрович	m	1817	1894	СПб.	1	дворянин	"младший брат Е.П. Ростопчиной; нек. время учился в Моск. благор. панс."			COL_79	1
A-78	6-191	Теплова Н.С.	Терюхина (Теплова) Надежда Сергеевна	f	1814	1848		0	из купеческой семьи	"fem; дебютировала в 13 лет; наставник - М.А. Максимович; первый сб. вышел в 1833"			COL_80	0
A-30	6-193	Тепляков В.Г.	Тепляков Виктор Григорьевич	m	1804	1842	"М.; СПб.; путешествовал"	1	дворянин	"Восп. в Благ. панс. при МУ; масон; в 1820 увлек. Байроном; вступ. в лит-ру в сер. 1820х, наиболее актив. в нач. 1830х; перв. сб. в 1832, второй в 1836; продолж. пушк. школу + романтич. индивидуализм; перестает писать стихи после 1836"		http://feb-web.ru/feb/pushkin/serial/isb/isb-192-.htm	COL_32	0
A-99		Тимковский П.		m						unknown			COL_102	
A-15	6-206	Тимофеев А.В.	Тимофеев Алексей Васильевич	m	1812	1883	СПб.			"Член ред. ЖМНП (1835-40); перв. сб в 1833 (“XII песен”); закат карьеры вместе с закатом БдЧ в 1839-1840м"			"COL_15; COL_56"	0
A-254	6-212	Титов В.П.	Титов Владимир Павлович	m	1807	1891	"СПб.; путешествовал по Европе; Германия; Бухарест"	1	дворянин	"учился в Моск. ун. благ. панс. и в МУ; “архивный юноша”, участн. Моск.Вестника; в 1827-28 переезж. в Петерб.; известен как прозаик-фантаст; к 30м перестает заниматься литературой(?)"				
A-264		Тихонравов В.		m						unknown		упом. в кн. Вайскопфа “Влюбленный демиург” как “какой-нибудь Тихонравов”		
A-100	6-233	Толстая С.Ф.	Толстая Сарра Федоровна	f	1820	1838	СПб.	1	дворянка	"fem; дочь Толстого (Американца) и мещанки Авд. Тугаевой (“цыганки”); сб. изд. посмертно, нет стихов на рус."			COL_103	1
A-16		Топчибашев М. Д.	Топчибашев Мирза Джафар	m	1790	1869		1	бек	востоковед, профессор в СПб			COL_16	
A-255		Траум		m						unknown		псевдоним? (у Масанова нет)		
A-31		Тростин Х.Д.	Тростин Христофор Дмитриевич	m	1807		М.	0	из духовного сословия	малоизвестный моск. литератор (см. статью Рейтблата Моск. альманашники)		"упомин. в РП-1-583; [Рейтблат 2001: 82-97]"	COL_33	
A-167	6-305	Туманский В.И.	Туманский Василий Иванович	m	1800	1860	Константинополь(?)	1	дворянин	"дебют. в 1817, участвовал в ВОЛРС; приятельствовал с Пушкиным; в 30-е гг. служил константинопольской миссии"				
A-170	6-318	Тургенев И.С.	Тургенев Иван Сергеевич	m	1818	1883	"М.; Берлин"	1	дворянин	"в 1833 поступил на словесн. отд МУ; в 1834 переехал с семьей в Петерб.; дебютировал в Совр. в 1838, тогда же уезж. в Берлин; общ. с кружком Станкевича"				
A-154	6-350	Тютчев Ф.И.	Тютчев Федор Иванович	m	1803	1873	"Мюнхен; СПб."	1	дворянин	ненадолго в СПб. в 1837				
A-35		Тяпкин		m						unknown				
A-135		Ушаков А.А.		m						unknown		как-то связан с Полежаевым	COL_222	
A-29	6-412	Федоров Б.М.	Федоров Борис Михайлович	m	1798	1875	СПб.	1	дворянин	"Сотрудничал с СП в 1838-1842; член Рос. акад; в 1830-х в осн. изд. детскую лит-ру"			COL_37	0
A-268		Федоров М.	Федоров М.	m						unknown				
A-282	6-422	Федоров П.С.	Федоров Павел Степанович	m	1800	1879	СПб.	1	дворянин	драматург, переводчик, в конце 1830-х работал на заказ, был известен в театр. кругах				
A-243		Фермор Н.Ф.	Фермор Николай Федорович	m						преподаватель инженерного училища, был знаком с Некрасовым и Лесковым				
A-118	6-437	Фет А.А.	Фет Афанасий Афанасьевич	m	1820	1892	М.	0	гессен-дармштадский подданный	"c 1834 в Верро; в 1838 г. поступил в МУ на словесн. отд.; друг по ун-ту — Аполлог Григорьев; посещ. своих проф. Погодина и Шевырева"			COL_135	1
A-201	6-451	Филимонов В.С.	Филимонов Владимир Сергеевич	m	1787	1858	СПб.	1	дворянин	"Автор “Дурацкого колпака”; мало общался с поэтами Пб. 30х гг., 1837 - поэма “Обед”"				0
A-119		Филимонов П.С.	Филимонов П.С.	m						unknown			COL_136	
A-261		Фон-Бейер Г.	Фон Бейер Гавриил	m				1		"литератор 1830-х гг.; в 1835 г. издал пьесу “Заговор против себя, или Сон в руку” (СПб.: Вингебера)"		"https://books.google.pl/books/about/Заговор_против_себя_и.html?id=H0hGOmjIzMEC&redir_esc=y ; упом. в полн. собр. соч. Белинского как “писатель 1830-х гг.” https://books.google.pl/books?id=ubl3BAAAQBAJ&pg=PA425&lpg=PA425&dq=Гавриил+фон+Бейер&source=bl&ots=YnL6Onu6Hx&sig=ACfU3U3QgVrX9Txu_BymfZl6aqgGglXkWA&hl=en&sa=X&ved=2ahUKEwjp4qTforrvAhWMHXcKHV6gAg0Q6AEwD3oECBAQAw#v=onepage&q=Гавриил%20фон%20Бейер&f=false"		
A-105		Харинский Х.	Харинский Хрисанф	m				0		"unknown; кавалер ордена Св. Владимира 4й степени (1821); автор “Картины Севера” (М., 1821)"			COL_178	
A-299		Хвостов Д. И.		m	1757	1835		1	дворянин					
A-300		Хлебников Н.		m										
A-187	6-548	Хомяков А.С.	Хомяков Алексей Степанович	m	1804	1860	М.	1	дворянин	"учился в МУ, сблиз. с Веневитиновым; “О старом и новом” — 1839; был женат на сестре Языкова; считал поэзию второстепенн.; в 30х уже много славянофильства"				
A-262		Хотяинцев П.И.	Хотяинцев Павел Иванович	m		1837		0		возможно, актер петербургской драматической труппы		https://bibra.ru/subject/hotyaintsev-pavel/#top		
A-32	6-582	Цимбалин К.И.	Цимбалин Константин Иванович	m	1807			1	дворянин	"баснописец-дилетант, подражатель Крылова; в 1823 поступ. на словесн. отд. МУ; нек. басни писал нерифм/белым стихом(!)"		о нем есть у Смирнова-Сокольского в “Моей библиотеке”	COL_34	
A-17		Цитович Н.Д.	Цитович Николай Дмитриевич	m				0	чиновник			https://ru.wikisource.org/wiki/РБС/ВТ/Цитович,_Николай_Дмитриевич	COL_141	
A-244	6-588	Цыганов Н.Г.	Цыганов Николай Григорьевич	m	1800	1832	М.	0	вольноотпущенный крестьянин	"поэт-песенник; актер; дружил с Кони; перв. публ. 1828, рус. песни ходили в списках и в театр. среде; сб. вышел посм. в 1834;"	"Ц-въ; Цгнвъ"	Статья Кони о нем: Пантеон.1840. №2. с. 130		
A-269		Черкасов		m						unknown				
A-136		Чурмантеева К.В.	Чурмантеева К.В.	f						unknown		БдЧ		
A-149		Шаликов П.И.	Шаликов Петр Иванович	m	1768	1852		1	князь					
A-58		Шаршавый П.Я.	Шаршавый Петр Якимович	m	1814	1865		1		поэт и прозаик, изд. авторск. альманах “Цевница” (1837), далее сотрудник журнала “Маяк”	П. Шарш	https://www.academia.edu/32844239/_И_может_быть_проснется_Шарш_В_поисках_биографии_одного_забытого_поэта_1830_1840_х_гг	COL_207	1
A-101		Шахова Е.Н.	Шахова Елисавета Никитична	f	1822	1899		1	дворянка	"fem; изд. 1837 года изд. Рос. акад; второе изд. 1839 изд. также Рос. акад., за него Шахова получила от императора Н1 бриллиантовый фермуар и перстень с бриллиантами; была знакома со многими литераторами своего врем."			COL_104	1
A-106		Шаховской А.А.	Шаховской Александр Александрович	m	1777	1846	СПб.	1	дворянин				COL_181	0
A-253		Шевырев С.П.	Шевырев Степан Петрович	m	1806	1864	М.	1	дворянин	"изд. Моск. наблютатель; любомудр; МУ"				
A-301		Шереметевский П.В.	Шереметьевский Петр Васильевич	m	1806	не ранее 1879	М.	0	сын смотрителя винного двора	"Рано остался сиротой, обуч. в Моск. воспит. доме; затем казенный студент МУ; автор стихов ""на случай"""	"П.Ш.; П.В.Ш."	[Рейтблат 2001: 82-97]		
A-223		Шидловский И.Н.	Шидловский Иван Николаевич	m	1816	1872	СПб.	1	дворянин	друг юности Достоевского				
A-281		Ширков В.Ф.	Ширков Валериан Федорович	m	1805	1856		1	дворянин	"в начале 30-х был в Польше; писал либретто для оперы ""Руслан и Людмила"" М. Глинки (вместе с Николаем Маркевичем, К.Н. Бахтуриным ?)"		"Вацуро: http://www.lib.pushkinskijdom.ru/LinkClick.aspx?fileticket=uGlyMTJZDEE%3D&tabid=10358 ; https://www.google.pl/books/edition/%D0%97%D0%B0%D0%BF%D0%B8%D1%81%D0%BA%D0%B8/wp2LDwAAQBAJ?hl=en&gbpv=1&dq=%22%D0%B2.%D1%84.%20%D1%88%D0%B8%D1%80%D0%BA%D0%BE%D0%B2%22%C2%A0&pg=PA110&printsec=frontcover"		
A-137		Шишков А.С.	Шишков Александр Семенович	m	1754	1841		1	дворянин				per	
A-256		Щеткин Я.А.	Щеткин Яков Александрович	m	1817		СПб.	1	дворянин (сын титулярного советника)	"учился в Петерб. ун-те; дебют в печати в 1839 (БдЧ); посещал дом Майковых"		https://www.academia.edu/29815059/Из_разысканий_о_литературном_окружении_молодого_Гончарова_Поэт_Яков_Щеткин		
A-302		Щукин К.		m						unknown				
A-120		Эртель В.А.	Эртель Василий Андреевич	m	1793	1847	СПб.	1		"немец, сын проф. теологии, приехал в Россию в 1815 г.; двоюродный брат Баратынского; был вхож в лит. круги; в конце 30-х гг. был учителем нем. яз. у АII; в 40-х работал в Публичной библ."		http://nlr.ru/nlr_history/persons/info.php?id=345	COL_120	0
A-245		Языков Н.М.	Языков Николай Михайлович	m	1803	1846		1	дворянин	первый ряд				
A-231		Языкова Л.		f						"fem; unknown"				
A-303		Яковлев А.		m										
A-203		Яковлев В.Д.	Яковлев Владимир Дмитриевич	m	1817	1884				не был известен как поэт, вероятно атрибуция ему стихотворения в СО.1837 неверная				
A-107		Яковлев Я.		m						unknown			COL_183	
A-50		Якубович Л.А.	Якубович Лукьян Андреевич	m	1805	1839		1	дворянин	"учился в Моск. ун. пансионе (ок. 1826); участвовал в лит. об. Раича; “его очень любил Пушкин” (Венгеров); был близок с Полежаевым; бедствовал из-за литературной профессии (по восп. Панаева)"		Венгеров: http://az.lib.ru/w/wengerow_s_a/text_0730.shtml Панаев про денежные бедствия Якубовича: http://az.lib.ru/j/jakubowich_l_a/text_0020.shtml	COL_57	1