"","id","COL_ID","poetry_prose","book_type","genre","author_sign","author","author_full_name","title","city","publisher","year","pages","size_fold","size_cm","digital_copy","digital_copy_URL","path","A_ID"
"1",68,"COL_2","v","col","lyr","Баратынский Е.","Баратынский Е.А.","Баратынский Евгений Абрамович","Сочинения Е. Баратынского: В 2 ч.","М.","Семена","1835","189","8","22","РГБ","https://dlib.rsl.ru/01003570129","../../data/corpus1835/collections/raw_texts/unseparated_cols//68_1835.txt","A_2"
"2",69,"COL_3","pr","col","lyr","Венгер Н.","Венгер Н.","Венгер Николай","Сочинения Николая Венгера в стихах и прозе","М.","Селивановского","1835","68","12","20","","","../../data/corpus1835/collections/raw_texts/unseparated_cols//69_1835.txt","A_3"
"3",70,"COL_4","v","col","lyr","Деларю М.","Деларю М.Д.","Деларю Михаил Данилович","Опыты в стихах Михаила Деларю","СПб.","Деп. внешней торговли","1835","152","8","20","нб_спбгу","http://old.library.spbu.ru/dcol/jsp/RcWebImageViewer.jsp?doc_id=ad3db2a1-c807-461d-a5a8-c6905de40f77/libspbgu/00000001/00000656&pg_seq=1&search_doc=","../../data/corpus1835/collections/raw_texts/unseparated_cols//70_1835.txt","A_4"
"4",71,"COL_5","v","col","lyr","Зилов А.","Зилов А.М.","Зилов Алексей Михайлович","Стихотворения Алексея Зилова [Тетрадь 1-я]","М.","Лазаревых","1835","115","12","23","","","../../data/corpus1835/collections/raw_texts/unseparated_cols//71_1835.txt","A_5"
"5",73,"COL_7","v","col","lyr","Кольцов А.","Кольцов А.В.","Кольцов Алексей Васильевич","Стихотворения Алексея Кольцова","М.","Степанова","1835","40","8","22","РГБ","https://dlib.rsl.ru/01003559154","../../data/corpus1835/collections/raw_texts/unseparated_cols//73_1835.txt","A_7"
"6",74,"","pr","col","lyr","Лебедев В. (изд.)","Лебедев В.","Лебедев В.","Осенний вечер: [Сб. рассказов и стихов], изданный В. Лебедевым","СПб.","Вингебера","1835","238","12","18","ЧБ","https://books.google.com/books?id=0z1M1S2mJFkC&printsec=frontcover&source=gbs_ViewAPI","../../data/corpus1835/collections/raw_texts/unseparated_cols//74_1835.txt","A_8"
"7",75,"COL_9","v","col","lyr","Меркли М.","Меркли М.М.","Меркли Михаил Маркович","Стихотворения Михаила Меркли","М.","Степанова","1835","108","8","22","","","../../data/corpus1835/collections/raw_texts/unseparated_cols//75_1835.txt","A_9"
"8",81,"COL_11","v","col","lyr","Пушкин А.С.","Пушкин А.С.","Пушкин Александр Сергеевич","Стихотворения Александра Пушкина. Ч. 4.","СПб.","Акад. наук","1835","189","","20","ЧБ","https://books.google.cz/books?vid=NKP:3186164847&printsec=frontcover#v=onepage&q&f=false","../../data/corpus1835/collections/raw_texts/unseparated_cols//81_1835.txt","A_11"
"9",83,"COL_13","v","col","lyr","Геевский С.Л.","Геевский С.Л.","Геевский Степан Лукич","Сочинения и переводы в стихах С.Г.","Харьков","Ун. тип","1835","61","8","22","","","../../data/corpus1835/collections/raw_texts/unseparated_cols//83_1835.txt","A_13"
"10",84,"COL_14","v","col","lyr","","Савурский Н.","Савурский Николай","Весенняя ветка. Стихотворения","СПб.","Крыловского","1835","70","","20","нб_спбгу","http://old.library.spbu.ru/dcol/jsp/RcWebImageViewer.jsp?doc_id=ad3db2a1-c807-461d-a5a8-c6905de40f77/libspbgu/00000001/00000934&pg_seq=1&search_doc=","../../data/corpus1835/collections/raw_texts/unseparated_cols//84_1835.txt","A_14"
"11",85,"COL_15","v","col","lyr","Т-м-ф-в","Тимофеев А.В.","Тимофеев Алексей Васильевич","Песни: В 2 ч.","СПб.","Гинце","1835","178","","20","нб_спбгу","http://old.library.spbu.ru/dcol/jsp/RcWebImageViewer.jsp?doc_id=ad3db2a1-c807-461d-a5a8-c6905de40f77/libspbgu/00000001/00000973&pg_seq=1&search_doc=","../../data/corpus1835/collections/raw_texts/unseparated_cols//85_1835.txt","A_15"
"12",86,"COL_16","v","sep","lyr","Топчибашев М. Д.","Топчибашев М. Д.","Топчибашев Мирза Джафар","На памятник Императору Александру I. Два стихотворения на Персидском и турецком языках Мирзы Джафара Топчибашева","СПб.","Акад. наук","1835","7","","26","РГБ","https://dlib.rsl.ru/01003570203","../../data/corpus1835/collections/raw_texts/unseparated_cols//86_1835.txt","A_16"
"13",90,"COL_200","v","col","lyr","Бенедиктов В.","Бенедиктов В.Г.","Бенедиктов Владимир Григорьевич","Стихотворения Владимира Бенедиктова","СПб.","Вингебера","1835","106","8","20","нб_спбгу","http://old.library.spbu.ru/dcol/jsp/RcWebImageViewer.jsp?doc_id=ad3db2a1-c807-461d-a5a8-c6905de40f77/libspbgu/00000001/00000396&pg_seq=1&search_doc=","../../data/corpus1835/collections/raw_texts/unseparated_cols//90_1835.txt","A_18"
"14",91,"","v","col","lyr","Жуковский В.А.","Жуковский В.А.","Жуковский Василий Андреевич","Стихотворения Василья Жуковского: В 8 ч. / Изд. 4-е. Т. 1. Орлеанская дева; лирические стихотворения","СПб.","Экс. загот. гос. бумаг","1835","292","","22","РГБ","https://dlib.rsl.ru/01003819724","../../data/corpus1835/collections/raw_texts/unseparated_cols//91_1835.txt","A_19"
"15",92,"COL_212","v","col","lyr","Жуковский В.А.","Жуковский В.А.","Жуковский Василий Андреевич","Стихотворения Василья Жуковского: В 8 ч. / Изд. 4-е. Т. 2. Романсы и песни. Элегии. Послания","СПб.","Экс. загот. гос. бумаг","1835","258","","22","РГБ","https://dlib.rsl.ru/01003819723","../../data/corpus1835/collections/raw_texts/unseparated_cols//92_1835.txt","A_19"
"16",633,"","v","col","lyr","Крылов И.","Крылов И.А.","Крылов Иван Андреевич","Басни Ивана Крылова : В 8 кн. 30-я тысяча.","СПб.","Смирдина","1835","410","4","11","","","../../data/corpus1835/collections/raw_texts/unseparated_cols//633_1835.txt","A_218"
"17",691,"","v","sep","lyr","Малышев Г.","Малышев Г.Г.","Малышев Григорий Григорьевич","На случай отправления гвардейского отряда в Калиш 14-26-го июля 1835-го года : Стихи сии написаны музыкантом лейб-гвардии Егер. полка Малышевым.","СПб.","druck. von C. Krav","1835","5","","19","РГБ","https://dlib.rsl.ru/01003559123","../../data/corpus1835/collections/raw_texts/unseparated_cols//691_1835.txt","A_148"
"18",95,"COL_19","v","col","lyr","Аполлон де ***","Аполлон де ***","Аполлон де ***","Стихотворения Аполлона де ***","М.","Селивановского","1836","41","8","24","ЧБ","https://books.google.com/books?id=Si2NzYwy5K8C&printsec=frontcover&source=gbs_ViewAPI","../../data/corpus1835/collections/raw_texts/unseparated_cols//95_1836.txt","A_20"
"19",101,"COL_23","v","col","lyr","Кашкин Д.","Кашкин Д.Е.","Кашкин Дмитрий Евгеньевич","Сочинения Дмитрия Кашкина: В 3 т. Т. 1","М.","Степанова","1836","468","8","21","","","../../data/corpus1835/collections/raw_texts/unseparated_cols//101_1836.txt","A_22"
"20",107,"COL_24","pr","col","lyr","Лавров Н.","Лавров Н.","Лавров Н.","Нравственные результаты XIX века, и стихотворения. Соч. Н. Лаврова","СПб.","Вингебера","1836","73","8","26","","","../../data/corpus1835/collections/raw_texts/unseparated_cols//107_1836.txt","A_23"
"21",111,"COL_25","v","col","lyr","Мейснер А.","Мейснер А.Я.","Мейснер Алексей Яковлевич","Стихотворения Алексея Мейснера","М.","Семена","1836","270","12","19","ЧБ","https://books.google.com/books?id=iHZpAAAAcAAJ&printsec=frontcover&source=gbs_ViewAPI","../../data/corpus1835/collections/raw_texts/unseparated_cols//111_1836.txt","A_24"
"22",112,"COL_27","v","col","lyr","Полежаев А.И.","Полежаев А.И.","Полежаев Александр Иванович","Кальян. Стихотворения Полежаева / Изд. 2","М.","Ун. тип","1838","131","12","17","ЧБ","https://books.google.com/books?id=tiCc6NXOlU0C&printsec=frontcover&source=gbs_ViewAPI","../../data/corpus1835/collections/raw_texts/unseparated_cols//112_1836.txt","A_26"
"23",113,"COL_28","v","col","lyr","Пуговишников А.М.","Пуговишников А.М.","Пуговишников Александр Михайлович","Песни, романсы и стихотворения А.П. / Изд. 2","М.","Кирилова","1836","95","16","15","","","../../data/corpus1835/collections/raw_texts/unseparated_cols//113_1836.txt","A_27"
"24",114,"COL_29","v","col","lyr","Суханов М.","Суханов М.Д.","Суханов Михаил Дмитриевич","Время не праздно. Стихотворения крестьянина М. Суханова","СПб.","Вингебера","1836","112","12","17","нб_спбгу","http://old.library.spbu.ru/dcol/jsp/RcWebImageViewer.jsp?doc_id=ad3db2a1-c807-461d-a5a8-c6905de40f77/libspbgu/00000001/00000951&pg_seq=1&search_doc=","../../data/corpus1835/collections/raw_texts/unseparated_cols//114_1836.txt","A_28"
"25",115,"COL_30","v","col","lyr","Суханов М.","Суханов М.Д.","Суханов Михаил Дмитриевич","Мои сельские досуги","СПб.","Вингебера","1836","110","12","17","нб_спбгу","http://old.library.spbu.ru/dcol/jsp/RcWebImageViewer.jsp?doc_id=ad3db2a1-c807-461d-a5a8-c6905de40f77/libspbgu/00000001/00000950&pg_seq=1&search_doc=","../../data/corpus1835/collections/raw_texts/unseparated_cols//115_1836.txt","A_28"
"26",117,"COL_32","v","col","lyr","Тепляков В.Г.","Тепляков В.Г.","Тепляков Виктор Григорьевич","Стихотворения Виктора Теплякова. Т. 2. Фракийские элегии. (Писаны в 1829-м г.). Стихотворения разных годов.","СПб.","Гутенбергова тип.","1836","194","8","22","нб_спбгу","http://old.library.spbu.ru/dcol/jsp/RcWebImageViewer.jsp?doc_id=ad3db2a1-c807-461d-a5a8-c6905de40f77/libspbgu/00000001/00000974&pg_seq=1&search_doc=","../../data/corpus1835/collections/raw_texts/unseparated_cols//117_1836.txt","A_30"
"27",118,"COL_33","v","col","lyr","Тростин Х.","Тростин Х.Д.","Тростин Христофор","Стихотворения Христофора Тростина","М.","Ун. тип","1836","32","8","24","","","../../data/corpus1835/collections/raw_texts/unseparated_cols//118_1836.txt","A_31"
"28",121,"COL_35","v","alm","","","","","Маскерад. Подарок прекрасному полу на 1837 год","СПб.","Гинце","1836","35","","16","нб_спбгу","http://old.library.spbu.ru/dcol/jsp/RcWebImageViewer.jsp?doc_id=ad3db2a1-c807-461d-a5a8-c6905de40f77/libspbgu/00000001/00000888&pg_seq=1&search_doc=","../../data/corpus1835/collections/raw_texts/unseparated_cols//121_1836.txt",""
"29",122,"COL_36","v","col","lyr","","","","Мечты при луне. Стихотворения","М.","Кирилова","1836","27","","19","","","../../data/corpus1835/collections/raw_texts/unseparated_cols//122_1836.txt",""
"30",124,"COL_38","pr","col","lyr","Кульчицкий А.","Кульчицкий А.","Кульчицкий Александр Яковлевич","Надежда. Собрание сочинений в стихах и прозе / Изд. А. Кульчицкий [Студ. сб.]","Харьков","Ун. тип","1836","284","8","20","","","../../data/corpus1835/collections/raw_texts/unseparated_cols//124_1836.txt","A_33"
"31",125,"COL_39","v","alm","","Крыловский В.","Крыловский В.","Крыловский В.","Мое новоселье. Альманах на 1836 год, изд. В. Крыловским","СПб.","Крылова","1836","206","","12","ЧБ","https://books.google.com/books?id=paNeAAAAcAAJ&printsec=frontcover&source=gbs_ViewAPI","../../data/corpus1835/collections/raw_texts/unseparated_cols//125_1836.txt","A_291"
"32",128,"COL_143","v","col","lyr","Майков М.","Майков М.А.","Майков Михаил Александрович","Басни Михайла Майкова","Ярославль","Губ. правления","1836","30","8","22","","","../../data/corpus1835/collections/raw_texts/unseparated_cols//128_1836.txt","A_34"
"33",131,"COL_206","pr","col","lyr","Щукин К.","Щукин К.","Щукин К.","Литературные занятия","СПб.","Акад. наук","1836","252","8","20","ЧБ","https://books.google.com/books?id=Y0c64PMcHJQC&printsec=frontcover&source=gbs_ViewAPI","../../data/corpus1835/collections/raw_texts/unseparated_cols//131_1836.txt","A_302"
"34",343,"COL_222","v","col","lyr","","Ушаков А.А.","Ушаков А.А.","Рукописи из зеленого портфеля","М.","Семена","1836","182","","22","ЧБ","https://books.google.com/books?id=ncYzMSLF4v0C&printsec=frontcover&source=gbs_ViewAPI","../../data/corpus1835/collections/raw_texts/unseparated_cols//343_1836.txt","A_135"
"35",76,"","v","col","lyr","Меркли М.","Меркли М.М.","Меркли Михаил Маркович","Стихотворения Михаила Меркли / 2-е изд.","М.","Кирилова","1837","120","12","16","ЧБ","https://books.google.com/books?id=MnppAAAAcAAJ&printsec=frontcover&source=gbs_ViewAPI","../../data/corpus1835/collections/raw_texts/unseparated_cols//76_1837.txt","A_9"
"36",141,"COL_43","v","col","lyr","Бернет Е.","Бернет Е.","Бернет Е.","Стихи Е. Бернета","СПб.","Снегирева","1837","167","","21","нб_спбгу","http://old.library.spbu.ru/dcol/jsp/RcWebImageViewer.jsp?doc_id=ad3db2a1-c807-461d-a5a8-c6905de40f77/libspbgu/00000001/00000477&pg_seq=1&search_doc=","../../data/corpus1835/collections/raw_texts/unseparated_cols//141_1837.txt","A_37"
"37",142,"COL_44","v","col","lyr","Бороздна И.П.","Бороздна И.П.","Бороздна Иван Петрович","Поэтические очерки Украины, Одессы и Крыма: Письма в стихах к гр. В.П. З[авадскому], Ивана Бороздны","М.","Селивановского","1837","242","","22","ЧБ","https://books.google.com/books?id=uBoIZgMRHDsC&printsec=frontcover&source=gbs_ViewAPI","../../data/corpus1835/collections/raw_texts/unseparated_cols//142_1837.txt","A_38"
"38",143,"COL_45","v","col","lyr","Бутырский Н.И.","Бутырский Н.И.","Бутырский Никита Иванович","И моя доля в сонетах. В 2 ч. Соч. Бутырского","СПб.","Вингебера","1837","","8","25","нб_спбгу","http://old.library.spbu.ru/dcol/jsp/RcWebImageViewer.jsp?doc_id=ad3db2a1-c807-461d-a5a8-c6905de40f77/libspbgu/00000001/00000417&pg_seq=1&search_doc=","../../data/corpus1835/collections/raw_texts/unseparated_cols//143_1837.txt","A_39"
"39",144,"COL_46","v","col","lyr","Быстроглазов А.","Быстроглазов А.","Быстроглазов А.","Стихотворения А. Быстроглазова. В 2 ч. Ч. 1","СПб.","Вингебера","1837","154","8","21","ЧБ","https://books.google.cz/books?vid=NKP:3186276238&printsec=frontcover#v=onepage&q&f=false","../../data/corpus1835/collections/raw_texts/unseparated_cols//144_1837.txt","A_40"
"40",145,"COL_46","v","col","lyr","Быстроглазов А.","Быстроглазов А.","Быстроглазов А.","Стихотворения А. Быстроглазова. В 2 ч. Ч. 2","СПб.","Вингебера","1837","186","","21","ЧБ","https://books.google.cz/books?vid=NKP:3186262479&printsec=frontcover#v=onepage&q&f=false","../../data/corpus1835/collections/raw_texts/unseparated_cols//145_1837.txt","A_40"
"41",149,"COL_49","v","col","lyr","Дьячков С.","Дьячков С.П.","Дьячков Семен Петрович","Букет цветов или разные стихотворения, элегические романсы и песни для прекрасных девиц. Соч. С. Дьячковым","СПб.","Вингебера","1837","31","16","25","","","../../data/corpus1835/collections/raw_texts/unseparated_cols//149_1837.txt","A_43"
"42",151,"","v","sep","lyr","","Огинский А.Г.","Огинский Алексей Григорьевич","Ксантиппа : Экспромт : [В стихах]","СПб.","Морск. тип.","1837","4","","27","РНБ","https://vivaldi.nlr.ru/bx000013787/view/#page=","../../data/corpus1835/collections/raw_texts/unseparated_cols//151_1837.txt","A_295"
"43",153,"COL_50","v","col","lyr","Кашаев В.","Кашаев В.","Кашаев Виктор","Стихотворения Виктора Кашаева","М.","Кирилова","1837","43","8","22","","","../../data/corpus1835/collections/raw_texts/unseparated_cols//153_1837.txt","A_44"
"44",154,"COL_51","v","col","lyr","Мартынов А.","Мартынов А.","Мартынов Авксентий Матвеевич","Поэтические произведения А. Мартынова. В 3-х кн.","СПб.","Вингебера","1837","249","8","24","ЧБ","https://books.google.com/books?id=2VPX7BEfADEC&printsec=frontcover&source=gbs_ViewAPI","../../data/corpus1835/collections/raw_texts/unseparated_cols//154_1837.txt","A_45"
"45",156,"COL_52","v","col","lyr","Подолинский А.","Подолинский А.И.","Подолинский Андрей Иванович","Повести и мелкие стихотворения А. Подолинского. Ч. 2. Мелкие стихотворения","СПб.","А. Смирдина, И. Глазунова и Ко","1837","174","","21","РГБ","https://dlib.rsl.ru/01003823514","../../data/corpus1835/collections/raw_texts/unseparated_cols//156_1837.txt","A_46"
"46",163,"COL_56","v","col","lyr","Тимофеев А.В.","Тимофеев А.В.","Тимофеев Алексей Васильевич","Опыты. В 3 ч. Ч. 1. [Стихотворения]","СПб.","Н. Глазунова","1837","347","8","22","нб_спбгу","http://old.library.spbu.ru/dcol/jsp/RcWebImageViewer.jsp?doc_id=ad3db2a1-c807-461d-a5a8-c6905de40f77/libspbgu/00000001/00000957&pg_seq=1&search_doc=","../../data/corpus1835/collections/raw_texts/unseparated_cols//163_1837.txt","A_15"
"47",173,"COL_149","v","col","lyr","Пустельгин","Пустельгин","Пустельгин","Мои пенаты: Стихотворения Пустельгина","СПб.","Крайя","1837","32","16","13","нб_спбгу","https://dspace.spbu.ru/bitstream/11701/5595/4/Pustelgin_Moi_Penaty_1837.pdf","../../data/corpus1835/collections/raw_texts/unseparated_cols//173_1837.txt","A_53"
"48",175,"COL_151","v","col","lyr","","","","Стихотворения молодого Черкеса","М.","Ун. тип","1837","20","8","22","","","../../data/corpus1835/collections/raw_texts/unseparated_cols//175_1837.txt",""
"49",180,"COL_207","v","col","lyr","Шаршавый","Шаршавый П.Я.","Шаршавый Петр Якимович","Цевница, на 1837 год. Соч. Шаршавого (Альманах)","СПб.","Вингебера","1837","206","16","14","","","../../data/corpus1835/collections/raw_texts/unseparated_cols//180_1837.txt","A_58"
"50",344,"COL_224","v","col","lyr","Шахова Е.Н.","Шахова Е.Н.","Шахова Елисавета Никитична","Опыт в стихах пятнадцатилетней девицы Елисаветы Шаховой : Писано в 1836 г.","СПб.","Вингебера","1837","23","","22","","","../../data/corpus1835/collections/raw_texts/unseparated_cols//344_1837.txt","A_101"
"51",169,"COL_59","pr","alm","","Владиславлев В.А.","Владиславлев В.А.","Владиславлев Владимир Андреевич","Альманах на 1838 год составленный из литературных трудов и проч. Владиславлева","СПб.","Воен. тип.","1838","352","12","18","РГБ","https://dlib.rsl.ru/01003570420","../../data/corpus1835/collections/raw_texts/unseparated_cols//169_1838.txt","A_65"
"52",190,"COL_62","pr","col","lyr","Бестужев А.А. (Марлинский)","Бестужев А.А. (Марлинский)","Бестужев Александр Александрович","Полное собрание сочинений А. Марлинского. Ч. 11. Стихотворения и полемические статьи / Изд. 3-е","СПб.","III Отд. собств. Е.И.В. канц.","1838","354","","20","нб_спбгу","http://old.library.spbu.ru/dcol/jsp/RcWebImageViewer.jsp?doc_id=ad3db2a1-c807-461d-a5a8-c6905de40f77/libspbgu/00000001/00000473&pg_seq=1&search_doc=","../../data/corpus1835/collections/raw_texts/unseparated_cols//190_1838.txt","A_61"
"53",192,"COL_64","v","col","lyr","Вердеревский А.","Вердеревский А.","Вердеревский Александр","Стихотворения Александра Вердеревского","М.","Степанова","1838","65","8","23","","","../../data/corpus1835/collections/raw_texts/unseparated_cols//192_1838.txt","A_63"
"54",194,"COL_66","pr","alm","","Владиславлев","Владиславлев В.А.","Владиславлев Владимир Андреевич","Утренняя заря Альманах Владиславлева на 1839 год. 1-й год","СПб.","Фишера","1838","384","8","20","ЧБ","https://books.google.cz/books?vid=NKP:3186143606&printsec=frontcover#v=onepage&q&f=false","../../data/corpus1835/collections/raw_texts/unseparated_cols//194_1838.txt","A_65"
"55",195,"COL_67","v","col","lyr","Демидов М.","Демидов М.А.","Демидов Михаил Александрович","Разные разности. Стихотворения М. Демидова","М.","Семена","1838","119","","21","","","../../data/corpus1835/collections/raw_texts/unseparated_cols//195_1838.txt","A_66"
"56",197,"COL_68","v","sep","lyr","Доброхотов Ф.","Доброхотов Ф.","Доброхотов Феофил","Взгляд на поэзию Феофила Доброхотова","М.","Семена","1838","24","8","24","","","../../data/corpus1835/collections/raw_texts/unseparated_cols//197_1838.txt","A_67"
"57",200,"COL_72","v","col","lyr","Краснов С.","Краснов С.","Краснов Стахий","Стихи. Поэт и Мулла. Соч. Стахия Краснова [от поручика Краснова. 18 стр]","М.","Кирилова","1838","21","","17","ЧБ","https://books.google.com/books?id=NLD9sV5PsKIC&printsec=frontcover&source=gbs_ViewAPI","../../data/corpus1835/collections/raw_texts/unseparated_cols//200_1838.txt","A_71"
"58",202,"COL_74","v","col","lyr","Максимов М.И.","Максимов М.И.","Максимов Михаил Иванович","Патриотические песни: С прил. нот для пения и фортепиано / Соч. Михаила Максимова / Изд. 3-е","СПб.","Глазунова","1838","36","","23","РГБ","https://dlib.rsl.ru/01003559764","../../data/corpus1835/collections/raw_texts/unseparated_cols//202_1838.txt","A_73"
"59",203,"COL_75","v","col","lyr","Марков М.","Марков М.А.","Марков Михаил Александрович","Мечты и были: В 3 ч. Ч. 1. Стихотворения","СПб.","Праца","1838","207","","17","ЧБ","https://books.google.com/books?id=cSldXfvSM2IC&printsec=frontcover&source=gbs_ViewAPI","../../data/corpus1835/collections/raw_texts/unseparated_cols//203_1838.txt","A_74"
"60",207,"COL_78","v","col","lyr","Полежаев А.И.","Полежаев А.И.","Полежаев Александр Иванович","Арфа: Стихотворения Александра Полежаева","М.","Кирилова","1838","109","8","19","ЧБ","https://books.google.com/books?id=VnlpAAAAcAAJ&printsec=frontcover&source=gbs_ViewAPI","../../data/corpus1835/collections/raw_texts/unseparated_cols//207_1838.txt","A_26"
"61",208,"COL_79","v","col","lyr","Сушков Д.П.","Сушков Д.П.","Сушков Дмитрий Петрович","Стихотворения Д. Сушкова: Первая книжка","СПб.","Штаба отд. корп. внутр. стражи","1838","92","8","23","ЧБ","https://books.google.com/books?id=twfiA4EnQj0C&printsec=frontcover&source=gbs_ViewAPI","../../data/corpus1835/collections/raw_texts/unseparated_cols//208_1838.txt","A_77"
"62",211,"COL_82","v","col","lyr","В. М.","Макшеева В.Д.  / Молчанова В. ","Макшеева Варвара Дмитриевна / Молчанова В.","Стихотворения, сочиненные девицей B.М.","СПб.","Глазунова","1838","11","12","","","","../../data/corpus1835/collections/raw_texts/unseparated_cols//211_1838.txt","A_202"
"63",234,"COL_162","v","col","lyr","Раевич И.А.","Раевич  И.А.","Раевич Иван Александрович","Плоды вечерних безделок, сочинение Ивана Раевича","М.","Евреинова","1838","77","","23","ЧБ","https://books.google.com/books?id=rxbXPvLwf6cC&printsec=frontcover&source=gbs_ViewAPI","../../data/corpus1835/collections/raw_texts/unseparated_cols//234_1838.txt","A_81"
"64",240,"COL_168","v","col","lyr","Бакунин И.М.","Бакунин И.М.","Бакунин Илья Модестович","На все время и пора [Стихотворения]","СПб.","Неймана","1838","147","12","18","нб_спбгу","http://old.library.spbu.ru/dcol/jsp/RcWebImageViewer.jsp?doc_id=ad3db2a1-c807-461d-a5a8-c6905de40f77/libspbgu/00000001/00000457&pg_seq=1&search_doc=","../../data/corpus1835/collections/raw_texts/unseparated_cols//240_1838.txt","A_84"
"65",241,"COL_169","pr","col","lyr","Башкатов А.","Башкатов А.","Башкатов Алексей Васильевич","Быль и заблуждение моего ума и сердца. Соч. Алексея Башкатова, в стихах и прозе","М.","Евреинова","1838","303","8","23","ЧБ","https://books.google.com/books?id=Knddqqf_Y_sC&printsec=frontcover&source=gbs_ViewAPI","../../data/corpus1835/collections/raw_texts/unseparated_cols//241_1838.txt","A_134"
"66",249,"COL_204","v","alm","","","","","Сборник на 1838 год, составленный из литературных трудов: А.К. Бера, В.А. Владиславлева, Князя П.А. Вяземского, А.Н. Глинкиной, Ф.Н. Глинки, Е.П. Гребенки, Э.И. Губера, П.И. Каменского, И.И. Козлова, А.В. Козлова, Ф.А. Кони, А.Ф. Кораблинского, Н.В. Кукольника, М.М. Михайлова, Князя В.Ф. Одоевского <и мн. других>","СПб.","Воейкова и Ко","1838","321","8","21","нб_спбгу","http://old.library.spbu.ru/dcol/jsp/RcWebImageViewer.jsp?doc_id=ad3db2a1-c807-461d-a5a8-c6905de40f77/libspbgu/00000001/00000854&pg_seq=1&search_doc=","../../data/corpus1835/collections/raw_texts/unseparated_cols//249_1838.txt",""
"67",252,"COL_217","v","sep","lyr","Барановский В.","Барановский В.","Барановский Василий","Портрет Д. А. И. Р. Л. Соч. Василья Барановского","Одесса","Городская тип.","1838","3","4","25","РНБ","https://vivaldi.nlr.ru/bx000010159/view/#page=10","../../data/corpus1835/collections/raw_texts/unseparated_cols//252_1838.txt","A_86"
"68",257,"COL_91","v","col","lyr","Богданов Н.","Богданов Н.","Богданов Николай","Стихотворения Николая Богданова","М.","Семена","1839","50","8","19","","","../../data/corpus1835/collections/raw_texts/unseparated_cols//257_1839.txt","A_91"
"69",266,"COL_100","v","sep","lyr","Мысовский-Светогорский С.","Мысовский-Светогорский С.Д.","Мысовский-Светогорский Сергей Дмитриевич","Мысль о бессмертии: [Стихотворение]","СПб.","Глазунова","1839","15","8","22","","","../../data/corpus1835/collections/raw_texts/unseparated_cols//266_1839.txt","A_55"
"70",270,"COL_105","pr","alm","","Кукольник Н. (изд.)","Кукольник Н. (изд.)","Кукольник Н. (изд.)","Новогодник, собрание сочинений в прозе и стихах, современных русских писателей изданный Н. Кукольником","СПб.","Изд. Энц. Лексик. А. Плюшара","1839","422","8","22","РГБ","https://dlib.rsl.ru/01003570598","../../data/corpus1835/collections/raw_texts/unseparated_cols//270_1839.txt","A_162"
"71",274,"COL_108","v","sep","lyr","","","","Гробница на востоке: Полуоткрытая тайна: [Стихотворение]","М.","Смирнова","1839","24","","18","ЧБ","https://books.google.com/books?id=Dexjrf4JcoIC&printsec=frontcover&source=gbs_ViewAPI","../../data/corpus1835/collections/raw_texts/unseparated_cols//274_1839.txt",""
"72",276,"","v","sep","lyr","Поднебесный","Поднебесный М.М.","Поднебесный Михаил Михайлович","Стихотворение: Мысли при гробе Графа М.М. Сперанского","СПб.","Гутенбергова тип.","1839","3","","","нб_спбгу","http://old.library.spbu.ru/dcol/jsp/RcWebImageViewer.jsp?doc_id=ad3db2a1-c807-461d-a5a8-c6905de40f77/libspbgu/00000001/00000885&pg_seq=1&search_doc=","../../data/corpus1835/collections/raw_texts/unseparated_cols//276_1839.txt","A_87"
"73",277,"COL_114","v","col","lyr","Мягков Н.Н.","Мягков Н.Н.","Мягков Николай Иванович","Опыты в стихах Н. Мягкова","СПб.","Акад. наук","1839","54","12","18","нб_спбгу","http://old.library.spbu.ru/dcol/jsp/RcWebImageViewer.jsp?doc_id=ad3db2a1-c807-461d-a5a8-c6905de40f77/libspbgu/00000001/00000926&pg_seq=1&search_doc=","../../data/corpus1835/collections/raw_texts/unseparated_cols//277_1839.txt","A_102"
"74",285,"COL_119","v","col","lyr","","","","Бородинские акростихи","М.","Семена","1839","24","12","18","","","../../data/corpus1835/collections/raw_texts/unseparated_cols//285_1839.txt",""
"75",287,"COL_178","v","sep","lyr","Харинский Х.","Харинский Х.","Харинский Хрисанф","Гимн на восшествие Государя Императора Николая 1-го на Всероссийский престол. Написана Хрисанфом Харинским","СПб.","Фишера","1839","16","8","20","РГБ","https://dlib.rsl.ru/01003559988","../../data/corpus1835/collections/raw_texts/unseparated_cols//287_1839.txt","A_105"
"76",288,"COL_179","v","sep","lyr","","","","Куплеты, петые в день юбилея пятидесятилетней службы Ивана Федоровича Крузенштерна, 21-го января 1839 года : (На голос Витгенштейнова марша: Защитника Петрова града)","СПб.","Греча","1839","3","8","","нб_спбгу","http://old.library.spbu.ru/dcol/jsp/RcWebImageViewer.jsp?doc_id=ad3db2a1-c807-461d-a5a8-c6905de40f77/libspbgu/00000001/00000687&pg_seq=1&search_doc=","../../data/corpus1835/collections/raw_texts/unseparated_cols//288_1839.txt",""
"77",289,"","v","sep","lyr","","","","Вице-адмиралу Крузенштерну в день его юбилея 21 генваря 1839 : [Стихи]","СПб.","Акад. наук","1839","2","8","","нб_спбгу","http://old.library.spbu.ru/dcol/jsp/RcWebImageViewer.jsp?doc_id=ad3db2a1-c807-461d-a5a8-c6905de40f77/libspbgu/00000001/00000686&pg_seq=1&search_doc=","../../data/corpus1835/collections/raw_texts/unseparated_cols//289_1839.txt",""
"78",291,"COL_181","v","sep","lyr","Шаховской А.А.","Шаховской А.А.","Шаховской Александр Александрович","В день заложения Храма Спасителя в Москве, 1839 года, 10 сентября. Соч. Шаховского","М.","Смирнова","1839","4","4","","РНБ","https://vivaldi.nlr.ru/bx000012436/view/#page=","../../data/corpus1835/collections/raw_texts/unseparated_cols//291_1839.txt","A_106"
"79",298,"COL_201","pr","alm","","Бобылев Н.И.","Бобылев Н.И.","Бобылев Николай Иванович","Невский альбом. Литературный сборник, издаваемый Николаем Бобылевым","СПб.","Штаба отд. корп. внутр. стражи","1839","366","16","14","ЧБ","https://books.google.com/books?id=wDV_4kS887UC&printsec=frontcover&source=gbs_ViewAPI","../../data/corpus1835/collections/raw_texts/unseparated_cols//298_1839.txt","A_62"
"80",299,"COL_202","pr","alm","","","","","Опыты в Русской Словесности воспитанников Гимназии Белорусского Учебного Округа. Напечатанные по приказанию Г. Министра Народного Просвещения","Вильно","Гликсберга","1839","530","8","21","РГБ","https://dlib.rsl.ru/01003559963","../../data/corpus1835/collections/raw_texts/unseparated_cols//299_1839.txt",""
"81",300,"COL_210","pr","alm","","","","","Одесский Альманах, на 1839 год","Одесса","В город. т.","1839","618","16","16","","","../../data/corpus1835/collections/raw_texts/unseparated_cols//300_1839.txt",""
"82",301,"COL_211","pr","alm","","","","","Одесский Альманах, на 1840 год","Одесса","В город. т.","1840","708","16","16","","","../../data/corpus1835/collections/raw_texts/unseparated_cols//301_1840.txt",""
"83",306,"COL_127","v","sep","lyr","Данков И.И.","Данков И.И.","Данков Иван Иванович","Могила боярина Артамона Сергеевича Матвеева: [Стихотворение]","М.","Степанова","1840","24","","20","ЧБ","https://books.google.com/books?id=SHlpAAAAcAAJ&printsec=frontcover&source=gbs_ViewAPI","../../data/corpus1835/collections/raw_texts/unseparated_cols//306_1840.txt","A_111"
"84",312,"COL_128","v","col","lyr","Демидов М.А.","Демидов М.А.","Демидов Михаил Александрович","Дельные безделки: Стихотворения М. Демидова","М.","Семена","1840","121","12","20","ЧБ","https://books.google.com/books?id=uoLyAXdvQskC&printsec=frontcover&source=gbs_ViewAPI","../../data/corpus1835/collections/raw_texts/unseparated_cols//312_1840.txt","A_66"
"85",315,"COL_131","v","col","lyr","Лермонтов М.Ю.","Лермонтов М.Ю.","Лермонтов Михаил Юрьевич","Стихотворения М. Лермонтова","СПб.","Глазунова и Ко","1840","168","12","19","ЧБ","https://books.google.com/books?id=nW1pAAAAcAAJ&printsec=frontcover&source=gbs_ViewAPI","../../data/corpus1835/collections/raw_texts/unseparated_cols//315_1840.txt","A_114"
"86",316,"COL_132","v","col","lyr","Некрасов Н.А.","Некрасов Н.А.","Некрасов Николай Алексеевич","Мечты и звуки. Стихотворения Н.Н.","СПб.","Алипанова","1840","103","8","24","РГБ","https://dlib.rsl.ru/01006581005","../../data/corpus1835/collections/raw_texts/unseparated_cols//316_1840.txt","A_115"
"87",318,"COL_133","v","col","lyr","Папкевич А.","Папкевич А.","Папкевич Александр","Стихотворения Александра Папкевича","СПб.","3 Деп. М-ва гос. имуществ","1840","80","12","20","нб_спбгу","http://old.library.spbu.ru/dcol/jsp/RcWebImageViewer.jsp?doc_id=ad3db2a1-c807-461d-a5a8-c6905de40f77/libspbgu/00000001/00000995","../../data/corpus1835/collections/raw_texts/unseparated_cols//318_1840.txt","A_116"
"88",319,"COL_134","v","col","lyr","Слепушкин Ф.","Слепушкин Ф.Н.","Слепушкин Федор Никифорович","Новые досуги Федора Слепушкина","СПб.","Акад. наук","1840","109","8","24","","","../../data/corpus1835/collections/raw_texts/unseparated_cols//319_1840.txt","A_117"
"89",320,"COL_135","v","col","lyr","А. Ф.","Фет А.А.","Фет Афанасий Афанасьевич","Лирический пантеон. А.Ф.","М.","Селивановского","1840","109","","21","","","../../data/corpus1835/collections/raw_texts/unseparated_cols//320_1840.txt","A_118"
"90",324,"COL_187","v","col","lyr","","","","Три песни патриота","СПб.","3 Деп. М-ва гос. имуществ","1840","24","12","21","РГБ","https://dlib.rsl.ru/01003560269","../../data/corpus1835/collections/raw_texts/unseparated_cols//324_1840.txt",""
"91",325,"COL_188","pr","alm","","Бобылев Н.И.","Бобылев Н.И.","Бобылев Николай Иванович","Невский альбом, издаваемый Николаем Бобылевым. Год второй. Т. 1.","СПб.","Воен. тип.","1840","334","16","14","ЧБ","https://books.google.cz/books?vid=NKP:3186143597-001&printsec=frontcover#v=onepage&q&f=false","../../data/corpus1835/collections/raw_texts/unseparated_cols//325_1840.txt","A_62"
"92",327,"COL_190","v","col","lyr","Алексеев П.Ф.","Алексеев П.Ф.","Алексеев Петр Федорович","Лирические стихотворения и сказки","Дерпт","Лаакманна","1840","180","12","17","UT","https://dspace.ut.ee/handle/10062/1868","../../data/corpus1835/collections/raw_texts/unseparated_cols//327_1840.txt","A_121"
"93",335,"COL_198","v","sep","lyr","Ободовский П.","Ободовский П.Г.","Ободовский Платон Григорьевич","Царский цветник : Der Kaisergarten. Ein Gedicht von P. Obodofskoy. Uebers. [в стихах] von Karl Friedrich von Grossheinrich","СПб.","Глазунова и Ко","1840","21","","20","ЧБ","https://books.google.com/books?id=R4dvpCRljCgC&printsec=frontcover&source=gbs_ViewAPI","../../data/corpus1835/collections/raw_texts/unseparated_cols//335_1840.txt","A_127"
"94",352,"COL_233","pr","alm","","Максимович М.","Максимович М.","Максимович Михаил Александрович","Киевлянин на 1840 год. Книга I. Изд. Михаил Максимович","Киев","Ун. тип","1840","256","8","21","ЧБ","https://books.google.com/books?id=DzY_BXXMInEC&printsec=frontcover&source=gbs_ViewAPI","../../data/corpus1835/collections/raw_texts/unseparated_cols//352_1840.txt","A_104"
"95",900,"","v","col","lyr","Семенов П.","Семенов П.","Семенов Платон","Минуты благоговения. Соч. Платона Семенова","СПб.","Плюшара","1835","29","","","нб_спбгу","http://old.library.spbu.ru/dcol/jsp/RcWebImageViewer.jsp?doc_id=ad3db2a1-c807-461d-a5a8-c6905de40f77/libspbgu/00000001/00000897&pg_seq=1&search_doc=","../../data/corpus1835/collections/raw_texts/unseparated_cols//900_1835.txt","A_297"
"96",901,"","v","sep","lyr","","","","Застольная песня","СПб.","","1840","1","","","нб_спбгу","http://old.library.spbu.ru/dcol/jsp/RcWebImageViewer.jsp?doc_id=ad3db2a1-c807-461d-a5a8-c6905de40f77/libspbgu/00000001/00000806&pg_seq=1&search_doc=","../../data/corpus1835/collections/raw_texts/unseparated_cols//901_1840.txt",""
"97",1027,"COL_6","v","col","lyr","Кожухов Н.","Кожухов Н.С.","Кожухов Николай Степанович","Стихотворения Н. Кожухова","М.","Ун. тип","1835","24","8","20","","","../../data/corpus1835/collections/raw_texts/unseparated_cols//1027_1835.txt","A_6"
"98",1292,"","v","sep","lyr","Сиянов","Сиянов П.Г.","Сиянов Петр Гаврилович","Ек... Ив... Б.л.г.в.кой : Стихотворение","СПб.","Штаба отд. корп. внутр. стражи","1840","4","","","РНБ","https://vivaldi.nlr.ru/bx000028079/view/#page=","../../data/corpus1835/collections/raw_texts/unseparated_cols//1292_1840.txt","A_298"
"99",160,"COL_54","v","col","lyr","Смирнова А.","Смирнова А.","Смирнова Анна","Собрание различных стихотворений. Соч. Анны Смирновой. Изд. 1-е","СПб.","Вингебера","1837","145","8","22","РГБ","https://dlib.rsl.ru/01003559653","","A_48"
"100",185,"COL_60","pr","col","lyr","Аладьина Е.В.","Аладьина Е.В.","Аладьина Елизавета Васильевна","Сочинения Е.В.А…","СПб.","Вингебера","1838","24","","24","РГБ","https://dlib.rsl.ru/01003559619","","A_60"
"101",204,"COL_76","v","col","lyr","Онисимова Д.А.","Анисимова Д.А.","Анисимова (Онисимова) Домна Анисимовна","Стихи бедной девицы, слепой дочери деревенского пономаря, сообщенные в Императорскую Российскую Академию, и от ней изданные","СПб.","Акад. наук","1838","27","","20","","","","A_75"
"102",209,"COL_80","v","col","lyr","Теплова Н.С.","Теплова Н.С.","Терюхина (Теплова) Надежда Сергеевна","Стихотворения Н. Тепловой. Изд. 2, умноженное","М.","Лазаревых","1838","78","16","15","РГБ (1-е изд.)","https://dlib.rsl.ru/01003558839","","A_78"
"103",264,"COL_98","v","col","lyr","Кульман Е.Б.","Кульман Е.Б.","Кульман Елизавета Борисовна","Полное собрание Русских, Немецких и Италиянских Стихотворений Елисаветы Кульман. Кн. 1. Пиитические опыты. Изд. 2-е","СПб.","Акад. наук","1839","207","","24","нб_спбгу","http://old.library.spbu.ru/dcol/jsp/RcWebImageViewer.jsp?doc_id=ad3db2a1-c807-461d-a5a8-c6905de40f77/libspbgu/00000001/00001002&pg_seq=1&search_doc=","","A_96"
"104",269,"COL_104","v","col","lyr","Шахова Е.Н.","Шахова Е.Н.","Шахова Елисавета Никитична","Стихотворения Елизаветы Шаховой","СПб.","Акад. наук","1839","120","8","20","РГБ","https://dlib.rsl.ru/01003560015","","A_101"
