"","id","COL_ID","poetry_prose","book_type","genre","special_tag","author_sign","author","author_full_name","title","city","publisher","year","pages","size_fold","size_cm","digital_copy","digital_copy_URL","group","group_abbr","group_eng","A_ID"
"1",688,NA,"v","sep","lyr","","Аксаков К.","Аксаков К.С.","Аксаков Константин Сергеевич","Стихи, читанные в день празднования учреждения Императорского Московского университета 12-го января 1835","М.","Ун. тип",1835,4,"",25,"","","Отд. стихотворения","sep_lyr","Lyric booklets","A_226"
"2",68,"COL_2","v","col","lyr","","Баратынский Е.","Баратынский Е.А.","Баратынский Евгений Абрамович","Сочинения Е. Баратынского: В 2 ч.","М.","Семена",1835,189,"8",22,"РГБ","https://dlib.rsl.ru/01003570129","Сборники стихотворений","col_lyr","Lyric collections","A_2"
"3",849,NA,"v","sep","lyr","","Бём А.","Бём А.","Бём Андрей","Утренняя зоря : Стих к Светлому Христову воскресенью","СПб.","Гинце",1835,8,"",18,"","","Отд. стихотворения","sep_lyr","Lyric booklets","A_287"
"4",90,"COL_200","v","col","lyr","","Бенедиктов В.","Бенедиктов В.Г.","Бенедиктов Владимир Григорьевич","Стихотворения Владимира Бенедиктова","СПб.","Вингебера",1835,106,"8",20,"нб_спбгу","http://old.library.spbu.ru/dcol/jsp/RcWebImageViewer.jsp?doc_id=ad3db2a1-c807-461d-a5a8-c6905de40f77/libspbgu/00000001/00000396&pg_seq=1&search_doc=","Сборники стихотворений","col_lyr","Lyric collections","A_18"
"5",682,NA,"v","sep","lyr","","","Бенецкий Н.Ф.","Бенецкий Николай Францевич","За царя : [Стихотворение] / Пер. Н. Б-н-ц-кий","Ревель","",1835,2,"",NA,"","","Отд. стихотворения","sep_lyr","Lyric booklets","A_288"
"6",69,"COL_3","pr","col","lyr","","Венгер Н.","Венгер Н.","Венгер Николай","Сочинения Николая Венгера в стихах и прозе","М.","Селивановского",1835,68,"12",20,"","drive/photos/17","Сборники стихотворений","col_lyr","Lyric collections","A_3"
"7",83,"COL_13","v","col","lyr","","Геевский С.Л.","Геевский С.Л.","Геевский Степан Лукич","Сочинения и переводы в стихах С.Г.","Харьков","Ун. тип",1835,61,"8",22,"","drive/photos/17","Сборники стихотворений","col_lyr","Lyric collections","A_13"
"8",689,NA,"v","sep","lyr","","б. издатель Рус. вестн","Глинка С.Н.","Глинка Сергей Николаевич","Сила ласки : [Стихотворение] И.М. Снегиреву, издателю русских пословиц. Мая 8-го 1835","М.","Лазаревых",1835,4,"",20,"","","Отд. стихотворения","sep_lyr","Lyric booklets","A_251"
"9",70,"COL_4","v","col","lyr","","Деларю М.","Деларю М.Д.","Деларю Михаил Данилович","Опыты в стихах Михаила Деларю","СПб.","Деп. внешней торговли",1835,152,"8",20,"нб_спбгу","http://old.library.spbu.ru/dcol/jsp/RcWebImageViewer.jsp?doc_id=ad3db2a1-c807-461d-a5a8-c6905de40f77/libspbgu/00000001/00000656&pg_seq=1&search_doc=","Сборники стихотворений","col_lyr","Lyric collections","A_4"
"10",91,NA,"v","col","lyr; nar","","Жуковский В.А.","Жуковский В.А.","Жуковский Василий Андреевич","Стихотворения Василья Жуковского: В 8 ч. / Изд. 4-е. Т. 1. Орлеанская дева; лирические стихотворения","СПб.","Экс. загот. гос. бумаг",1835,292,"",22,"РГБ","https://dlib.rsl.ru/01003819724","Сборники стихотворений","col_lyr","Lyric collections","A_19"
"11",92,"COL_212","v","col","lyr","","Жуковский В.А.","Жуковский В.А.","Жуковский Василий Андреевич","Стихотворения Василья Жуковского: В 8 ч. / Изд. 4-е. Т. 2. Романсы и песни. Элегии. Послания","СПб.","Экс. загот. гос. бумаг",1835,258,"",22,"РГБ","https://dlib.rsl.ru/01003819723 ","Сборники стихотворений","col_lyr","Lyric collections","A_19"
"12",342,"COL_182","v","col","lyr","","Зилов А.","Зилов А.М.","Зилов Алексей Михайлович","Басни Алексея Зилова. Ч. 5","М.","Лазаревых",1835,69,"16",15,"","","Сборники стихотворений","col_lyr","Lyric collections","A_5"
"13",71,"COL_5","v","col","lyr","","Зилов А.","Зилов А.М.","Зилов Алексей Михайлович","Стихотворения Алексея Зилова [Тетрадь 1-я]","М.","Лазаревых",1835,115,"12",23,"","drive/photos","Сборники стихотворений","col_lyr","Lyric collections","A_5"
"14",73,"COL_7","v","col","lyr","","Кольцов А.","Кольцов А.В.","Кольцов Алексей Васильевич","Стихотворения Алексея Кольцова","М.","Степанова",1835,40,"8",22,"РГБ","https://dlib.rsl.ru/01003559154","Сборники стихотворений","col_lyr","Lyric collections","A_7"
"15",692,NA,"v","sep","lyr","","Красноглазов А.","Красноглазов А.","Красноглазов А.","[Стихотв.] Его высокородию, директору Московского коммерческого училища... Титу Алексеевичу Каменецкому, усерднейшее приношение, по случаю получения им от монарших щедрот ордена Станислава 2-й степени, от признательных воспитанников Московского коммерческого училища","М.","",1835,4,"",NA,"","","Отд. стихотворения","sep_lyr","Lyric booklets","A_290"
"16",633,NA,"v","col","lyr","double","Крылов И.","Крылов И.А.","Крылов Иван Андреевич","Басни Ивана Крылова : В 8 кн. 30-я тысяча. ","СПб.","Смирдина",1835,410,"4",11,"","","Сборники стихотворений","col_lyr","Lyric collections","A_218"
"17",74,NA,"pr","col","lyr","","Лебедев В. (изд.)","Лебедев В.","","Осенний вечер: [Сб. рассказов и стихов], изданный В. Лебедевым","СПб.","Вингебера",1835,238,"12",18,"ЧБ","https://books.google.com/books?id=0z1M1S2mJFkC&printsec=frontcover&source=gbs_ViewAPI","Сборники стихотворений","col_lyr","Lyric collections","A_8"
"18",1330,NA,"v","col","lyr","","Майков М.","Майков М.А.","Майков Михаил Александрович","Новые басни","М.","Ун. тип",1835,NA,"",NA,"","","Сборники стихотворений","col_lyr","Lyric collections","A_34"
"19",691,NA,"v","sep","lyr","","Малышев Г.","Малышев Г.Г.","Малышев Григорий Григорьевич","На случай отправления гвардейского отряда в Калиш 14-26-го июля 1835-го года : Стихи сии написаны музыкантом лейб-гвардии Егер. полка Малышевым. ","СПб.","druck. von C. Krav",1835,5,"",19,"РГБ","https://dlib.rsl.ru/01003559123 ","Отд. стихотворения","sep_lyr","Lyric booklets","A_148"
"20",75,"COL_9","v","col","lyr","","Меркли М.","Меркли М.М.","Меркли Михаил Маркович","Стихотворения Михаила Меркли","М.","Степанова",1835,108,"8",22,"","drive/photos/1510","Сборники стихотворений","col_lyr","Lyric collections","A_9"
"21",78,"COL_10","v","col","lyr","","Мятлев И.П.","Мятлев И.П.","Мятлев Иван Петрович","Собрание стихотворений","СПб.","Гинце",1835,79,"",22,"archive.org","https://archive.org/details/polnoesobranies1v2miat/page/n5/mode/2up ","Сборники стихотворений","col_lyr","Lyric collections","A_10"
"22",79,NA,"v","col","lyr; nar","","Пушкин А.С.","Пушкин А.С.","Пушкин Александр Сергеевич","Поэмы и повести Александра Пушкина. Ч. 1.","СПб.","Смирдина",1835,232,"",20,"ЧБ","https://books.google.com/books?id=rNhdAAAAcAAJ&printsec=frontcover&source=gbs_ViewAPI","Сборники стихотворений","col_lyr","Lyric collections","A_11"
"23",80,NA,"v","col","lyr; nar","","Пушкин А.С.","Пушкин А.С.","Пушкин Александр Сергеевич","Поэмы и повести Александра Пушкина. Ч. 2.","СПб.","Смирдина",1835,221,"",20,"ЧБ","https://books.google.cz/books?vid=NKP:3186164848-001&printsec=frontcover#v=onepage&q&f=false","Сборники стихотворений","col_lyr","Lyric collections","A_11"
"24",81,"COL_11","v","col","lyr","","Пушкин А.С.","Пушкин А.С.","Пушкин Александр Сергеевич","Стихотворения Александра Пушкина. Ч. 4.","СПб.","Акад. наук",1835,189,"",20,"ЧБ","https://books.google.cz/books?vid=NKP:3186164847&printsec=frontcover#v=onepage&q&f=false","Сборники стихотворений","col_lyr","Lyric collections","A_11"
"25",82,"COL_12","v","col","lyr","","Риль Ю.","Риль Ю.","","Четыре русских песни / С аккомп. ф-п. посвященные Ее Сиятельству Графине Наталье Павловне Строгоновой Ю. Рилем.","СПб.","Пеца",1835,11,"",NA,"","drive/natasha","Сборники стихотворений","col_lyr","Lyric collections","A_12"
"26",84,"COL_14","v","col","lyr","","","Савурский Н.","Савурский Николай","Весенняя ветка. Стихотворения","СПб.","Крыловского",1835,70,"",20,"нб_спбгу","http://old.library.spbu.ru/dcol/jsp/RcWebImageViewer.jsp?doc_id=ad3db2a1-c807-461d-a5a8-c6905de40f77/libspbgu/00000001/00000934&pg_seq=1&search_doc=","Сборники стихотворений","col_lyr","Lyric collections","A_14"
"27",900,NA,"v","col","lyr","","Семенов П.","Семенов П.","Семенов Платон","Минуты благоговения. Соч. Платона Семенова","СПб.","Плюшара",1835,29,"",NA,"нб_спбгу","http://old.library.spbu.ru/dcol/jsp/RcWebImageViewer.jsp?doc_id=ad3db2a1-c807-461d-a5a8-c6905de40f77/libspbgu/00000001/00000897&pg_seq=1&search_doc=","Сборники стихотворений","col_lyr","Lyric collections","A_297"
"28",85,"COL_15","v","col","lyr","","Т-м-ф-в","Тимофеев А.В.","Тимофеев Алексей Васильевич","Песни: В 2 ч.","СПб.","Гинце",1835,178,"",20,"нб_спбгу","http://old.library.spbu.ru/dcol/jsp/RcWebImageViewer.jsp?doc_id=ad3db2a1-c807-461d-a5a8-c6905de40f77/libspbgu/00000001/00000973&pg_seq=1&search_doc=","Сборники стихотворений","col_lyr","Lyric collections","A_15"
"29",86,"COL_16","v","sep","lyr","","Топчибашев М. Д.","Топчибашев М. Д.","Топчибашев Мирза Джафар","На памятник Императору Александру I. Два стихотворения на Персидском и турецком языках Мирзы Джафара Топчибашева","СПб.","Акад. наук",1835,7,"",26,"РГБ","https://dlib.rsl.ru/01003570203 ","Отд. стихотворения","sep_lyr","Lyric booklets","A_16"
"30",690,NA,"v","sep","lyr","","Хвостов Д.","Хвостов Д. И.","Хвостов Дмитрий Иванович","А... Л...... О...... ой 1835 года июля 26 дня","СПб.","Вингебера",1835,1,"",22,"","","Отд. стихотворения","sep_lyr","Lyric booklets","A_299"
"31",687,NA,"v","sep","lyr","","Хвостов Д.","Хвостов Д. И.","Хвостов Дмитрий Иванович","Стихи на освящение Собора всех учебных заведений в России июля 20 дня 1835 года / граф Хвостов","СПб.","Вингебера",1835,4,"",21,"","","Отд. стихотворения","sep_lyr","Lyric booklets","A_299"
"32",684,NA,"v","col","lyr","","Хлебников Н.","Хлебников Н.","Хлебников Н.","Подарок друзьям в Новый год : [Сб. стихотворений] Н. Х.......ва","СПб.","Гинце",1835,19,"",20,"","","Сборники стихотворений","col_lyr","Lyric collections","A_300"
"33",89,"COL_141","v","col","lyr","","Цитович Н.","Цитович Н.Д.","Цитович Николай Дмитриевич","Басни Н. Цитовича","СПб.","Крайя",1835,28,"8",20,"","","Сборники стихотворений","col_lyr","Lyric collections","A_17"
"34",67,"COL_1","v","col","lyr; nar","","А. Я-в","Яковлев А.","Яковлев А.","Кривой бес. Русская сказка [Стихотворения]","СПб.","Вингебера",1835,35,"8",19,"","drive/photos","Сборники стихотворений","col_lyr","Lyric collections","A_303"
"35",1090,NA,"v","alm","","songs","","","","Арфа златострунная, или песенник","М.","Степанова",1835,NA,"8",NA,"","","Альманахи","alm","Almanacks",NA
"36",356,NA,"v","alm","","","","","","Весенние цветы, или Собрание романсов, баллад и песен Пушкина, Жуковского, Козлова, Баратынского, Туманского, Ф. Глинки, Ознобишина, Раича, Маркевича, Вяземского и проч.","М.","Пономарева",1835,222,"12",17,"РГБ","https://dlib.rsl.ru/01003570149","Альманахи","alm","Almanacks",NA
"37",683,NA,"v","sep","lyr","","","","","Князю Дмитрию Владимировичу Голицыну : [Стихотворение]","М.","Семена",1835,2,"",NA,"","","Отд. стихотворения","sep_lyr","Lyric booklets",NA
"38",357,NA,"pr","alm","","","","","","Летопись факультетов на 1835 год, изданная в двух книгах А. Галичем и В. Плаксиным. Кн. 1.","СПб.","Глазунова",1835,238,"8",20,"","drive/natasha","Альманахи","alm","Almanacks",NA
"39",87,"COL_17","v","sep","lyr","","","","","Стихотворение на столетие литейного дома с арсенала в Петербурге 1835 года 6 августа","СПб.","Вингебера",1835,1,"",NA,"","","Отд. стихотворения","sep_lyr","Lyric booklets",NA
"40",130,NA,"v","col","lyr","","А. Ф. Ф.","А. Ф. Ф.","А. Ф. Ф.","Роза и Василек. Соч. А.Ф.Ф.","СПб.","Экс. загот. гос. бумаг",1836,11,"",11,"","","Сборники стихотворений","col_lyr","Lyric collections","A_285"
"41",95,"COL_19","v","col","lyr","","Аполлон де ***","Аполлон де ***","","Стихотворения Аполлона де ***","М.","Селивановского",1836,41,"8",24,"ЧБ","https://books.google.com/books?id=Si2NzYwy5K8C&printsec=frontcover&source=gbs_ViewAPI","Сборники стихотворений","col_lyr","Lyric collections","A_20"
"42",96,"COL_20","v","col","lyr","double","Бенедиктов В.","Бенедиктов В.Г.","Бенедиктов Владимир Григорьевич","Стихотворения Владимира Бенедиктова / Изд. 2-е","СПб.","Гинце",1836,132,"8",21,"нб_спбгу","http://old.library.spbu.ru/dcol/jsp/RcWebImageViewer.jsp?doc_id=ad3db2a1-c807-461d-a5a8-c6905de40f77/libspbgu/00000001/00000397&pg_seq=1&search_doc=","Сборники стихотворений","col_lyr","Lyric collections","A_18"
"43",97,NA,"v","col","lyr; nar","","Вельтман А.","Вельтман А.Ф.","Вельтман Александр Фомич","Беглец : Повесть в стихах : С присовокуплением пяти стихотворений","М.","Н. Глазунова",1836,74,"",17,"РГБ","https://dlib.rsl.ru/01003571122","Сборники стихотворений","col_lyr","Lyric collections","A_176"
"44",99,"COL_22","v","col","lyr","","Зилов А.","Зилов А.М.","Зилов Алексей Михайлович","Стихотворения Алексея Зилова. Тетрадь 2-я","М.","Лазаревых",1836,68,"12",23,"","","Сборники стихотворений","col_lyr","Lyric collections","A_5"
"45",101,"COL_23","v","col","lyr","","Кашкин Д.","Кашкин Д.Е.","Кашкин Дмитрий Евгеньевич","Сочинения Дмитрия Кашкина: В 3 т. Т. 1","М.","Степанова",1836,468,"8",21,"","drive/natasha","Сборники стихотворений","col_lyr","Lyric collections","A_22"
"46",124,"COL_38","pr","col","lyr","","Кульчицкий А.","Кульчицкий А.","Кульчицкий Александр Яковлевич","Надежда. Собрание сочинений в стихах и прозе / Изд. А. Кульчицкий [Студ. сб.]","Харьков","Ун. тип",1836,284,"8",20,"","drive/photos/17","Сборники стихотворений","col_lyr","Lyric collections","A_33"
"47",107,"COL_24","pr","col","lyr","","Лавров Н.","Лавров Н.","Лавров Н.","Нравственные результаты XIX века, и стихотворения. Соч. Н. Лаврова","СПб.","Вингебера",1836,73,"8",26,"","drive/photos/15","Сборники стихотворений","col_lyr","Lyric collections","A_23"
"48",128,"COL_143","v","col","lyr","double","Майков М.","Майков М.А.","Майков Михаил Александрович","Басни Михайла Майкова","Ярославль","Губ. правления",1836,30,"8",22,"","","Сборники стихотворений","col_lyr","Lyric collections","A_34"
"49",1267,NA,"v","col","lyr","","Максимов М.","Максимов М.И.","Максимов Михаил Иванович","Патриотические песни : Тетрадь 1","СПб.","Ун. тип",1836,26,"",NA,"","","Сборники стихотворений","col_lyr","Lyric collections","A_73"
"50",1268,NA,"v","col","lyr","","Максимов М.","Максимов М.И.","Максимов Михаил Иванович","Патриотические песни : Тетрадь 2","М.","Ун. тип",1836,13,"",NA,"","","Сборники стихотворений","col_lyr","Lyric collections","A_73"
"51",111,"COL_25","v","col","lyr","","Мейснер А.","Мейснер А.Я.","Мейснер Алексей Яковлевич","Стихотворения Алексея Мейснера","М.","Семена",1836,270,"12",19,"ЧБ","https://books.google.com/books?id=iHZpAAAAcAAJ&printsec=frontcover&source=gbs_ViewAPI","Сборники стихотворений","col_lyr","Lyric collections","A_24"
"52",77,NA,"v","col","lyr","","Меркли М.","Меркли М.М.","Меркли Михаил Маркович","Стихотворения Михаила Меркли","М.","Кирилова",1836,119,"",20,"","drive/photos/15","Сборники стихотворений","col_lyr","Lyric collections","A_9"
"53",155,NA,"v","col","lyr; nar","","Подолинский А.","Подолинский А.И.","Подолинский Андрей Иванович","Повести и мелкие стихотворения А. Подолинского. Ч. 1.","СПб.","А. Смирдина, И. Глазунова и Ко",1836,171,"8",21,"РГБ","https://dlib.rsl.ru/01003823515","Сборники стихотворений","col_lyr","Lyric collections","A_46"
"54",112,"COL_27","v","col","lyr","double","Полежаев А.И.","Полежаев А.И.","Полежаев Александр Иванович","Кальян. Стихотворения Полежаева / Изд. 2","М.","Ун. тип",1836,131,"12",17,"ЧБ","https://books.google.com/books?id=tiCc6NXOlU0C&printsec=frontcover&source=gbs_ViewAPI","Сборники стихотворений","col_lyr","Lyric collections","A_26"
"55",113,"COL_28","v","col","lyr","double","Пуговишников А.М.","Пуговишников А.М.","Пуговишников Александр Михайлович","Песни, романсы и стихотворения А.П. / Изд. 2","М.","Кирилова",1836,95,"16",15,"","","Сборники стихотворений","col_lyr","Lyric collections","A_27"
"56",114,"COL_29","v","col","lyr","","Суханов М.","Суханов М.Д.","Суханов Михаил Дмитриевич","Время не праздно. Стихотворения крестьянина М. Суханова","СПб.","Вингебера",1836,112,"12",17,"нб_спбгу","http://old.library.spbu.ru/dcol/jsp/RcWebImageViewer.jsp?doc_id=ad3db2a1-c807-461d-a5a8-c6905de40f77/libspbgu/00000001/00000951&pg_seq=1&search_doc=","Сборники стихотворений","col_lyr","Lyric collections","A_28"
"57",115,"COL_30","v","col","lyr","","Суханов М.","Суханов М.Д.","Суханов Михаил Дмитриевич","Мои сельские досуги","СПб.","Вингебера",1836,110,"12",17,"нб_спбгу","http://old.library.spbu.ru/dcol/jsp/RcWebImageViewer.jsp?doc_id=ad3db2a1-c807-461d-a5a8-c6905de40f77/libspbgu/00000001/00000950&pg_seq=1&search_doc=","Сборники стихотворений","col_lyr","Lyric collections","A_28"
"58",117,"COL_32","v","col","lyr","","Тепляков В.Г.","Тепляков В.Г.","Тепляков Виктор Григорьевич","Стихотворения Виктора Теплякова. Т. 2. Фракийские элегии. (Писаны в 1829-м г.). Стихотворения разных годов.","СПб.","Гутенбергова тип.",1836,194,"8",22,"нб_спбгу","http://old.library.spbu.ru/dcol/jsp/RcWebImageViewer.jsp?doc_id=ad3db2a1-c807-461d-a5a8-c6905de40f77/libspbgu/00000001/00000974&pg_seq=1&search_doc=","Сборники стихотворений","col_lyr","Lyric collections","A_30"
"59",118,"COL_33","v","col","lyr","","Тростин Х.","Тростин Х.Д.","Тростин Христофор","Стихотворения Христофора Тростина","М.","Ун. тип",1836,32,"8",24,"","drive/photos","Сборники стихотворений","col_lyr","Lyric collections","A_31"
"60",132,"COL_213","v","sep","lyr","","Тяпкин","Тяпкин","Тяпкин","Глас приветствия сирот своему попечителю отцу","М.","Лазаревых",1836,NA,"8",NA,"","","Отд. стихотворения","sep_lyr","Lyric booklets","A_35"
"61",343,"COL_222","v","col","lyr","","","Ушаков А.А.","Ушаков А.А.","Рукописи из зеленого портфеля","М.","Семена",1836,182,"",22,"ЧБ","https://books.google.com/books?id=ncYzMSLF4v0C&printsec=frontcover&source=gbs_ViewAPI","Сборники стихотворений","col_lyr","Lyric collections","A_135"
"62",119,"COL_34","v","col","lyr; nar","","Цимбалин К.","Цимбалин К.И.","Цимбалин Константин Иванович","Сказки и басни К. Цимбалина: В 5 кн.","СПб.","Праца",1836,199,"16",14,"","drive/natasha","Сборники стихотворений","col_lyr","Lyric collections","A_32"
"63",693,NA,"v","sep","lyr","","П.Ш.","Шереметевский П.В.","Шереметевский Петр Васильевич","История основания и открытия Императорского Московского воспитательного дома ; [Заветный день, или Сердечное излияние чувствований воспитанника Императорского Московского воспитательного дома в день основания оного, 21 апреля] : [Стихотворение] / Соч. П.Ш.","М.","Степанова",1836,103,"",18,"","","Отд. стихотворения","sep_lyr","Lyric booklets","A_301"
"64",131,"COL_206","pr","col","lyr","","Щукин К.","Щукин К.","Щукин К.","Литературные занятия","СПб.","Акад. наук",1836,252,"8",20,"ЧБ","https://books.google.com/books?id=Y0c64PMcHJQC&printsec=frontcover&source=gbs_ViewAPI","Сборники стихотворений","col_lyr","Lyric collections","A_302"
"65",127,"COL_142","v","sep","lyr","","","","","Куплеты, петые в московском Английском клубе 14 ноября 1836, по случаю праздника, данного членами оного его сиятельству князю Дмитрию Владимировичу Голицыну","М.","Семена",1836,3,"",NA,"","","Отд. стихотворения","sep_lyr","Lyric booklets",NA
"66",1094,NA,"v","alm","lyr","songs; ukr lang","","","","Малороссийские и червонорусские народные думы и песни","СПб.","Праца",1836,NA,"8",NA,"","","Альманахи","alm","Almanacks",NA
"67",121,"COL_35","v","alm","","","","","","Маскерад. Подарок прекрасному полу на 1837 год","СПб.","Гинце",1836,35,"",16,"нб_спбгу","http://old.library.spbu.ru/dcol/jsp/RcWebImageViewer.jsp?doc_id=ad3db2a1-c807-461d-a5a8-c6905de40f77/libspbgu/00000001/00000888&pg_seq=1&search_doc=","Альманахи","alm","Almanacks",NA
"68",122,"COL_36","v","col","lyr","","","","","Мечты при луне. Стихотворения","М.","Кирилова",1836,27,"",19,"","drive/photos","Сборники стихотворений","col_lyr","Lyric collections",NA
"69",125,"COL_39","v","alm","","","Крыловский В.","Крыловский В.","","Мое новоселье. Альманах на 1836 год, изд. В. Крыловским","СПб.","Крылова",1836,206,"",12,"ЧБ","https://books.google.com/books?id=paNeAAAAcAAJ&printsec=frontcover&source=gbs_ViewAPI","Альманахи","alm","Almanacks","A_291"
"70",133,"COL_219","v","sep","lyr","ortho","","","","Хвалебное приношение веры новопрославленному Святителю Митрофану, Епископу Воронежскому. Стихотворение в пяти песнях","М.","Ун. тип",1836,119,"8",24,"","","Отд. стихотворения","sep_lyr","Lyric booklets",NA
"71",358,NA,"v","alm","","songs; double","","","","Эвтерпа. Подарок любительницам и любителям пения. Собрание новейших романсов и песен. Изд. 2-е","М.","Пономарева",1836,116,"12",18,"","drive/natasha","Альманахи","alm","Almanacks",NA
"72",138,"COL_42","v","col","lyr","","Бахтурин К.А.","Бахтурин К.А.","Бахтурин Константин Александрович","Стихотворения Константина Бахтурина","СПб.","Праца и К.",1837,166,"8",21,"","","Сборники стихотворений","col_lyr","Lyric collections","A_36"
"73",141,"COL_43","v","col","lyr","","Бернет Е.","Бернет Е.","Бернет Е.","Стихи Е. Бернета","СПб.","Снегирева",1837,167,"",21,"нб_спбгу","http://old.library.spbu.ru/dcol/jsp/RcWebImageViewer.jsp?doc_id=ad3db2a1-c807-461d-a5a8-c6905de40f77/libspbgu/00000001/00000477&pg_seq=1&search_doc=","Сборники стихотворений","col_lyr","Lyric collections","A_37"
"74",142,"COL_44","v","col","lyr","","Бороздна И.П.","Бороздна И.П.","Бороздна Иван Петрович","Поэтические очерки Украины, Одессы и Крыма: Письма в стихах к гр. В.П. З[авадскому], Ивана Бороздны","М.","Селивановского",1837,242,"",22,"ЧБ","https://books.google.com/books?id=uBoIZgMRHDsC&printsec=frontcover&source=gbs_ViewAPI","Сборники стихотворений","col_lyr","Lyric collections","A_38"
"75",143,"COL_45","v","col","lyr","","Бутырский Н.И.","Бутырский Н.И.","Бутырский Никита Иванович","И моя доля в сонетах. В 2 ч. Соч. Бутырского","СПб.","Вингебера",1837,NA,"8",25,"нб_спбгу","http://old.library.spbu.ru/dcol/jsp/RcWebImageViewer.jsp?doc_id=ad3db2a1-c807-461d-a5a8-c6905de40f77/libspbgu/00000001/00000417&pg_seq=1&search_doc=","Сборники стихотворений","col_lyr","Lyric collections","A_39"
"76",144,"COL_46","v","col","lyr","","Быстроглазов А.","Быстроглазов А.","Быстроглазов А.","Стихотворения А. Быстроглазова. В 2 ч. Ч. 1","СПб.","Вингебера",1837,154,"8",21,"ЧБ","https://books.google.cz/books?vid=NKP:3186276238&printsec=frontcover#v=onepage&q&f=false","Сборники стихотворений","col_lyr","Lyric collections","A_40"
"77",145,"COL_46","v","col","lyr","","Быстроглазов А.","Быстроглазов А.","Быстроглазов А.","Стихотворения А. Быстроглазова. В 2 ч. Ч. 2","СПб.","Вингебера",1837,186,"",21,"ЧБ","https://books.google.cz/books?vid=NKP:3186262479&printsec=frontcover#v=onepage&q&f=false","Сборники стихотворений","col_lyr","Lyric collections","A_40"
"78",146,"COL_47","v","sep","lyr","","Глинка Ф.Н.","Глинка Ф.Н.","Глинка Федор Николаевич","Воспоминание о пиитической жизни Пушкина. Посвящена отцу поэта","М.","Семена",1837,14,"",24,"","drive/photos/1511","Отд. стихотворения","sep_lyr","Lyric booklets","A_41"
"79",148,"COL_48","pr","alm","","","Грен Н.","Грен Н.","Грен Н.","Вечера минувшей осени: [Лит. сб.] Издание Н. Грена","СПб.","Крылова",1837,144,"",17,"","","Альманахи","alm","Almanacks","A_42"
"80",172,"COL_148","v","col","lyr","","Громов И.","Громов И.","Громов И.","Мой кальян: Стихотворения И. Громова","М.","Лазаревых",1837,72,"12",18,"","","Сборники стихотворений","col_lyr","Lyric collections","A_52"
"81",149,"COL_49","v","col","lyr","","Дьячков С.","Дьячков С.П.","Дьячков Семен Петрович","Букет цветов или разные стихотворения, элегические романсы и песни для прекрасных девиц. Соч. С. Дьячковым","СПб.","Вингебера",1837,31,"16",25,"","drive/photos","Сборники стихотворений","col_lyr","Lyric collections","A_43"
"82",153,"COL_50","v","col","lyr","","Кашаев В.","Кашаев В.","Кашаев Виктор","Стихотворения Виктора Кашаева","М.","Кирилова",1837,43,"8",22,"","drive/photos","Сборники стихотворений","col_lyr","Lyric collections","A_44"
"83",636,NA,"v","col","lyr","double","Крылов И.","Крылов И.А.","Крылов Иван Андреевич","Басни Ивана Крылова : В 8 кн. 32-я тыс.","СПб.","Смирдина",1837,410,"8",10,"","","Сборники стихотворений","col_lyr","Lyric collections","A_218"
"84",638,NA,"v","col","lyr","double","Крылов И.","Крылов И.А.","Крылов Иван Андреевич","Басни Ивана Крылова : В восьми книгах. - 33-я тыс.","СПб.","Смирдина",1837,410,"8",10,"","","Сборники стихотворений","col_lyr","Lyric collections","A_218"
"85",858,NA,"v","sep","lyr","","Левицкий И.","Левицкий И.","Левицкий Иосиф","Стих в честь его преосвяществу Иоанну Снегурскому бискупу перемыскому, самборскому … дня 8 месяца мая 1837 года во Валяве, яко в день его высокого тезоименитства … Иосифом Левицким … сложенный","Львов","",1837,10,"",23,"BN","https://polona.pl/item/stih-vo-cest-ego-preosvasen-stvu-kyr-ioannu-snegurskomu-biskupovi-peremyskomu,MTE2MzQ2MjU1/0/#info:metadata ","Отд. стихотворения","sep_lyr","Lyric booklets","A_292"
"86",174,"COL_150","v","col","lyr","","Магденко А.","Магденко А.","Магденко Андрей","Стихотворения Андрея Магденки. Издал А. Грен","СПб.","Грен",1837,30,"16",13,"","","Сборники стихотворений","col_lyr","Lyric collections","A_54"
"87",154,"COL_51","v","col","lyr","","Мартынов А.","Мартынов А.","Мартынов Авксентий Матвеевич","Поэтические произведения А. Мартынова. В 3-х кн.","СПб.","Вингебера",1837,249,"8",24,"ЧБ","https://books.google.com/books?id=2VPX7BEfADEC&printsec=frontcover&source=gbs_ViewAPI","Сборники стихотворений","col_lyr","Lyric collections","A_45"
"88",76,NA,"v","col","lyr","double","Меркли М.","Меркли М.М.","Меркли Михаил Маркович","Стихотворения Михаила Меркли / 2-е изд.","М.","Кирилова",1837,120,"12",16,"ЧБ","https://books.google.com/books?id=MnppAAAAcAAJ&printsec=frontcover&source=gbs_ViewAPI","Сборники стихотворений","col_lyr","Lyric collections","A_9"
"89",177,"COL_152","v","sep","lyr","","","Мысовский-Светогорский С.Д.","Мысовский-Светогорский Сергей Дмитриевич","Элиза: Элегия","М.","Смирнова",1837,12,"16",13,"","","Отд. стихотворения","sep_lyr","Lyric booklets","A_55"
"90",151,NA,"v","sep","lyr","","","Огинский А.Г.","Огинский Алексей Григорьевич","Ксантиппа : Экспромт : [В стихах]","СПб.","Морск. тип.",1837,4,"",27,"РНБ","https://vivaldi.nlr.ru/bx000013787/view/#page=","Отд. стихотворения","sep_lyr","Lyric booklets","A_295"
"91",171,"COL_147","v","col","lyr","","П. Гр…в","П. Гр…в","П. Гр…в","Звезда любви (L’etoile d’amour). Подарок прелестному полу","М.","Эрнста",1837,58,"",14,"","","Сборники стихотворений","col_lyr","Lyric collections","A_304"
"92",183,NA,"v","col","lyr","","П. Ш.","П. Ш.","П. Ш.","Рассказы из русской истории в стихах. Соч. П. Ш.","М.","Лазаревых",1837,161,"12",17,"","","Сборники стихотворений","col_lyr","Lyric collections","A_301"
"93",178,"COL_153","v","col","lyr","","Петров И.М.","Петров И.М.","Петров Иван Матеевич","Стихотворения И. Петрова. Книга 1-я, содержащая эпиграммы","М.","Ун. тип",1837,48,"12",18,"","","Сборники стихотворений","col_lyr","Lyric collections","A_56"
"94",156,"COL_52","v","col","lyr","","Подолинский А.","Подолинский А.И.","Подолинский Андрей Иванович","Повести и мелкие стихотворения А. Подолинского. Ч. 2. Мелкие стихотворения","СПб.","А. Смирдина, И. Глазунова и Ко",1837,174,"",21,"РГБ","https://dlib.rsl.ru/01003823514","Сборники стихотворений","col_lyr","Lyric collections","A_46"
"95",173,"COL_149","v","col","lyr","","Пустельгин","Пустельгин","Пустельгин","Мои пенаты: Стихотворения Пустельгина","СПб.","Крайя",1837,32,"16",13,"нб_спбгу","https://dspace.spbu.ru/bitstream/11701/5595/4/Pustelgin_Moi_Penaty_1837.pdf","Сборники стихотворений","col_lyr","Lyric collections","A_53"
"96",159,"COL_53","v","col","lyr","","Скосырев К.","Скосырев К.","Скосырев Константин","Стихотворения Константина Скосырева","М.","Кирилова",1837,35,"12",17,"","","Сборники стихотворений","col_lyr","Lyric collections","A_47"
"97",160,"COL_54","v","col","lyr","","Смирнова А.","Смирнова А.","Смирнова Анна","Собрание различных стихотворений. Соч. Анны Смирновой. Изд. 1-е","СПб.","Вингебера",1837,145,"8",22,"РГБ","https://dlib.rsl.ru/01003559653","Сборники стихотворений","col_lyr","Lyric collections","A_48"
"98",161,"COL_55","v","sep","lyr","ortho; double","Соколовский В.И.","Соколовский В.И.","Соколовский Владимир Игнатьвич","Мироздание [Опыт духовного стихотворения]. Изд. 2-е","СПб.","Греча",1837,141,"64",NA,"","","Отд. стихотворения","sep_lyr","Lyric booklets","A_49"
"99",170,"COL_146","v","col","lyr","","Стромилов С.","Стромилов С.И.","Стромилов Семен Иванович","XII сонетов С. Стромилова","М.","Семена",1837,28,"12",19,"","","Сборники стихотворений","col_lyr","Lyric collections","A_51"
"100",163,"COL_56","v","col","lyr","","Тимофеев А.В.","Тимофеев А.В.","Тимофеев Алексей Васильевич","Опыты. В 3 ч. Ч. 1. [Стихотворения]","СПб.","Н. Глазунова",1837,347,"8",22,"нб_спбгу","http://old.library.spbu.ru/dcol/jsp/RcWebImageViewer.jsp?doc_id=ad3db2a1-c807-461d-a5a8-c6905de40f77/libspbgu/00000001/00000957&pg_seq=1&search_doc=","Сборники стихотворений","col_lyr","Lyric collections","A_15"
"101",180,"COL_207","v","col","lyr","","Шаршавый","Шаршавый П.Я.","Шаршавый Петр Якимович","Цевница, на 1837 год. Соч. Шаршавого (Альманах)","СПб.","Вингебера",1837,206,"16",14,"","","Сборники стихотворений","col_lyr","Lyric collections","A_58"
"102",344,"COL_224","v","col","lyr","","Шахова Е.Н.","Шахова Е.Н.","Шахова Елисавета Никитична","Опыт в стихах пятнадцатилетней девицы Елисаветы Шаховой : Писано в 1836 г.","СПб.","Вингебера",1837,23,"",22,"","drive","Сборники стихотворений","col_lyr","Lyric collections","A_101"
"103",166,"COL_57","v","col","lyr","","Якубович Л.А.","Якубович Л.А.","Якубович Лукьян Андреевич","Стихотворения Лукьяна Якубовича","СПб.","Гутенбергова тип.",1837,188,"8",20,"","","Сборники стихотворений","col_lyr","Lyric collections","A_50"
"104",1263,NA,"v","col","lyr","","","","","Биография Тальони. Стихотворения, извл. из ее альбома","СПб.","III Отд. собств. Е.И.В. канц.",1837,NA,"",NA,"","","Сборники стихотворений","col_lyr","Lyric collections",NA
"105",184,"COL_221","v","alm","","","","","","Минерва, на 1837 год. Альманах, изд. К. Инвалидовым","М.","Кирилова",1837,107,"",20,"","","Альманахи","alm","Almanacks",NA
"106",695,NA,"v","sep","lyr","","","","","На посещение г. Тобольска его императорским высочеством, государем наследником цесаревичем [1-4 июня 1837 г : Стихотворение]","","",1837,1,"",NA,"","","Отд. стихотворения","sep_lyr","Lyric booklets",NA
"107",350,"COL_231","v","col","lyr","","","","","Разные стихотворения","М.","Лазаревых",1837,12,"",16,"","","Сборники стихотворений","col_lyr","Lyric collections",NA
"108",167,"COL_58","v","sep","lyr","","","","","Стихи на новоселье в типографии","СПб.","Воейкова и Ко",1837,2,"",NA,"","","Отд. стихотворения","sep_lyr","Lyric booklets",NA
"109",175,"COL_151","v","col","lyr","","","","","Стихотворения молодого Черкеса","М.","Ун. тип",1837,20,"8",22,"","drive/natasha","Сборники стихотворений","col_lyr","Lyric collections",NA
"110",185,"COL_60","pr","col","lyr","","Аладьина Е.В.","Аладьина Е.В.","Аладьина Елизавета Васильевна","Сочинения Е.В.А…","СПб.","Вингебера",1838,24,"",24,"РГБ","https://dlib.rsl.ru/01003559619","Сборники стихотворений","col_lyr","Lyric collections","A_60"
"111",204,"COL_76","v","col","lyr","","Онисимова Д.А.","Анисимова Д.А.","Анисимова (Онисимова) Домна Анисимовна","Стихи бедной девицы, слепой дочери деревенского пономаря, сообщенные в Императорскую Российскую Академию, и от ней изданные","СПб.","Акад. наук",1838,27,"",20,"","drive","Сборники стихотворений","col_lyr","Lyric collections","A_75"
"112",240,"COL_168","v","col","lyr","","Бакунин И.М.","Бакунин И.М.","Бакунин Илья Модестович","На все время и пора [Стихотворения]","СПб.","Неймана",1838,147,"12",18,"нб_спбгу","http://old.library.spbu.ru/dcol/jsp/RcWebImageViewer.jsp?doc_id=ad3db2a1-c807-461d-a5a8-c6905de40f77/libspbgu/00000001/00000457&pg_seq=1&search_doc=","Сборники стихотворений","col_lyr","Lyric collections","A_84"
"113",193,"COL_65","v","col","lyr","","Веронов","Баласогло А.П.<?>","","Стихотворения Веронова","СПб.","Сахарова",1838,209,"8",11,"","","Сборники стихотворений","col_lyr","Lyric collections","A_64"
"114",252,"COL_217","v","sep","lyr","","Барановский В.","Барановский В.","Барановский Василий","Портрет Д. А. И. Р. Л. Соч. Василья Барановского","Одесса","Городская тип.",1838,3,"4",25,"РНБ","https://vivaldi.nlr.ru/bx000010159/view/#page=10","Отд. стихотворения","sep_lyr","Lyric booklets","A_86"
"115",241,"COL_169","pr","col","lyr","","Башкатов А.","Башкатов А.","Башкатов Алексей Васильевич","Быль и заблуждение моего ума и сердца. Соч. Алексея Башкатова, в стихах и прозе","М.","Евреинова",1838,303,"8",23,"ЧБ","https://books.google.com/books?id=Knddqqf_Y_sC&printsec=frontcover&source=gbs_ViewAPI","Сборники стихотворений","col_lyr","Lyric collections","A_134"
"116",189,"COL_61","v","col","lyr","","Бенедиктов В.","Бенедиктов В.Г.","Бенедиктов Владимир Григорьевич","Стихотворения В. Бенедиктова. Кн. 2.","СПб.","Неймана",1838,110,"8",23,"","","Сборники стихотворений","col_lyr","Lyric collections","A_18"
"117",190,"COL_62","pr","col","lyr","","Бестужев А.А. (Марлинский)","Бестужев А.А. (Марлинский)","Бестужев Александр Александрович","Полное собрание сочинений А. Марлинского. Ч. 11. Стихотворения и полемические статьи / Изд. 3-е","СПб.","III Отд. собств. Е.И.В. канц.",1838,354,"",20,"нб_спбгу","http://old.library.spbu.ru/dcol/jsp/RcWebImageViewer.jsp?doc_id=ad3db2a1-c807-461d-a5a8-c6905de40f77/libspbgu/00000001/00000473&pg_seq=1&search_doc=","Сборники стихотворений","col_lyr","Lyric collections","A_61"
"118",191,NA,"pr","col","lyr","","Бобылев Н.И.","Бобылев Н.И.","Бобылев Николай Иванович","Невский альбом: Опыты в стихах и прозе","СПб.","Воен. тип.",1838,282,"16",13,"ЧБ","https://books.google.com/books?id=wDV_4kS887UC&printsec=frontcover&source=gbs_ViewAPI","Сборники стихотворений","col_lyr","Lyric collections","A_62"
"119",697,"COL_63","v","sep","lyr","","Бобылев Н.","Бобылев Н.И.","Бобылев Николай Иванович","Чувства русского при возвращении государя императора в Санкт-Петербург : [Стихотворения / Николай Бобылев]","СПб.","Воен. тип.",1838,4,"",19,"","","Отд. стихотворения","sep_lyr","Lyric booklets","A_62"
"120",192,"COL_64","v","col","lyr","","Вердеревский А.","Вердеревский А.","Вердеревский Александр","Стихотворения Александра Вердеревского","М.","Степанова",1838,65,"8",23,"","drive/photos/20","Сборники стихотворений","col_lyr","Lyric collections","A_63"
"121",169,"COL_59","pr","alm","","","Владиславлев В.А.","Владиславлев В.А.","Владиславлев Владимир Андреевич","Альманах на 1838 год составленный из литературных трудов и проч. Владиславлева","СПб.","Воен. тип.",1838,352,"12",18,"РГБ","https://dlib.rsl.ru/01003570420","Альманахи","alm","Almanacks","A_65"
"122",194,"COL_66","pr","alm","","","Владиславлев","Владиславлев В.А.","Владиславлев Владимир Андреевич","Утренняя заря Альманах Владиславлева на 1839 год. 1-й год","СПб.","Фишера",1838,384,"8",20,"ЧБ","https://books.google.cz/books?vid=NKP:3186143606&printsec=frontcover#v=onepage&q&f=false","Альманахи","alm","Almanacks","A_65"
"123",247,"COL_175","v","sep","lyr","","Волков","Волков А.А.","Волков Александр Абрамович","Симонов монастырь: Стихотворение","М.","Смирнова",1838,3,"",22,"","","Отд. стихотворения","sep_lyr","Lyric booklets","A_85"
"124",348,"COL_228","v","alm","","","Глухарев И.Н.","Глухарев И.Н.","Глухарев Иван Никитич","Венок граций. Подарок любителям и любительницам пения и романсов, или Собрание разных стихов лучших и известных сочинителей, как то, А. Пушкина, И. Козлова, Г. Баратынского, и прочая. Собранные И… Г.л.у…вым","М.","Лазаревых",1838,91,"16",14,"lib.pushkinskijdom.ru","http://lib.pushkinskijdom.ru/LinkClick.aspx?fileticket=q_WtWwEcutE%3d&tabid=10398","Альманахи","alm","Almanacks","A_108"
"125",195,"COL_67","v","col","lyr","","Демидов М.","Демидов М.А.","Демидов Михаил Александрович","Разные разности. Стихотворения М. Демидова","М.","Семена",1838,119,"",21,"","drive/photos/20","Сборники стихотворений","col_lyr","Lyric collections","A_66"
"126",232,"COL_160","v","col","lyr","","Дмитриев И.И.","Дмитриев И.И.","Дмитриев Иван Иванович","Басни и апологи И.И. Дмитриева","СПб.","Воен. тип.",1838,178,"32",10,"РГБ","https://dlib.rsl.ru/01003559637","Сборники стихотворений","col_lyr","Lyric collections","A_80"
"127",212,"COL_83","pr","col","lyr","","М.Д.","Дмитриевский М.И.","Дмитриевский Михаил Иванович","И то и се или собрание сочинений в стихах и прозе М.Д.","М.","Смирнова",1838,127,"",14,"","","Сборники стихотворений","col_lyr","Lyric collections","A_289"
"128",197,"COL_68","v","sep","lyr","","Доброхотов Ф.","Доброхотов Ф.","Доброхотов Феофил","Взгляд на поэзию Феофила Доброхотова","М.","Семена",1838,24,"8",24,"","drive/photos/20","Отд. стихотворения","sep_lyr","Lyric booklets","A_67"
"129",198,"COL_69","v","col","lyr","","Долгоруков А.В.","Долгоруков А.В.","Долгоруков Алексей Владимирович","Поэзия Алексея Москвитянина","М.","Семена",1838,36,"",14,"","","Сборники стихотворений","col_lyr","Lyric collections","A_68"
"130",199,"COL_70","v","col","lyr","","Карелин И.М.","Карелин И.М.","Карелин Илья Марьянович","Весенние мечты: Стихотворения Ильи Карелина","М.","Селивановского",1838,22,"",22,"","","Сборники стихотворений","col_lyr","Lyric collections","A_69"
"131",200,"COL_72","v","col","lyr","","Краснов С.","Краснов С.","Краснов Стахий","Стихи. Поэт и Мулла. Соч. Стахия Краснова [от поручика Краснова. 18 стр]","М.","Кирилова",1838,21,"",17,"ЧБ","https://books.google.com/books?id=NLD9sV5PsKIC&printsec=frontcover&source=gbs_ViewAPI","Сборники стихотворений","col_lyr","Lyric collections","A_71"
"132",859,NA,"v","sep","lyr","","Левицкий И.","Левицкий И.","Левицкий Иосиф","Стих во часть его превосходительству … Михаилу Левицкому, метрополите галицкому … во день святого архистратига Михаила дня 8 ноября 1838 … Иосифом Левицким","Пшемысль","",1838,12,"",23,"BN","https://polona.pl/item/stih-vo-cest-ego-prevoshoditel-stvu-mihailu-levickomu-mitropolite-galickomu,OTgwODE3MTc/4/#info:metadata ","Отд. стихотворения","sep_lyr","Lyric booklets","A_292"
"133",860,NA,"v","sep","lyr","","Левицкий И.","Левицкий И.","Левицкий Иосиф","Стих во честь его преосвященству Василию Поповичу епископу мункачовскому … во день поставления его преосвященства на епископа … сложенный Иосифом Левицким","Пшемысль","",1838,4,"",23,"BN","https://polona.pl/item/stih-vo-cest-ego-preosvasen-stvu-kyr-vasiliu-popovicu-episkopu-munkacovskomu-vo-den,OTgwODE3MTU/4/#info:metadata ","Отд. стихотворения","sep_lyr","Lyric booklets","A_292"
"134",864,NA,"v","sep","lyr","ukr","Лисенецкий С.Ф.","Лисенецкий С.Ф.","Лисенецкий Симеон Феофил.","Воззрение страшилища во Песте и Буде наступающего месяцем мартом 1838 года во время разлития Дуная Симеоном Феофил. Лисенецким галициянином","Ведень","Мехитаристöв",1838,15,"",21,"BN","https://polona.pl/item/vozzrenie-strasilisa-vo-peste-i-bude-nastupausago-mesacem-martom-1838-vo-vrema-razlitia,MTI1MzA3NTYw/4/#info:metadata ","Отд. стихотворения","sep_lyr","Lyric booklets","A_293"
"135",202,"COL_74","v","col","lyr","","Максимов М.И.","Максимов М.И.","Максимов Михаил Иванович","Патриотические песни: С прил. нот для пения и фортепиано / Соч. Михаила Максимова / Изд. 3-е","СПб.","Глазунова",1838,36,"",23,"РГБ","https://dlib.rsl.ru/01003559764","Сборники стихотворений","col_lyr","Lyric collections","A_73"
"136",211,"COL_82","v","col","lyr","","В. М.","Макшеева В.Д.  / Молчанова В. ","Макшеева Варвара Дмитриевна / Молчанова В.","Стихотворения, сочиненные девицей B.М.","СПб.","Глазунова",1838,11,"12",NA,"","drive","Сборники стихотворений","col_lyr","Lyric collections","A_202"
"137",203,"COL_75","v","col","lyr","","Марков М.","Марков М.А.","Марков Михаил Александрович","Мечты и были: В 3 ч. Ч. 1. Стихотворения","СПб.","Праца",1838,207,"",17,"ЧБ","https://books.google.com/books?id=cSldXfvSM2IC&printsec=frontcover&source=gbs_ViewAPI","Сборники стихотворений","col_lyr","Lyric collections","A_74"
"138",237,"COL_165","v","col","lyr","","Моствило-Головач П.","Моствило-Головач Т.","","Стихотворения П. Моствило-Головача","Смоленск","Губ. правления",1838,11,"8",21,"","","Сборники стихотворений","col_lyr","Lyric collections","A_83"
"139",345,"COL_225","v","col","lyr; nar","","Олин В.","Олин В.Н.","Олин Валериан Николаевич","Странный бал. Повесть из рассказов на станции, и восемь стихотворений. Сочинение В. Олина","СПб.","III Отд. собств. Е.И.В. канц.",1838,111,"12",15,"РГБ","https://dlib.rsl.ru/01003559737","Сборники стихотворений","col_lyr","Lyric collections","A_103"
"140",207,"COL_78","v","col","lyr","","Полежаев А.И.","Полежаев А.И.","Полежаев Александр Иванович","Арфа: Стихотворения Александра Полежаева","М.","Кирилова",1838,109,"8",19,"ЧБ","https://books.google.com/books?id=VnlpAAAAcAAJ&printsec=frontcover&source=gbs_ViewAPI","Сборники стихотворений","col_lyr","Lyric collections","A_26"
"141",205,NA,"v","col","lyr","double","Полежаев А.","Полежаев А.И.","Полежаев Александр Иванович","Кальян. Стихотворения Полежаева / Изд. 3","М.","Алексеев",1838,186,"",12,"","","Сборники стихотворений","col_lyr","Lyric collections","A_26"
"142",236,"COL_164","v","col","lyr","","Праволамский П.","Праволамский П.","Праволамский Петр","Стихотворения П. Праволамского","Ярославль","Губ. правления",1838,111,"8",22,"","","Сборники стихотворений","col_lyr","Lyric collections","A_82"
"143",246,"COL_174","v","col","lyr","songs","А. П.","Пуговишников А.М.","Пуговишников Александр Михайлович","Карманный песенник. Соч. А.П.","М.","Кирилова",1838,79,"",14,"","","Сборники стихотворений","col_lyr","Lyric collections","A_27"
"144",346,"COL_226","v","col","lyr","songs","А. П.","Пуговишников А.М.","Пуговишников Александр Михайлович","Романсы, песни и стихотворения, или Подарок на новый год любителям и любительницам пения. Сочинение А.П.","М.","Кирилова",1838,204,"",18,"","","Сборники стихотворений","col_lyr","Lyric collections","A_27"
"145",234,"COL_162","v","col","lyr","","Раевич И.А.","Раевич  И.А.","Раевич Иван Александрович","Плоды вечерних безделок, сочинение Ивана Раевича","М.","Евреинова",1838,77,"",23,"ЧБ","https://books.google.com/books?id=rxbXPvLwf6cC&printsec=frontcover&source=gbs_ViewAPI","Сборники стихотворений","col_lyr","Lyric collections","A_81"
"146",210,NA,"v","alm","lyr","songs","Суханов М.Д.","Суханов М.Д.","Суханов Михаил Дмитриевич","Собрание отборнейших русских песен. Собрано М.С. В 2-х ч.","СПб.","Вингебера",1838,241,"16",13,"","","Альманахи","alm","Almanacks","A_28"
"147",208,"COL_79","v","col","lyr","","Сушков Д.П.","Сушков Д.П.","Сушков Дмитрий Петрович","Стихотворения Д. Сушкова: Первая книжка","СПб.","Штаба отд. корп. внутр. стражи",1838,92,"8",23,"ЧБ","https://books.google.com/books?id=twfiA4EnQj0C&printsec=frontcover&source=gbs_ViewAPI","Сборники стихотворений","col_lyr","Lyric collections","A_77"
"148",209,"COL_80","v","col","lyr","","Теплова Н.С.","Теплова Н.С.","Терюхина (Теплова) Надежда Сергеевна","Стихотворения Н. Тепловой. Изд. 2, умноженное","М.","Лазаревых",1838,78,"16",15,"РГБ (1-е изд.)","https://dlib.rsl.ru/01003558839","Сборники стихотворений","col_lyr","Lyric collections","A_78"
"149",233,"COL_161","v","col","lyr","","","","","Любовь к добродетельной деве, или Черты душевной красоты: Стихотворения, писанные в 1822 г.","М.","Ун. тип",1838,216,"",22,"","","Сборники стихотворений","col_lyr","Lyric collections",NA
"150",355,"COL_239","v","sep","lyr","","Ан-в","Ан-в","","Послание к О. Иоанну, в г. Новоалександровск: [Стихотворение]","СПб.","Греча",1838,4,"",NA,"","","Отд. стихотворения","sep_lyr","Lyric booklets","A_286"
"151",249,"COL_204","v","alm","","","","","","Сборник на 1838 год, составленный из литературных трудов: А.К. Бера, В.А. Владиславлева, Князя П.А. Вяземского, А.Н. Глинкиной, Ф.Н. Глинки, Е.П. Гребенки, Э.И. Губера, П.И. Каменского, И.И. Козлова, А.В. Козлова, Ф.А. Кони, А.Ф. Кораблинского, Н.В. Кукольника, М.М. Михайлова, Князя В.Ф. Одоевского <и мн. других>","СПб.","Воейкова и Ко",1838,321,"8",21,"нб_спбгу","http://old.library.spbu.ru/dcol/jsp/RcWebImageViewer.jsp?doc_id=ad3db2a1-c807-461d-a5a8-c6905de40f77/libspbgu/00000001/00000854&pg_seq=1&search_doc=","Альманахи","alm","Almanacks",NA
"152",238,"COL_166","v","col","lyr","","","","","Стихотворения, посвященные Гроссгейнриху","СПб.","Неймана",1838,NA,"12",NA,"","","Сборники стихотворений","col_lyr","Lyric collections",NA
"153",230,"COL_158","v","col","lyr","","","","","Фантастическое зеркало в шуточно-сатирических стихах. Соч. Г.Б.М.","М.","Лазаревых",1838,24,"",18,"","","Сборники стихотворений","col_lyr","Lyric collections",NA
"154",298,"COL_201","pr","alm","","","Бобылев Н.И.","Бобылев Н.И.","Бобылев Николай Иванович","Невский альбом. Литературный сборник, издаваемый Николаем Бобылевым","СПб.","Штаба отд. корп. внутр. стражи",1839,366,"16",14,"ЧБ","https://books.google.com/books?id=wDV_4kS887UC&printsec=frontcover&source=gbs_ViewAPI","Альманахи","alm","Almanacks","A_62"
"155",257,"COL_91","v","col","lyr","","Богданов Н.","Богданов Н.","Богданов Николай","Стихотворения Николая Богданова","М.","Семена",1839,50,"8",19,"","drive/natasha","Сборники стихотворений","col_lyr","Lyric collections","A_91"
"156",258,"COL_92","v","col","lyr","","Горчаков В.Н.","Горчаков В.Н.","Горчаков Владислав Николаевич","Стихотворения Владислава Горчакова","М.","Семена",1839,43,"8",21,"","","Сборники стихотворений","col_lyr","Lyric collections","A_92"
"157",296,"COL_185","v","col","lyr","","И. Д.","Данков И.И.","Данков Иван Иванович","Блины. Соч. И. Д.: Стихотворения","М.","Ун. тип",1839,37,"",11,"","","Сборники стихотворений","col_lyr","Lyric collections","A_111"
"158",295,"COL_184","v","col","lyr","","И. Д.","Данков И.И.","Данков Иван Иванович","Красное яичко или Светлодневный подарок москвичам : [Сб. стихотворений]","М.","Ун. тип",1839,57,"",11,"","","Сборники стихотворений","col_lyr","Lyric collections","A_111"
"159",259,"COL_93","v","col","lyr","","Демидов М.А.","Демидов М.А.","Демидов Михаил Александрович","Ау: Стихотворения М. Демидова","М.","Семена",1839,119,"8",20,"","","Сборники стихотворений","col_lyr","Lyric collections","A_66"
"160",260,"COL_94","v","sep","lyr","","Жуковский В.А.","Жуковский В.А.","Жуковский Василий Андреевич","Бородинская годовщина","М.","Ун. тип",1839,8,"",26,"РНБ","https://vivaldi.nlr.ru/bx000010159/view/#page=489","Отд. стихотворения","sep_lyr","Lyric booklets","A_19"
"161",262,"COL_96","v","col","lyr","","Карманов Г.","Карманов Г.","Карманов Г.","Стихотворения Г. Карманова","М.","Селивановского",1839,36,"12",17,"","","Сборники стихотворений","col_lyr","Lyric collections","A_94"
"162",264,"COL_98","v","col","lyr","double","Кульман Е.Б.","Кульман Е.Б.","Кульман Елизавета Борисовна","Полное собрание Русских, Немецких и Италиянских Стихотворений Елисаветы Кульман. Кн. 1. Пиитические опыты. Изд. 2-е","СПб.","Акад. наук",1839,207,"",24,"нб_спбгу","http://old.library.spbu.ru/dcol/jsp/RcWebImageViewer.jsp?doc_id=ad3db2a1-c807-461d-a5a8-c6905de40f77/libspbgu/00000001/00001002&pg_seq=1&search_doc=","Сборники стихотворений","col_lyr","Lyric collections","A_96"
"163",201,"COL_73","v","col","lyr","","Леонов А.","Леонов А.А.","Леонов Алексей Алексеевич","Стихотворения Алексея Леонова. 1834-1838","Харьков","Губ. тип.",1839,148,"",25,"","","Сборники стихотворений","col_lyr","Lyric collections","A_72"
"164",265,"COL_99","v","col","lyr","","Медведенко Н.","Медведенко Н.","Медведенко Н.","Вадемекум. Стихотворения Н. Медведенко","М.","Семена",1839,128,"12",19,"","","Сборники стихотворений","col_lyr","Lyric collections","A_97"
"165",1016,NA,"v","col","lyr","ukr lang","Могила А.","Метлинский А.Л.","Метлинский Амвросий Лукьянович","Думки и песни Та Ште де-Шчо, Амвросия Могилы. Изд. Метланский","Харьков","Ун. тип",1839,NA,"16",NA,"","http://rarebook.onu.edu.ua:8081/handle/store/2506?locale=en","Сборники стихотворений","col_lyr","Lyric collections","A_294"
"166",266,"COL_100","v","sep","lyr","ortho","Мысовский-Светогорский С.","Мысовский-Светогорский С.Д.","Мысовский-Светогорский Сергей Дмитриевич","Мысль о бессмертии: [Стихотворение]","СПб.","Глазунова",1839,15,"8",22,"","drive/natasha","Отд. стихотворения","sep_lyr","Lyric booklets","A_55"
"167",277,"COL_114","v","col","lyr","","Мягков Н.Н.","Мягков Н.Н.","Мягков Николай Иванович","Опыты в стихах Н. Мягкова","СПб.","Акад. наук",1839,54,"12",18,"нб_спбгу","http://old.library.spbu.ru/dcol/jsp/RcWebImageViewer.jsp?doc_id=ad3db2a1-c807-461d-a5a8-c6905de40f77/libspbgu/00000001/00000926&pg_seq=1&search_doc=","Сборники стихотворений","col_lyr","Lyric collections","A_102"
"168",290,"COL_180","v","sep","lyr","","Орлов А.А.","Орлов А.А.","Орлов Александр Анфимович","Радостная встреча нового 1839 года, благодетельсвующим россиянам. Соч. Александра Орлова","М.","Смирнова",1839,16,"16",15,"","","Отд. стихотворения","sep_lyr","Lyric booklets","A_59"
"169",276,NA,"v","sep","lyr","","Поднебесный","Поднебесный М.М.","Поднебесный Михаил Михайлович","Стихотворение: Мысли при гробе Графа М.М. Сперанского","СПб.","Гутенбергова тип.",1839,3,"",NA,"нб_спбгу","http://old.library.spbu.ru/dcol/jsp/RcWebImageViewer.jsp?doc_id=ad3db2a1-c807-461d-a5a8-c6905de40f77/libspbgu/00000001/00000885&pg_seq=1&search_doc=","Отд. стихотворения","sep_lyr","Lyric booklets","A_87"
"170",286,"COL_176","v","col","lyr","","Раевич И.А.","Раевич  И.А.","Раевич Иван Александрович","Досужные вечера. Сочинение Ивана Раевича","М.","Ун. тип",1839,71,"8",NA,"","","Сборники стихотворений","col_lyr","Lyric collections","A_81"
"171",287,"COL_178","v","sep","lyr","","Харинский Х.","Харинский Х.","Харинский Хрисанф","Гимн на восшествие Государя Императора Николая 1-го на Всероссийский престол. Написана Хрисанфом Харинским","СПб.","Фишера",1839,16,"8",20,"РГБ","https://dlib.rsl.ru/01003559988","Отд. стихотворения","sep_lyr","Lyric booklets","A_105"
"172",698,NA,"v","sep","lyr","","Хомяков","Хомяков А.С.","Хомяков Алексей Степанович","Киев : [Стихотворение]","","",1839,4,"",26,"","","Отд. стихотворения","sep_lyr","Lyric booklets","A_187"
"173",269,"COL_104","v","col","lyr","","Шахова Е.Н.","Шахова Е.Н.","Шахова Елисавета Никитична","Стихотворения Елизаветы Шаховой","СПб.","Акад. наук",1839,120,"8",20,"РГБ","https://dlib.rsl.ru/01003560015","Сборники стихотворений","col_lyr","Lyric collections","A_101"
"174",291,"COL_181","v","sep","lyr","","Шаховской А.А.","Шаховской А.А.","Шаховской Александр Александрович","В день заложения Храма Спасителя в Москве, 1839 года, 10 сентября. Соч. Шаховского","М.","Смирнова",1839,4,"4",NA,"РНБ","https://vivaldi.nlr.ru/bx000012436/view/#page=","Отд. стихотворения","sep_lyr","Lyric booklets","A_106"
"175",285,"COL_119","v","col","lyr","","","","","Бородинские акростихи","М.","Семена",1839,24,"12",18,"","drive/natasha","Сборники стихотворений","col_lyr","Lyric collections",NA
"176",289,NA,"v","sep","lyr","","","","","Вице-адмиралу Крузенштерну в день его юбилея 21 генваря 1839 : [Стихи]","СПб.","Акад. наук",1839,2,"8",NA,"нб_спбгу","http://old.library.spbu.ru/dcol/jsp/RcWebImageViewer.jsp?doc_id=ad3db2a1-c807-461d-a5a8-c6905de40f77/libspbgu/00000001/00000686&pg_seq=1&search_doc=","Отд. стихотворения","sep_lyr","Lyric booklets",NA
"177",274,"COL_108","v","sep","lyr","","","","","Гробница на востоке: Полуоткрытая тайна: [Стихотворение]","М.","Смирнова",1839,24,"",18,"ЧБ","https://books.google.com/books?id=Dexjrf4JcoIC&printsec=frontcover&source=gbs_ViewAPI","Отд. стихотворения","sep_lyr","Lyric booklets",NA
"178",288,"COL_179","v","sep","lyr","","","","","Куплеты, петые в день юбилея пятидесятилетней службы Ивана Федоровича Крузенштерна, 21-го января 1839 года : (На голос Витгенштейнова марша: Защитника Петрова града)","СПб.","Греча",1839,3,"8",NA,"нб_спбгу","http://old.library.spbu.ru/dcol/jsp/RcWebImageViewer.jsp?doc_id=ad3db2a1-c807-461d-a5a8-c6905de40f77/libspbgu/00000001/00000687&pg_seq=1&search_doc=","Отд. стихотворения","sep_lyr","Lyric booklets",NA
"179",270,"COL_105","pr","alm","","","Кукольник Н. (изд.)","Кукольник Н. (изд.)","","Новогодник, собрание сочинений в прозе и стихах, современных русских писателей изданный Н. Кукольником","СПб.","Изд. Энц. Лексик. А. Плюшара",1839,422,"8",22,"РГБ","https://dlib.rsl.ru/01003570598","Альманахи","alm","Almanacks","A_162"
"180",300,"COL_210","pr","alm","","","","","","Одесский Альманах, на 1839 год","Одесса","В город. т.",1839,618,"16",16,"","","Альманахи","alm","Almanacks",NA
"181",301,"COL_211","pr","alm","","","","","","Одесский Альманах, на 1840 год","Одесса","В город. т.",1839,708,"16",16,"","","Альманахи","alm","Almanacks",NA
"182",299,"COL_202","pr","alm","","","","","","Опыты в Русской Словесности воспитанников Гимназии Белорусского Учебного Округа. Напечатанные по приказанию Г. Министра Народного Просвещения","Вильно","Гликсберга",1839,530,"8",21,"РГБ","https://dlib.rsl.ru/01003559963","Альманахи","alm","Almanacks",NA
"183",272,"COL_108","v","alm","","","","","","Розовый букет, составленный из лучших цветков русской поэзии: Золотой подарок для юных читателей. Ч. 1","СПб.","Сахарова",1839,112,"",8,"","","Альманахи","alm","Almanacks",NA
"184",273,"COL_108","v","alm","","","","","","Розовый букет, составленный из лучших цветков русской поэзии: Золотой подарок для юных читателей. Ч. 2","СПб.","Сахарова",1839,176,"",8,"","","Альманахи","alm","Almanacks",NA
"185",275,"COL_111","v","sep","lyr","","","","","Стихотворение Графу Льву Григорьевичу Салтыкову в день его ангела 20 февраля 1839","СПб.","Сахарова",1839,1,"",NA,"","","Отд. стихотворения","sep_lyr","Lyric booklets",NA
"186",1067,NA,"v","col","lyr","ukr","","","","Украинские баллады","Харьков","Ун. тип",1839,NA,"8",NA,"","","Сборники стихотворений","col_lyr","Lyric collections",NA
"187",327,"COL_190","v","col","lyr; nar","","Алексеев П.Ф.","Алексеев П.Ф.","Алексеев Петр Федорович","Лирические стихотворения и сказки","Дерпт","Лаакманна",1840,180,"12",17,"UT","https://dspace.ut.ee/handle/10062/1868","Сборники стихотворений","col_lyr","Lyric collections","A_121"
"188",303,"COL_124","v","col","lyr","","Анордист Н.","Анордист Н.","Анордист Н.","Альманах на 1840 год / Н. Анордиста","М.","Семена",1840,118,"16",15,"","","Сборники стихотворений","col_lyr","Lyric collections","A_109"
"189",325,"COL_188","pr","alm","","","Бобылев Н.И.","Бобылев Н.И.","Бобылев Николай Иванович","Невский альбом, издаваемый Николаем Бобылевым. Год второй. Т. 1.","СПб.","Воен. тип.",1840,334,"16",14,"ЧБ","https://books.google.cz/books?vid=NKP:3186143597-001&printsec=frontcover#v=onepage&q&f=false","Альманахи","alm","Almanacks","A_62"
"190",339,"COL_205","pr","alm","","","Владиславлев В.","Владиславлев В.А.","Владиславлев Владимир Андреевич","Утренняя заря Альманах Владиславлева на 1840 год. 2-й год","СПб.","Плюшара",1840,442,"8",20,"","","Альманахи","alm","Almanacks","A_65"
"191",701,NA,"v","sep","lyr","","Глинка Ф.","Глинка Ф.Н.","Глинка Федор Николаевич","Москве благотворительной : [Стихотворение]","М.","Степанова",1840,2,"",NA,"","","Отд. стихотворения","sep_lyr","Lyric booklets","A_41"
"192",306,"COL_127","v","sep","lyr","","Данков И.И.","Данков И.И.","Данков Иван Иванович","Могила боярина Артамона Сергеевича Матвеева: [Стихотворение]","М.","Степанова",1840,24,"",20,"ЧБ","https://books.google.com/books?id=SHlpAAAAcAAJ&printsec=frontcover&source=gbs_ViewAPI","Отд. стихотворения","sep_lyr","Lyric booklets","A_111"
"193",312,"COL_128","v","col","lyr","","Демидов М.А.","Демидов М.А.","Демидов Михаил Александрович","Дельные безделки: Стихотворения М. Демидова","М.","Семена",1840,121,"12",20,"ЧБ","https://books.google.com/books?id=uoLyAXdvQskC&printsec=frontcover&source=gbs_ViewAPI","Сборники стихотворений","col_lyr","Lyric collections","A_66"
"194",313,"COL_129","v","col","lyr","","Долгоруков А.И.","Долгоруков А.И.","Долгоруков Александр Иванович","Мои счастливейшие минуты в жизни: Стихотворения кн. Александра Ивановича Долгорукого","М.","Степанова",1840,133,"8",22,"","","Сборники стихотворений","col_lyr","Lyric collections","A_112"
"195",330,"COL_193","v","col","lyr","songs","Криксин","Криксин","Криксин","Романсы и песни. Соч. Криксина","Киев","Ун. тип",1840,22,"",15,"","","Сборники стихотворений","col_lyr","Lyric collections","A_124"
"196",635,NA,"v","col","lyr","double","Крылов И.","Крылов И.А.","Крылов Иван Андреевич","Басни Ивана Крылова : В 8 кн. 40-я тысяча. ","СПб.","Плюшара",1840,300,"",23,"РГБ","https://dlib.rsl.ru/01010284953","Сборники стихотворений","col_lyr","Lyric collections","A_218"
"197",315,"COL_131","v","col","lyr","","Лермонтов М.Ю.","Лермонтов М.Ю.","Лермонтов Михаил Юрьевич","Стихотворения М. Лермонтова","СПб.","Глазунова и Ко",1840,168,"12",19,"ЧБ","https://books.google.com/books?id=nW1pAAAAcAAJ&printsec=frontcover&source=gbs_ViewAPI","Сборники стихотворений","col_lyr","Lyric collections","A_114"
"198",865,NA,"v","sep","lyr","","Лисенецкий С.Ф.","Лисенецкий С.Ф.","Лисенецкий Симеон Феофил","Венец благодарной милости днем 8 ноября 1840 года яко … тезоименитства его превосходительства … Михаила Левицкого, митрополита галицкого … Феофилом Лисенецким","Ведень","Мехитаристöв",1840,6,"",26,"BN","https://polona.pl/item/venec-blagodarnoj-milosti-dnem-8-noembria-1840-goda-ako-vo-svetlotorzestvennyj-prazdnik,MTI1MTQ4Mzky/2/#info:metadata ","Отд. стихотворения","sep_lyr","Lyric booklets","A_293"
"199",352,"COL_233","pr","alm","","","Максимович М.","Максимович М.","Максимович Михаил Александрович","Киевлянин на 1840 год. Книга I. Изд. Михаил Максимович","Киев","Ун. тип",1840,256,"8",21,"ЧБ","https://books.google.com/books?id=DzY_BXXMInEC&printsec=frontcover&source=gbs_ViewAPI","Альманахи","alm","Almanacks","A_104"
"200",331,"COL_194","v","sep","lyr","","Маслеников-Какуев","Маслеников-Какуев А.","Маслеников-Какуев Александр","Его превосходительству господину тайному советнику, сенатору, почетному опекуну, обер-директору московского коммерческого училища и кавалеру Михаилу Александровичу Салтыкову в день его тезоименитства 8 ноября 1840 года : [Стихотворение]","М.","Селивановского",1840,1,"",NA,"","","Отд. стихотворения","sep_lyr","Lyric booklets","A_125"
"201",316,"COL_132","v","col","lyr","","Н.Н.","Некрасов Н.А.","Некрасов Николай Алексеевич","Мечты и звуки. Стихотворения Н.Н.","СПб.","Алипанова",1840,103,"8",24,"РГБ","https://dlib.rsl.ru/01006581005","Сборники стихотворений","col_lyr","Lyric collections","A_115"
"202",335,"COL_198","v","sep","lyr","","Ободовский П.","Ободовский П.Г.","Ободовский Платон Григорьевич","Царский цветник : Der Kaisergarten. Ein Gedicht von P. Obodofskoy. Uebers. [в стихах] von Karl Friedrich von Grossheinrich","СПб.","Глазунова и Ко",1840,21,"",20,"ЧБ","https://books.google.com/books?id=R4dvpCRljCgC&printsec=frontcover&source=gbs_ViewAPI","Отд. стихотворения","sep_lyr","Lyric booklets","A_127"
"203",703,NA,"v","sep","lyr","","","Оранский Н.Д.","Оранский, Николай Диомидович","Путешествие в Троицкую Сергиеву лавру : [Стихи]","М.","Ун. тип",1840,16,"",NA,"","","Отд. стихотворения","sep_lyr","Lyric booklets","A_296"
"204",334,"COL_197","v","sep","lyr","","Орлов А.","Орлов А.А.","Орлов Александр Анфимович","С радостными чувствами благоговения, жданный 1840 год. Соч. [в стихах] Александра Орлова","М.","Селивановского",1840,9,"8",22,"","","Отд. стихотворения","sep_lyr","Lyric booklets","A_59"
"205",353,"COL_236","v","sep","lyr","","Орлов А.А.","Орлов А.А.","Орлов Александр Анфимович","Торжественное заложение храма по имя Христа Спасителя","М.","Кирилова",1840,32,"",13,"","","Отд. стихотворения","sep_lyr","Lyric booklets","A_59"
"206",318,"COL_133","v","col","lyr","","Папкевич А.","Папкевич А.","Папкевич Александр","Стихотворения Александра Папкевича","СПб.","3 Деп. М-ва гос. имуществ",1840,80,"12",20,"нб_спбгу","http://old.library.spbu.ru/dcol/jsp/RcWebImageViewer.jsp?doc_id=ad3db2a1-c807-461d-a5a8-c6905de40f77/libspbgu/00000001/00000995","Сборники стихотворений","col_lyr","Lyric collections","A_116"
"207",702,NA,"v","sep","lyr","","","Полонский Я.П.","Полонский Яков Петрович","Татарка : [Стихотворение] : (Посв. Ф. Байкову)","","",1840,3,"",NA,"","","Отд. стихотворения","sep_lyr","Lyric booklets","A_259"
"208",332,"COL_195","v","sep","lyr","","Рыбников А.","Рыбников А.Н.","Рыбников Александр Николаевич","Его высокородию господину директору Московской практической коммерческой академии и Общества любителей коммерческих знаний, президенту евангелическо-лютеранской консистории, статскому советнику и разных орденов кавалеру, Андрею Ивановичу Шредеру : [Стихотворение]","М.","Семена",1840,1,"2",NA,"","","Отд. стихотворения","sep_lyr","Lyric booklets","A_126"
"209",328,"COL_191","v","col","lyr","","Саблин Е.И.","Саблин Е.И.","Саблин Евгений","Полевой цветок: Стихотворения Евгения Саблина","Ярославль","Губ. правления",1840,16,"8",23,"","","Сборники стихотворений","col_lyr","Lyric collections","A_122"
"210",1292,NA,"v","sep","lyr","","Сиянов","Сиянов П.Г.","Сиянов Петр Гаврилович","Ек... Ив... Б.л.г.в.кой : Стихотворение","СПб.","Штаба отд. корп. внутр. стражи",1840,4,"",NA,"РНБ","https://vivaldi.nlr.ru/bx000028079/view/#page=","Отд. стихотворения","sep_lyr","Lyric booklets","A_298"
"211",319,"COL_134","v","col","lyr","","Слепушкин Ф.","Слепушкин Ф.Н.","Слепушкин Федор Никифорович","Новые досуги Федора Слепушкина","СПб.","Акад. наук",1840,109,"8",24,"","","Сборники стихотворений","col_lyr","Lyric collections","A_117"
"212",320,"COL_135","v","col","lyr","","А. Ф.","Фет А.А.","Фет Афанасий Афанасьевич","Лирический пантеон. А.Ф.","М.","Селивановского",1840,109,"",21,"","","Сборники стихотворений","col_lyr","Lyric collections","A_118"
"213",321,"COL_136","v","col","lyr","","Филимонов П.С.","Филимонов П.С.","Филимонов П.С.","Опыты П.С. Филимонова","М.","Ун. тип",1840,30,"8",23,"","","Сборники стихотворений","col_lyr","Lyric collections","A_119"
"214",322,"COL_137","v","alm","","","Эртель В.А.","Эртель В.А.","Эртель Василий Андреевич","Цветник русской литературы, содержащий в себе избранные образцы из русских классиков, расположенные в систематическом порядке","СПб.","Шмицдорф",1840,400,"",23,"","drive/natasha","Альманахи","alm","Almanacks","A_120"
"215",333,NA,"v","sep","lyr","","","","","Господам членам Немецкого клуба на 1840 год : [Стихотворение]","М.","Степанова",1840,4,"8",NA,"","","Отд. стихотворения","sep_lyr","Lyric booklets",NA
"216",901,NA,"v","sep","lyr","","","","","Застольная песня","","",1840,1,"",NA,"нб_спбгу","http://old.library.spbu.ru/dcol/jsp/RcWebImageViewer.jsp?doc_id=ad3db2a1-c807-461d-a5a8-c6905de40f77/libspbgu/00000001/00000806&pg_seq=1&search_doc=","Отд. стихотворения","sep_lyr","Lyric booklets",NA
"217",326,NA,"v","col","lyr","","","","","Стихотворения Н.И.","М.","Степанова",1840,71,"",22,"","","Сборники стихотворений","col_lyr","Lyric collections",NA
"218",324,"COL_187","v","col","lyr","","","","","Три песни патриота","СПб.","3 Деп. М-ва гос. имуществ",1840,24,"12",21,"РГБ","https://dlib.rsl.ru/01003560269","Сборники стихотворений","col_lyr","Lyric collections",NA
