A_ID	Author_Initials	Author_full_name	COL_ID-s	gender	Birth	Death	Cities_in_1830s	Col_is_first_poetry_col	Stratum	Comments	РП	pseudos	links
A-1	А. Я-в		COL_1	m						unknown	NA		
A-2	Баратынский Е.А.	Баратынский Евгений Абрамович	COL_2	m	1800	1844	М.	0	дворянин	первый ряд	1-158		
A-3	Венгер Н.	Венгер Николай	COL_3	m			Одесса	1		украинский прозаик	NA		
A-4	Деларю М.Д.	Деларю Михаил Данилович	COL_4	m	1811	1868	"СПб.; Одесса"	0	дворянин	"второй ряд; пушкин; кружок Фукс; одесский альманах"	2-98		
A-5	Зилов А.М.	Зилов Алексей Михайлович	"COL_5; COL_22; COL_182"	m	1798	1865		1	дворянин	"дилетант; масон; моралист; басни"	2-339		
A-6	Кожухов Н.		COL_6	m						unknown	NA		
A-7	Кольцов А.В.	Кольцов Алексей Васильевич	COL_7	m	1809	1842	"Воронеж; СПб.; М."	1	купец	первый ряд	3-33		
A-8	Лебедев В.		COL_8	m						издатель альманаха “Осенний вечер”	NA		
A-9	Меркли М.М.	Меркли Михаил Маркович	COL_9	m	1817	1846	М.	1	дворянин	"мос. ун-т; общался с П.С. Мочаловым"	4-30		
A-10	Мятлев И.П.	Мятлев Иван Петрович	COL_10	m	1797	1844		1	дворянин	"заметная фигура в петерб. высшем свете; в 1830-х сближается с Вяземским, Жуковским, Пушкиным, Гоголем; нек. тексты стали романсами; прославился не сборником, а стихами на случай и шутками; в 1840 нач. публ. поэму “Сенсации и замечания госпожи Курдюковой…”"	4-196		
A-11	Пушкин А.С.	Пушкин Александр Сергеевич	COL_11	m	1799	1837	СПб.?	0	дворянин	первый ряд	5		
A-12	Риль Ю.		COL_12	m	NA	NA	NA	NA	NA	unknown	NA		
A-13	Геевский С.Л.	Геевский Степан Лукич	COL_13	m	1813	1862	Харьков	1	дворянин	"Харьковский ун-т; Масанов: ЛН.1937.31-32.794; Павловский 44; написал автобиографию (ссылка в РП)"	1-536		
A-14	Савурский Н.	Савурский Николай	COL_14	m						"unknown; Соболев о невскрываемой анонимности персонажа: https://lucas-v-leyden.livejournal.com/34311.html ; есть какие-то зацепки, но в целом сложно"	NA		
A-15	Тимофеев А.В.	Тимофеев Алексей Васильевич	"COL_15; COL_56"	m	1812	1883	СПб.	0		"Член ред. ЖМНП (1835-40); перв. сб в 1833 (“XII песен”); закат карьеры вместе с закатом БдЧ в 1839-1840м"	6-206		
A-16	Топчибашев М. Д.	Топчибашев Мирза Джафар	COL_16	m	1790	1869			бек	востоковед, профессор в СПб	NA		
A-17	Цитович Н.Д.	Цитович Николай Дмитриевич	COL_141	m					чиновник		NA		https://ru.wikisource.org/wiki/РБС/ВТ/Цитович,_Николай_Дмитриевич
A-18	Бенедиктов В.Г.	Бенедиктов Владимир Григорьевич	COL_200	m	1807	1873	СПб.	1	дворянин	"входит в лит-ру благодаря салону Карлгофов; изд. 1835 издано Карлгофом с его предисл.; наиболее активен в 1835-1838; довел до крайности романтич. стиль, новообразования в языке"	1-233		
A-19	Жуковский В.А.	Жуковский Василий Андреевич	COL_212	m	1783	1852		0	дворянин	первый ряд	2-278		
A-20	Аполлон де ***		COL_19	m						unknown			
A-21													
A-22	Кашкин Д.Е.	Кашкин Дмитрий Евгеньевич	COL_23	m	1771	1843			сын чиновника	"переводчик; стихотворец; автор Александриады?; в статье РП (Рогов) сб. стихотв. не упом."	2-521		
A-23	Лавров Н.		COL_24	m						unknown	NA		
A-24	Мейснер А.	Мейснер Алексей Яковлевич	COL_25	m	1807	1882	"СПб.; М."	1	дворянин	"приятель Бенедиктова, находился под его творч. влиянием; вслед за Бенедиктовым выбирает сонетную форму; был знаком и посв. стихотворения Е.Н. Шаховой"	3-570		
A-25	Муравьев Н.Н.	Муравьев Николай Назарьевич	COL_26	m	1775	1845	"имение Покровское; Новгород"	0	дворянин	графоман	4-162		
A-26	Полежаев А.И.	Полежаев Александр Иванович	"COL_27; COL_78"	m	1804	1838		0	разжалован из дворянства	"ученик Мерзлякова в МУ, лит-но близок 18-вечн. традиции; при этом увл. романтизмом Байрона"	5-40		
A-27	Пуговишников А.М.	Пуговишников Александр Михайлович	"COL_28; COL_174"	m	конец 1790-х	после 1846		0	купец	"известен по альманаху “Феномен” (М., 1832) с предисловием про то, зачем печатать плохие стихи и альманахи; кривое зеркало элегич. поэзии нач. 19 в.; его имя становится нарицательным именем автора-графомана к сер. 1830-х"	5-174		
A-28	Суханов М.Д.	Суханов Михаил Дмитриевич	"COL_29; COL_30; COL_81"	m	1801	1843	"Архангельск; Ярославль"	0	крестьянин	поэт-самоучка	6-142		
A-29	Федоров Б.М.	Федоров Борис Михайлович	COL_37	m	1798	1875	СПб.	0	дворянин	"Сотрудничал с СП в 1838-1842; член Рос. акад; в 1830-х в осн. изд. детскую лит-ру"	6-412		
A-30	Тепляков В.Г.	Тепляков Виктор Григорьевич	COL_32	m	1804	1842	"М.; СПб.; путешествовал"	0	дворянин	"Восп. в Благ. панс. при МУ; масон; в 1820 увлек. Байроном; вступ. в лит-ру в сер. 1820х, наиболее актив. в нач. 1830х; перв. сб. в 1832, второй в 1836; продолж. пушк. школу + романтич. индивидуализм; перестает писать стихи после 1836"	6-193		http://feb-web.ru/feb/pushkin/serial/isb/isb-192-.htm
A-31	Тростин Х.Д.	Тростин Христофор	COL_33	m						малоизвестный моск. литератор (см. статью Рейтблата Моск. альманашники)	NA		упомин. в РП-1-583
A-32	Цимбалин К.И.	Цимбалин Константин Иванович	COL_34	m	1807	NA			дворянин	"баснописец-дилетант, подражатель Крылова; в 1823 поступ. на словесн. отд. МУ; нек. басни писал нерифм/белым стихом(!)"	6-582		о нем есть у Смирнова-Сокольского в “Моей библиотеке”
A-33	Кульчицкий А.	Кульчицкий Александр Яковлевич	COL_38	m	1814	1845	Харьков	1	сын выходца из польск. шляхты	"Харьковский ун-т; театральн. критик; к концу 30х сблизился с Гребенкой и Квиткой"	3-226		
A-34	Майков М.А.	Майков Михаил Александрович	COL_143	m	1770	1848	Ярославль	0	дворянин	"баснописец, архаист; лит. карьеру начал еще  в конце 18 века (перв. публ. 1786!)"	3-463		
A-35	Тяпкин			m						unknown	NA		
A-36	Бахтурин К.А.	Бахтурин Константин Александрович	COL_42	m	1807	1841	СПб.	0	дворянин	"в нач. 30-х в кружке Пассека, Огарева, Сатина; талант к импровиз.; в 33 переезж. в СПб., сближ. с Ершовым и Бенедиктовым"	1-185		
A-37	Бернет Е.	Бернет Е.	COL_43	m	1810	1864	СПб.	1	дворянин	"Жуковский Александр Кириллович; сослуживец Бенедиктова; салон Карлгофов"	1-250		
A-38	Бороздна И.П.	Бороздна Иван Петрович	COL_44	m	1804	1858	"М.; с. Медвёдов"	0	дворянин	"дебют в 1820-х; сб “Опыты в стихах” (М., 1828); “Лира Ивана Бороздны” (М., 1834)"	1-317		
A-39	Бутырский Н.И.	Бутырский Никита Иванович	COL_45	m	1783	1848	СПб.	0	духовного зв.	"1814-25 обучал рос. словесн. в Пажеском корп.; с 1826 утв. ординарн. проф. Петерб. ун-та; вел переписку с Шишковым, приверженец чистого классицизма"	1-378		
A-40	Быстроглазов А.	Быстроглазов А.	COL_46	m						"unknown; возможно, упомин. в дневнике Никитенко, но нужно искать там"	NA		https://imwerden.de/pdf/nikitenko_dnevnik_tom1_1826-1857_1955_text.pdf
A-41	Глинка Ф.Н.	Глинка Федор Николаевич	COL_47	m	1786	1880	М.	0	дворянин	в 1830е сближ. с Аксаковыми, АС Хомяковым, Погодиным, Шевыревым	1-578		
A-42	Грен Н.	Грен Н.	COL_42	m						unknown, возможно, брат А.Е. Грена (РП.2-17)	NA		
A-43	Дьячков С.П.	Дьячков Семен Петрович	COL_49	m	1809	1844	СПб.	0	духовного зв.	"автор стихотв. соч. для низовой аудитории; учился в МУ, затем в Каз. ун-те; критика ставила его в один ряд с лубочными авт."	2-206		
A-44	Кашаев В.	Кашаев Виктор	COL_50	m						unknown	NA		
A-45	Мартынов А.	Мартынов Авксентий Матвеевич	COL_51	m	1787	1858	СПб.	0	духовного зв.	"с 1819 близок с Хвостовым; моралист, вражд. пушкинск. школе; в 1840х — с Бурачком в “Маяке”"	3-531		
A-46	Подолинский А.И.	Подолинский Андрей Иванович	COL_52	m	1806	1886	"Одесса; Киев"	0	дворянин	"киевлянин; учился в Благородном пансионе в Петерб., где сблиз. с АН Струговщиковым; знаком с Илличевским; был в кружке Дельвига до 1829, затем в разладе с пушк. кругом, дружен с бароном Розеном"	5-12		
A-47	Скосырев К.	Скосырев Константин	COL_53	m						unknown	NA		
A-48	Смирнова А.	Смирнова Анна 	COL_54	f						unknown	NA		
A-49	Соколовский В.И.	Соколовский Владимир Игнатьвич	COL_55	m	1808	1839	"СПб.; Вологда"	0	дворянин	"в 1820е жил в Красноярске, познакомился там с декабристами; в 1830 приехал в М., был знаком с Герценом, Огаревым, Кони, Сатиным, Полевым, Максимовичем, Полежаевым; в 1834 переезж. в СПб., был в заключении за песню “Русский император…”, по освобождении вошел в Петерб. лит. круги: Одоевский, Карлгоф, Драшусова, Вяземский, Воейков и др; публиковался в 37-39 в журналах(!)"	5-717		
A-50	Якубович Л.А.	Якубович Лукьян Андреевич	COL_57	m	1805	1839		1	дворянин	"учился в Моск. ун. пансионе (ок. 1826); участвовал в лит. об. Раича; “его очень любил Пушкин” (Венгеров); был близок с Полежаевым; бедствовал из-за литературной профессии (по восп. Панаева)"			Венгеров: http://az.lib.ru/w/wengerow_s_a/text_0730.shtml Панаев про денежные бедствия Якубовича: http://az.lib.ru/j/jakubowich_l_a/text_0020.shtml
A-51	Стромилов С.И.	Стромилов Семен Иванович	COL_146	m	ок 1810	после 1862	М.	0	дворянин	"Мос. ун-ский благородн. пансион (ок. 1829); знаком с Раичем; перв. сб: “Опыты в стихах С.С.” М., 1830; наиб. активен во втор. пол. 30х, участв. в МН, Галатее и др. журн.; сб. “12 сонетов” в 1837; наиб. отличился песнями и романсами"	6-92		лерм. энц. (Вацуро): http://feb-web.ru/feb/lermenc/lre-abc/
A-52	Громов И.	Громов И.	COL_148	m						unknown	NA		упом. в кн. Жирмунского “Пушкин и Байрон” (1 цитата, с. 317) https://imwerden.de/pdf/zhirmunsky_bayron_i_pushkin_1978__ocr.pdf
A-53	Пустельгин			m						"unknown; в это же время публиковал повести: https://philology.hse.ru/rusnovel/bibliography "	NA		
A-54	Магденко А.	Магденко Андрей	COL_150	m						unknown	NA		"возможно, это он: https://sr.rodovid.org/wk/Особа:658960 ; выписка в карт. Модз.: РС.1876. №8. С. 628"
A-55	Мысовский-Светогорский С.Д.	Мысовский-Светогорский Сергей Дмитриевич	"COL_152; COL_100; COL_138"	m	1812	после 1863	"М.; СПб."	1	мещанин	"поэт-самоучка; отец — торговец свечами; в 1832 прислал в ценз. “пастушескую поэму”; перв. публ. - “Элегия Элиза” (М., 1837)"	4-190		
A-56	Петров И.М.	Петров Иван Матеевич	COL_153	m	1803	1838	Харьков	0	из обер-офиц. детей	"входил в Красноярскую лит. беседу; жил в Сибири, в 32м уехал в Харьков; псевд. Пустынник Залопанский"	4-579	Пустыннник Залопанский	
A-57	Веревкин Н.Ф.	Веревкин Николай Федорович	COL_154	m	1800	после 1837		1	дворянин	"поэт-дилетант; участник разных военн. компаний; автор изначальн. варианта песни “Любо, братцы, любо…”"	1-423		
A-58	Шаршавый П.Я.	Шаршавый Петр Якимович	COL_207	m	1814	1865		1		поэт и прозаик, изд. авторск. альманах “Цевница” (1837), далее сотрудник журнала “Маяк”		П. Шарш	https://www.academia.edu/32844239/_И_может_быть_проснется_Шарш_В_поисках_биографии_одного_забытого_поэта_1830_1840_х_гг
A-59	Орлов А.А.	Орлов Александр Анфимович	COL_214	m	1790	1840		0	сын пономаря	"окончил моск. ун-т; писал поэмы архаич. языком; в 1830х печ. нравств-сатир. романы и тп.; известен пародийными повестями про Выжигина"	4-446		
A-60	Аладьина Е.В.	Аладьина Елизавета Васильевна	COL_60	f	1810	после 1867	СПб.	1		"fem; жена Е.В. Аладьина (изд. Невский альманах); дочь бедного чиновника, восп. в Инст. благор. девиц"	1-43	"Ел. Ал.; — А — А "	
A-61	Бестужев А.А. (Марлинский)	Бестужев Александр Александрович	COL_62	m	1797	1837		0	дворянин	в сер. 30-х на Кавказе, ведет переписку с НА Полевым	1-253	Марлинский	
A-62	Бобылев Н.И.	Бобылев Николай Иванович	"COL_63; COL_201"	m	1819	1865	"М.; СПб."	1	дворянин	"детство и юность провел в Сибири (Нерчинск); учился в МУ, курса не кончил; дома устраивал “субботы”, на кот. собирались напр. Кони и АГ Ротчев"	1-294		
A-63	Вердеревский А.	Вердеревский Александр	COL_64	m					купец?	хотя есть статья в РП, в целом сведений о нем не сохранилось, кроме публикаций	1-421		
A-64	Веронов	Баласогло Александр Пантелеймонович	COL_65	m	1813	1893	СПб.		сын офицера флота	"в 1834-35 посещал вольнослушателем Петерб. ун-т;"	1-145	Веронов	
A_1000	Веронов	Норев П.П.	COL_65	m						"unknown; указание: статья РП о A-64 (Баласогло)"	NA	Веронов	
A-65	Владиславлев В.А.	Владиславлев Владимир Андреевич	COL_66	m	1806	1856	СПб.	izd	дворянин	"дата рожд., возм., 1808; окончил ист.-филол. ф-т Петерб. ун-та; участв. в польск. камп.; был адъютантом нач. штаба корп. жандармов Дубельта; альманах составлял при поддержке Бенкендорфа; делец с лит. вкусом"	1-450		
A-66	Демидов М.А.	Демидов Михаил Александрович	COL_67	m	1817	1841		0	дворянин	"в 1831 зачислен в Пажеский корп.; друг поэта Баталина; в 37-40 служил в Лубенском гусарском полку, прослав. как полковой поэт; перв. книгу выпустил в 1832 (в 14 лет)"	2-105		
A-67	Доброхотов Ф.	Доброхотов Феофил		m						"unknown; упомин. в: Заборов П.Р. Русская литература и Вольтер. Л., 1978. С. 222"	NA		
A-68	Долгоруков А.В.	Долгоруков Алексей Владимирович	COL_69	m	1813	после 1869	"Харьков; СПб."	1	князь	"литератор-дилетант; слушал мед. лекции в Харьков. ун-те; с 1839 служил в Петерб.; гипнотизер"	2-147	Алексей Москвитянин	
A-69	Карелин И.М.	Карелин Илья Марьянович	COL_70	m	1823	NA	М.	1	из обер-офиц. детей	"в 1839 поступил на юр. ф-т МУ (не оконч.); в 40х сблизился с кружком А.А. Григорьева"	2-483	И-я К	
A-70	Костомаров Н.И.	Костомаров Николай Иванович	COL_71	m	1817	1885			дворянин	поэзия его вся на укр.	3-103		
A-71	Краснов С.	Краснов Стахий	COL_72	m						"unknown; поручик"	NA		
A-72	Леонов А.А.	Леонов Алексей Алексеевич	COL_73	m	1815	1882	Харьков	1	сын сотника Войска Донского	учился в Харьковском ун-те	3-321		
A-73	Максимов М.И.	Максимов Михаил Иванович	COL_74	m	1810	после 1856		0	купец	поэт-патриот	3-483		
A-74	Марков М.А.	Марков Михаил Александрович	COL_75	m	1810	1876	СПб.	0	дворянин	"участвовал в подавлении польск. восст. 1830-31; в Москве был в театр. кругах (Шаховской, Кокошкин); одно из перв. стихотв. одобрил И.И. Дмитриев; дебютировал в 1825 г.; в 30-х сотр. в БдЧ, в 35м вел Лит.летопись;"	3-528		
A-75	Анисимова Д.А.	Анисимова (Онисимова) Домна Анисимовна	COL_76	f	1812	1868	с. Дегтяное Спасского у. Рязан. губ.	1	из семьи пономаря	"сб. отпечатан Рос. акад; затем печаталсь в журналах; интерес к ней угас уже в 40-х; поэзия — соедин. элементов одич. стиля с напевностью нар.-песенной лирики"	1-77		
A-76	Остроумов И.	Остроумов Иван	COL_77	m					крестьянин	unknown	NA		
A-77	Сушков Д.П.	Сушков Дмитрий Петрович	COL_79	m	1817	1894	СПб.	1	дворянин	"младший брат Е.П. Ростопчиной; нек. время учился в Моск. благор. панс."	6-156		
A-78	Теплова Н.С.	Терюхина (Теплова) Надежда Сергеевна	COL_80	f	1814	1848		0	из купеческой семьи	"fem; дебютировала в 13 лет; наставник - М.А. Максимович; первый сб. вышел в 1833"	6-191		
A-79	Молчанова В.		COL_82	f						"unknown; fem"	NA		
A-80	Дмитриев И.И.	Дмитриев Иван Иванович	COL_160	m	1760	1837	М.	0	дворянин	в 1830-х стихов не писал	2-122		
A-81	Раевич  И.А.	Раевич Иван Александрович	"COL_162; COL_176"	m	1801	1847	"СПб.; М."	1	сын священника	"литератор-дилетант; в круге Греча"	5-244		https://sudba.ucoz.net/publ/rabotniki_kultury_i_iskusstva/raevich_ivan_aleksandrovich_literator_poeht_prozaik/15-1-0-522
A-82	Праволамский П.	Праволамский Петр	COL_164	m	1820	1869	"Ярославль; М.; СПб."	1		"даты жизни примерные; поэт-дилетант; с 37го учился в Демидовском лицее; там занялся поэтич. творч. под рук. А.З. Зиновьева; его сборник — второе стихотв. изд. в ист. Ярославля; в 1840 близко сошелся с Некрасовым"	5-133		
A-83	Моствило-Головач Т.		COL_165	m						"unknown; Венгеров: смоленский поэт и беллетрист"	NA		
A-84	Бакунин И.М.	Бакунин Илья Модестович	COL_168	m	1800	1841		1		участвовал во взятии Варшавы в 1831	1-142		
A-85	Волков А.А.	Волков Александр Абрамович	COL_175	m	1788	до 1845		0		"чл. ОЛРС при МУ с 1823; почитатель ИИ Дмитриева; классик-архаист"	1-463		
A-86	Барановский В.		COL_217	m						unknown	NA		
A-87	Поднебесный		"COL_218; COL_112"	m						unknown	NA		
A-88	Абрамовский С.	Абрамовский Степан	COL_88	m						unknown	NA		
A-89	Андроников Н.		COL_89	m						unknown	NA		
A-90	Билевич Н.И.	Билевич Николай Иванович	COL_90	m	1812	1860				прозаик	1-267	Николай Кунацкий	
A-91	Богданов Н.	Богданов Николай	COL_91	m						unknown	NA		
A-92	Горчаков В.Н.	Горчаков Владислав Николаевич	COL_91	m	1822	после 1853		1		"поэт-дилетант; сб. посв. И.И. Срезневскому, есть неск. опытов фольклорн. стилизаций"	1-644		
A-93	Измайлов А.Е.	Измайлов Александр Ефимович	COL_95	m	1779	1831		0	дворянин	поэт-сатирик	2-405		
A-94	Карманов Г.		COL_96	m						unknown	NA		
A-95	Струйский Д.Ю.	Струйский Дмитрий Юрьевич	COL_113	m	1806	1856	СПб.	0	дворянин	"учился на словесн. отд. МУ (однокурсник Тютчева); до 1826 в Моск. арх. коллегии иностр. дел; в 1830х переезж. в Пб., с 1834 пом. столоначальника; дебют. в 1827, пост. автор изд. Дельвига и П.; увлек. Байроном; 1й сб. 1830; посещ. утренники Краевского, вечера Струговщикова; был муз. и театр. критиком"	6-99	Трилунный	
A-96	Кульман Е.Б.	Кульман Елизавета Борисовна	COL_98	f	1808	1825		1	дворянка	"ученица К. Гроссгенриха; обладала редкой способностью к языкам; много писала белым стихом, переводила с исп.; сборник издан на средства Рос. Акад по инициативе Гроссгенриха и Шишкова"	3-224		
A-97	Медведенко Н.		COL_99	m						unknown	NA		
A-98	Сапунов Н.		COL_101	m						unknown	NA		
A-99	Тимковский П.		COL_102	m						unknown	NA		
A-100	Толстая С.Ф.	Толстая Сарра Федоровна	COL_103	f	1820	1838	СПб.	1	дворянка	"fem; дочь Толстого (Американца) и мещанки Авд. Тугаевой (“цыганки”); сб. изд. посмертно, нет стихов на рус."	6-233		
A-101	Шахова Е.Н.	Шахова Елисавета Никитична	COL_104	f	1822	1899		1	дворянка	"fem; изд. 1837 года изд. Рос. акад; второе изд. 1839 изд. также Рос. акад., за него Шахова получила от императора Н1 бриллиантовый фермуар и перстень с бриллиантами; была знакома со многими литераторами своего врем."			
A-102	Мягков Н.	Мягков Николай Иванович	COL_114	m	1828	после 1841	СПб.	1	дворянин	дебютировал в 11 лет	4-192		
A-103	Олин В.Н.	Олин Валериан Николаевич	COL_225	m	1790	1841		0	дворянин	"участвовал в Беседе; переводил Оссиана и с англ.; в 1830-х был в крайней нужде; в конце 30-х писал фантастич. повести, кот. стали поводом для полного его уничтожения в критике"	4-430		
A-104	Максимович М. 	Максимович Михаил Александрович	COL_233	m	1804	1873		0		"изд. альманах Киевлянин (1840); в 1833 избр. действ. чл. ОЛРС (М.), с 1834 ректор Киевск. ун-та"	3-488		
A-105	Харинский Х.	Харинский Хрисанф	COL_178	m						"unknown; кавалер ордена Св. Владимира 4й степени (1821); автор “Картины Севера” (М., 1821)"	NA		
A-106	Шаховской А.А.	Шаховской Александр Александрович	COL_181	m	1777	1846	СПб.	0	дворянин				
A-107	Яковлев Я.		COL_183	m						unknown			
A-108	Глухарев И.Н.	Глухарев Иван Никитич	COL_228	m	1809	после 1840				"представитель массовой лит-ры 1830х гг.; учился в МУ, курса не окончил; писал историч. романы, издавал альманахи"	1-583		
A-109	Анордист Н.		COL_124	m						unknown	NA		
A-110	Давыдов Д.В.	Давыдов Денис Васильевич	COL_126	m	1784	1839		0	дворянин	единств. прижизненный сборник “Стихотворения Д.В. Давыдова” вышел в 1832	2-68		
A-111	Данков И.И.	Данков Иван Иванович	"COL_184; COL_185"	m	1811	1844	М.	1	из шляхтичей	"учился в МУ; “типичный представитель низовой лит-ры … созд. с целью заработка разночинными студентами МУ и Моск. мед-хирург. акад.”; соч. имели успех у низовых читателей"	2-86		
A-112	Долгоруков А.И.	Долгоруков Александр Иванович	COL_129	m	1793	1868		1	дворянин	"учился в Пажеском корпусе (1803-1810) и Геттинген. ун-те (1806-1808); много путешествовал по Европе; ориент. на легкоую поэзию нач. 19 в."	2-147		
A-113	Козлов И.И.	Козлов Иван Иванович	COL_130	m	1779	1840	СПб.	0	дворянин		3-5		
A-114	Лермонтов М.Ю.	Лермонтов Михаил Юрьевич	COL_131	m	1814	1841	СПб.	1	дворянин	"ученик Мерзлякова и Раича; учился в Моск. ун. благ. пансионе (1828-1830), в 1830 зачисл. в МУ;"	3-329		
A-115	Некрасов Н.А.	Некрасов Николай Алексеевич	COL_132	m	1821	1877	СПб.	1	дворянин	"после сборника напечатал в ПРиВЕТ неск. сатирич. стихотворений (под псевдонимами); с 1840 редактирует ЛитГазету; сотрудн. в Пантеоне, ОЗ, РИ"	4-269		
A-116	Папкевич А.	Папкевич Александр	COL_133	m						unknown	NA		
A-117	Слепушкин Ф.Н.	Слепушкин Федор Никифорович	COL_134	m	1788	1848	СПб.	0	крестьянин	"поэт-самоучка; перв. образцы творчества были представлены Свиньиным в ВОЛРС в 1822; изд. стихотв. при поддержке Свиньина и Федорова; сб. “Досуги сельского жителя” — 1826"	5-646		
A-118	Фет А.А.	Фет Афанасий Афанасьевич	COL_135	m	1820	1892	М.	1	гессен-дармштадский подданный	"c 1834 в Верро; в 1838 г. поступил в МУ на словесн. отд.; друг по ун-ту — Аполлог Григорьев; посещ. своих проф. Погодина и Шевырева"	6-437		
A-119	Филимонов П.С.	Филимонов П.С.	COL_136	m						unknown	NA		
A-120	Эртель В.А.	Эртель Василий Андреевич	COL_120	m	1793	1847	СПб.	0		"немец, сын проф. теологии, приехал в Россию в 1815 г.; двоюродный брат Баратынского; был вхож в лит. круги; в конце 30-х гг. был учителем нем. яз. у АII; в 40-х работал в Публичной библ."			http://nlr.ru/nlr_history/persons/info.php?id=345
A-121	Алексеев П.Ф.	Алексеев Петр Федорович	COL_190	m	1813	1870	Депрт	1		"1834-38 учился на словесном отд. Дерпт. ун-та; начал печ. в конце 40-х"	1-47		
A-122	Саблин Е.И.	Саблин Евгений	COL_191	m			Ярославль			"одноклассник Некрасова по гимназии; Некрасов отрицательно отозвался о сб."	NA		Летопись Некрасова с. 41: http://lib2.pushkinskijdom.ru/Media/Default/PDF/Sprav/Letopis%20Nekrasova.%20Т.%201.pdf
A-123	Любатевич С.	Любатевич Спиридон	COL_192	m						unknown	NA		
A-124	Криксин		COL_193	m						unknown	NA		
A-125	Маслеников-Какуев		COL_194	m						unknown	NA		
A-126	Рыбников		COL_195	m						unkown	NA		
A-127	Ободовский П.Г.	Ободовский Платон Григорьевич	COL_198	m	1803	1864	СПб.	0	дворянин	"дебютировал в 1822 в Благонам. (ВОЛСНХ); в 1840 г. избр. на должн. проф. рос. словесности Гл. Пед. ин-та (заменил Плетнева); в 1830-х занимался драматургией"	4-370		
A-128	Оленозова		COL_140	f						unknown	NA		
A-129	Васильев М.	Васильев Мартын	COL_216	m						unknown	NA		
A-130	Веревкин Н.Н.	Веревкин Николай Николаевич		m	1813	1838	СПб.		дворянин	сотрудничал в БдЧ и печатался в Совр.	1-422	Рахманный	
A-131													
A-132	М.Д.		COL_83							"unknown; в 1820х так подписывалась в Благонамеренном Мария Даргомыжская [Масанов; Мнимая поэзия]"			
A-133	Лукьянов А.		COL_84	m						unknown	NA		
A-134	Башкатов А.	Башкатов Алексей Васильевич	COL_169	m						unknown	NA		
A-135	Ушаков А.А.		COL_222	m						unknown	NA		как-то связан с Полежаевым
A-136	Чурмантеева К.В.	Чурмантеева К.В.		f						unknown			БдЧ
A-137	Шишков А.С.	Шишков Александр Семенович	per	m	1754	1841							
A-138	Кутайсов А.И.	Кутайсов Александр Иванович		m	1784	1812				герой Отеч. войны	NA		
A-139	Прокопович Н.Я.	Прокопович Николай Яковлевич		m	1810	1857			дворянин	"дебютировал в 1831 в ЛПРИ; писал в осн. баллады и сказки; друг Гоголя, впоследств. издавал его соч., а также соч. Кольцова (совм. с Белинским и Некрасовым)"	5-151		
A-140	Грибоедов А.С.	Грибоедов Александр Сергеевич		m	1795	1829					2-22		
A-141	Венедиктов М.			m						unknown	NA		
A-142	Майков А.Н.	Майков Аполлон Николаевич		m	1821	1897	М.		дворянин	"дебютом считается появл. в Одесском альманахе 1840 г., однако в действ. появился в БдЧ еще в 1835 г.; учился в МУ, много общался в лит. деятелями; стихотв. вышли в 1842"	3-453	А.М.	
A-143	Ершов П.П.	Ершов Петр Павлович		m	1815	1869	"СПб.; Тобольск"		разночинец	"в 1834 окончил Петерб. ун-т; пытался стать проф. литератором, много общался с др., в тч. Жуковским, Бенедиктовым; летом 36 уехал в Тобольск"	2-239		
A-144	Сорокин М.П.	Сорокин Михаил Павлович		m	1806	1848	СПб.		дворянин	"учился в Петерб. ун-те, участв. в кружке Никитенко; в 36-37 препод. словесность в Лесном и Межев. ин-те, с 1836 - в театр. училище. Дебют. в 1828; с 39 актив. сотр. СПб-ведомостей;"	6-14	М. С.р.к.нъ	
A-145	Гогниев И.Е.	Гогниев Иван		m						"драматург (Альтшуллер); о нем что-то изв. в связи с Некрасовым; ненадежный источник дает даты жизни 1806-1883"	NA		
A-146	Кони Ф.А.	Кони Федор Алексеевич		m	1809	1879	СПб.		мещанин	"драматург; в поэзии “эпигон романтизма”"	3-56		
A-147	Струговщиков А.Н.	Струговщиков Александр Николаевич		m	1808	1879			дворянин	в сер. 20-х сблизился с кружком Кукольника и М. Глинки, посещал “утренники” Краевского	6-96		
A-148	Малышев Г.Г.	Малышев Григорий Григорьевич		m	1802	1868			сын унтер-офицера	поэт-самоучка	3-494		
A-149	Шаликов П.И.	Шаликов Петр Иванович		m	1768	1852			князь				
A-150	Вяземский П.А.	Вяземский Петр Андреевич		m	1792	1878	СПб.		князь		1-501		
A-151	Катенин П.А.	Катенин Павел Александрович		m	1792	1853			дворянин	во второй половине 30-х находился в “литературной изоляции”	2-503		
A-152	Красов В.И.	Красов Василий Иванович		m	1810	1854	"М.; Киев"		из семьи священника	"учился в Вологод. сем., затем в МУ; участвовал в кружке Станкевича; начал публиковаться в нач. 1830х; в тв-ве исп. влияние Баратынского; в 1837 переехал в Киев"	3-137		
A-153	Ростопчина Е.П.	Ростопчина (Растопчина) Евдокия Петровна		f	1811	1858	СПб.		"дворянка; графиня"	"fem; Вяземский опубл. ее стихотв. “Талисман” в 1831 (дебют в СЦ); с 1836 г. в Петерб., откр. лит. салон; 1838-39 в уединении в селе Анна; к 40му году была уже именитой поэтессой; сб. издала в 1841"	5-369	"Гр. Е. Р.; Гр-ня Е. Р-на; Г.Е.Р.; Гр. А-а Р-а"	
A-154	Тютчев Ф.И.	Тютчев Федор Иванович		m	1803	1873	"Мюнхен; СПб."		дворянин	ненадолго в СПб. в 1837	6-350		
A-155	Менцов Ф.Н.	Менцов Федор Николаевич		m	1818	1848	СПб.		сын чиновника	"учился в Петерб. ун-те; в 1834 дебютировал со стих.; сотрудничал в ЖМНП, писал бесстрастные обзоры в разд. изящн. слов.; много публиковался во втор. пол. 30-х"	4-10		
A-156	Касторский Н.			m						"unknown; переводил с сербского (СО.1840)"	NA		
A-157	Греков Н.П.	Греков Николай Порфирьевич		m	1807	1866			сын поручика	"друг Ф.Н. Кони, дебютировал в 1825; систематических печататься начал уже в сер. 30-х; сб. вышел только в 1860"	2-16		
A-158	Кропоткин Д.А.	Кропоткин Дмитрий Алексеевич		m	1818	после 1875	СПб.		князь	участвовал в БдЧ, составлял статьи для энциклопедич. лексикона Плюшара	3-161		
A-159	Губер Э.И.	Губер Эдуард Иванович		m	1814	1847	СПб.		сын лютеранск. пастера	"родн. язык — немецкий, переводил с него Фауста; овлад. русским начал в 1823; дебют в печ. в 1831; в конце 30-х сошелся с Кукольником; подготовил сборник в 1835, по неизв. причинам он не был издан; вып. сб. только в 1845 ; в 1840 заведовал отд. Критики и Лит.летоп. в БдЧ"	2-52		
A-160	Ознобишин Д.П.	Ознобишин Дмитрий Петрович		m	1804	1877			дворянин	"учился в МУ, был членом Общества друзей (1822-25) Райича, с 1828 чл. ОЛРС; в сер. 30-х был в друж. отношениях с Ник.Тим. Аксаковым и Н.М. Языковым; при жизни не издал ни одного сб."	4-411		
A-161	Айбулат К.М.	Айбулат (Айбулат-Розен) Константин Михайлович		m	1817	1865	"Харьков; СПб."			в 1839 переехал в СПб., был в кругу Краевского и Плетнева	1-26		
A-162	Кукольник Н.В.	Кукольник Нестор Васильевич		m	1809	1868	СПб.		сын галицийского словака, проф.	"учился в Нежинской г-зии с Е.П. Гребенкой и Н.В. Гоголем (последний относился к К. иронически); во втор. пол. 1830х устраивает среды для литераторо-неаристократов; в 1843 сходит со сцены, вновь вступив на службу"	3-212		
A-163	Гребенка Е.П.	Гребенка Евгений Павлович		m	1812	1848	СПб.		дворянин	"учился в Нежинской г-зии; в Петерб. посещал салоны Одоевского и Плетнева; принимал у себя литераторов (втч Кукольника, Бенедиктова, Белинского); был пропагандистом укр. лит-ры; поэзия — романтическая, на укр. более оригинальн."	2-13		
A-164	Мейстер И.			m						unknown	NA		
A-165	Катков М.Н.	Катков Михаил Никифорович		m	1818	1887	"М.; СПб."		дворянин	"учился в МУ (1834-38) на словесн. отд. (окончил с отл.); в 1837 примкнул к кружку Станкевича, гегельянец; в 1839 переехал в СПб.; давал уроки Сарре Толстой; в сер. 1840 расходится с Белинским и ссорится с М.А. Бакуниным"	2-506		
A-166	Грот Я.К.	Грот Яков Карлович		m	1812	1893			дворянин	"оконч. Царскосельск. лицей; переводил со шведск."	2-48		
A-167	Туманский В.И.	Туманский Василий Иванович		m	1800	1860	Константинополь(?)		дворянин	"дебют. в 1817, участвовал в ВОЛРС; приятельствовал с Пушкиным; в 30-е гг. служил константинопольской миссии"	6-305		
A-168	Розен Е.Ф.	Розен Егор (Георгий) Федорович		m	1800	1860	СПб.		из остзейской семьи	"родн. язык - немецк; в 1835-40 личный секр. при наследнике, в свите насл. совершил загр. путешеств в 38-39 (с Жуковск.); участв. в Совр.; в кон. 30-х возобновил сотр. с Воейковым"	5-341		
A-169	Павлова К.К.	Павлова (урожд. Яниш) Каролина Карловна		f	1807	1893	М.		дворянка	"была введена в салон Елагиной (знала Киреевских) и З. Волконской, там познакомилась с Баратынским и Мицкевичем (несост. женитьба); начала публик. по-русски в 1839"	4-493		
A-170	Тургенев И.С.	Тургенев Иван Сергеевич		m	1818	1883	"М.; Берлин"		дворянин	"в 1833 поступил на словесн. отд МУ; в 1834 переехал с семьей в Петерб.; дебютировал в Совр. в 1838, тогда же уезж. в Берлин; общ. с кружком Станкевича"	6-318		
A-171	Банников А.			m						unknown	NA		
A-172	Башилов А.А.	Башилов Александр Александрович		m	1807	1854			дворянин	"дебютировал в 1820-х;"	1-186		
A-173	Башуцкий А.			m						unknown			
A-174	Бистром А.	Бистром Александр		m						"unknown; дебютировал в сер. 1820-х, сборника не было"	NA		
A-175	Булгаков А.И.	Булгаков Александр Иванович		m	1814	1836				водевилист	1-342		
A-176	Вельтман А.Ф.	Вельтман Александр Фомич		m	1800	1870			дворянин		1-405		
A-177	Глебов А.Н.	Глебов Александр Николаевич		m	1803	после 1852			дворянин	"учился в Моск. ун. благ. пансионе с И.П. Бороздной; печататься начал в сер. 1820х"	1-572		
A-178	Градцев А.	Градцев Александр Федорович		m						"биогр. сведений не сохр., в 1842 изд. сб. “Цветы муз”; с нач. 1840-х — сотрудник Маяка"	2-10		
A-179	Добровольский А.			m						unknown	NA		
A-180	Заморейцев А.			m						unknown	NA		
A-181	Кронеберг А.И.	Кронеберг Андрей Иванович		m	1815	1855				"оконч. МУ; входил в круг А.Я. Кульчицкого (А-33)"	3-159		
A-182	Карамзин А.Н.	Карамзин Александр Николаевич		m	1815	1888				"поэт-дилетант; учился в Дерпт. ун-те;"	2-469	А. Лаголов	
A-183	Матюнин А.			m						unknown	NA		
A-184	Михайлов А.			m						unknown	NA		
A-185	Писарев А.И.	Писарев Александр Иванович		m	1803	1828				водевилист	4-610		
A-186	Сунцов А.			m						unknown	NA		
A-187	Хомяков А.С.	Хомяков Алексей Степанович		m	1804	1860	М.		дворянин	"учился в МУ, сблиз. с Веневитиновым; “О старом и новом” — 1839; был женат на сестре Языкова; считал поэзию второстепенн.; в 30х уже много славянофильства"	6-548		
A-188	Одоевский А.И.	Одоевский Александр Иванович		m	1802	1839			дворянин	"декабрист; в 1820х ничего не печ.; во втор. пол. 30х служил на Кавказе; в 1837 встретился с Лермонтовым в Ставрополе"	4-390	А.О.	
A-189	Глинка А.П.	Глинка Авдотья Павловна		m	1795	1863			дворянка	"fem; жена Ф.Н. Глинки; перв. выступл. в печ. в 1831"	1-573		
A-190	Кочубинский А.			m						unknown	NA		
A-191	Афанасьев-Чужбинский А.С.	Афанасьев-Чужбинский Александр Степанович		m	1817	1875			дворянин	"учился в Нежинск. гимназии; дебютировал со стих. “Кольцо” в Совр.1838"	1-124		
A-192	Родзянко А.Г.	Родзянко Аркадий Гаврилович		m	1793	после 1846			из казацко-старшин. роад	"учился в Моск. ун. благ. панс. и в МУ у Мерзлякова; начал публиковаться в конц. 1810-х гг.; в 1830-х писал стихи на гражданск. темы"	5-309		
A-193	Александров Б.			m						unknown	NA		
A-194	Дельвиг А.А.	Дельвиг Антон Антонович		m	1798	1831			барон		2-99		
A-195	Бухарин			m						unknown	NA		
A-196	Зубов В.			m						unknown	NA		
A-197	Ивельев В.			m						unknown	NA		
A-198	Нормский В.	Нормский Валерий		m						есть у Венгерова	NA		
A-199	Паршин В.П.	Паршин Василий Петрович		m	1805	1853				"очеркист, автор путевых заметок; дебютировал со стихами в СО"	4-538		
A-200	Любич-Романович В.И.	Любич-Романович Василий (Валериан) Игнатьевич		m	1805	1888			дворянин	"учился в Нежинск. гимназии одновр. с Гоголем, Данилевским, Кукольником; во втор. пол. 30х близок к поэтам круга Кукольника и Брюллова; первый сб. вышел в 1832 (“Стихотворения Василия Романовича”)"	3-438		
A-201	Филимонов В.С.	Филимонов Владимир Сергеевич		m	1787	1858	СПб.	0	дворянин	"Автор “Дурацкого колпака”; мало общался с поэтами Пб. 30х гг., 1837 - поэма “Обед”"	6-451		
A-202	Макшеева В.Д.	Бистром (урожд. Макшеева) Варвара Дмитриевна		f	1822	до 1885	Вологда		дворянка	"fem; в 1837-38 — возлюбленная сосланного в Вологду В.И. Соколовского; начала публиковаться в 1839"	3-491		
A-203	Яковлев В.Д.	Яковлев Владимир Дмитриевич		m	1817	1884				не был известен как поэт, вероятно атрибуция ему стихотворения в СО.1837 неверная			
A-204	Воскресенский М.И.	Воскресенский Михаил Ильич		m	1803	1867				непонятно, тот ли это воскресенский в корпусе	1-490		
A-205	Головачев Г.			m						unknown	NA		
A-206	Лукашевич Г.			m						unknown	NA		
A-207	Соллогуб В.А.	Соллогуб Владимир Александрович		m	1813	1882			дворянин	больше изв. как прозаик	5-772		
A-208	Клюшников И.П.	Клюшников Иван Петрович		m	1811	1895			дворянин	"учился на словесн. отд. МУ (1828-1832); в 1830 или 31 сблиз. со Станкевичем; писал стихи с 1838"	2-564		
A-209	Городчанинов Г.Н.	Городчанинов Григорий Николаевич		m	1772	1853			купец	"Казанский ун-т; 1816-29 декан словесн. и нравств-полит. отд."	1-641		
A-210	Засядко Д.			m						unknown	NA		
A-211	Минаев Д.И.	Минаев Дмитрий Иванович		m	1808	1876	Симбирск		дворянин	дебютировал в “Новогоднике” Кукольника (СПб., 1839)	4-76		
A-212	Пельский Д.Ф.	Пельский Дмитрий Федорович		m	1806	1845				"московский альманашник; семинарист; посещал лекции словесн. отд. МУ"	NA		
A-213	Дорохов Р.И.	Дорохов Руфин Иванович		m	1801	1852			дворянин	"поэт-дилетант; учился в Харьк. ун-те; опубл. перв. стихотв. в Украинск. журн. (1825); в 1840 познаком. с Лермонтовым"	2-158		
A-214	Майкова Е.П.	Майкова Евгения Петровна (урожд. Гусятникова)		f	1803	1880	СПб.		из купеческой семьи	"fem; во втор. пол. 1830х в центре лит. кружка (Свиньин, Гончаров, Бенедикт., Ершов, Бороздин и др); дебют в печати в 1840 (БдЧ)"	3-464	"Е.М.; Е. М…ва"	дисс. про лит. кружок Майковых: http://old.pushkinskijdom.ru/LinkClick.aspx?fileticket=7B_Fw2yCVIA%3D&tabid=86
A-215	Годовниченкова Е.	Годовниченкова Евпраксия		m						"unknown; fem"	NA		упомин. тут: https://www.elibrary.ru/item.asp?id=24350310
A-216	Виноградский Н.И.			m			Томск			unknown	NA	Заангарский Сибиряк	см.: Дмитриенко Н.М. Первый томский краевед и журналист // сибирская старина: краеведческий альманах. томск: изд-во том. ун–та, 2005. с. 47–48.
A-217	Бек И.А.	Бек Иван Александровия		m	1807	1842			дворянин	"был близок с А.И. Тургеневым и Козловым; начал публиковаться в сер. 30-х"	1-201		
A-218	Крылов И.А.	Крылов Иван Андреевич		m	1769	1844					2-177		
A-219	Огарев Н.П.	Огарев Николай Платонович		m	1813	1877			дворянин		4-382	И. Огарев	
A-220	Панаев И.И.	Панаев Иван Иванович		m	1812	1862			дворянин	"с 1836 в ред. ЖМНП; переводил Гюго, сотрудничал в ОЗ; участв. в лит веч. Кукольника"	4-516		
A-221	Пожарский И.			m						unknown	NA		
A-222	Сатин Н.М.	Сатин Николай Михайлович		m	1814	1873	"М.; Пятигорск"		дворянин	"учился в МУ с Герценом и Огаревым; дебютировал со стих. в 1836"	5-494		
A-223	Шидловский И.Н.	Шидловский Иван Николаевич		m	1816	1872	СПб.		дворянин	друг юности Достоевского			
A-224	Великопольский И.Е.	Великопольский Иван Ермолаевич		m	1797	1868	М.		дворянин	"дебютировал в Благонамер. в 1819; в 30-е писал трагедии (в стихах)"	1-403	Ивельев	
A-225	Киселева			f						"fem; unknown; Масанов: “Киселева — сотр. журн. БдЧ. Псевд. К-с-л-ва”; источник Масанова: Голицын 143"	NA	К-с-л-ва	стихотворение “Мрачно в поле, ветер воет” приписывалось Лермонтову, есть рукопись: http://lermontov-slovar.ru/pdf/libs/01-Literaturnye_proizvedenija_M.JU._Lermontova_v_avtografax_i_spiskax/09-Literaturnye_proizvedenija,_pripisyvaemye_M.JU._Lermontovu.pdf
A-226	Аксаков К.С.	Аксаков Константин Сергеевич		m	1817	1860	М.		дворянин	"учился на словесн. отд. МУ (1832-35); входил в кружок Станкевича;"	1-32		
A-227	Волконская З.А.	Волконская Зинаида Александровна (урожд. княжна Белосельская-Белозерская)		f	1789	1862				"fem; начала публиковаться в сер. 30-х гг.; жила в Италии с 1829 (поездки в Россию — 1836, 1840)"	1-468		
A-228	Голицын М.Г.	Голицын Михаил Григорьевич		m	1808	1868			князь	поэт-эпигон	1-607		
A-229	Петерсон К.А.	Петерсон Карл Александрович		m	1811	1890	СПб.			дебютировал в 1834 в ЛПРИ, с 1839 активно печ. в Совр.	4-567	Крлптрсн	
A-230	Ибрагимов Л.Н.	Ибрагимов Лев Николаевич		m	1816	после 1867	Казань		дворянин	"дебютировал в “Заволжском муравье” в 1832; учился в Каз. ун-те; посещал лит. вечера А.А.Фукс; сб. стихотв. вышел в Казани в 1841; интересовался фольклором, рус. песни и тп."	2-364		
A-231	Языкова Л.			f						"fem; unknown"			
A-232	Корсакова Л.	Корсакова Лидия		f						"fem; unknown; Масанов: Поэтесса 1840-х гг."	NA	Лидия К - - ва	
A-233	Ростовская М.Ф.	Ростовская Мария Федоровна (урожд. Львова)		f	1816	1872	СПб.		дворянка	"fem; Брюллов прозвал ее “Эловой арфой”; в РП не отм. ее публикации стихотв. (вообще); у Масанова ее нет"	5-362	М-я Л-ва	
A-234	Бибиков М.П.	Бибиков Матвей Павлович		m	1812	1856			дворянин		NA		http://az.lib.ru/b/bibikow_m_p/text_1911_bio.shtml
A-235	Даргомыжская М.Б.	Даргомыжская Мария Борисовна (урожд. княжна Козловская)		f	1788	1851			дворянка	"fem; близка поэтам ВОЛСНХ (они были участниками дом. кружка Даргомыжских); активно публиковалась в 1820-х; вводит в поэзию бытовые мотивы, нечетк. разделение между печатным/рукописным"	2-87		
A-236	Жукова М.С.	Жукова Мария Семеновна (урожд. Зевакина)		f	1805	1855			дворянка	"fem; известна как прозаик (Вечера на Карповке. СПб., 1837-38); “зарабатывала на жизнь литературным трудом” (!)"	2-277		
A-237	Падерная М.			f						"unknown; fem"	NA		
A-238	Розенгейм М.П.	Розенгейм Михаил Павлович		m	1820	1887				дебютировал в СО в 1838, был знаком с Лермонтовым	5-344		
A-239	М-ва Мария			f						"unknown; fem"			
A-240	Банников Н.			m						unknown	NA		
A-241	Вуич Н.Е.	Вуич Николай Егорович		m	1814	1860	Вологда		дворянин	"участвовал в подавлении польск. восст. 1830-31; там сблиз. с В.И. Соколовским; входил в группу Вологодских литераторов"	1-498		
A-242	Рудыковский Н.			m						unknown	NA		известны только А.Е. Рудыковский и Е.П. Рудыковский (РП)
A-243	Фермор Н.Ф.	Фермор Николай Федорович		m						преподаватель инженерного училища, был знаком с Некрасовым и Лесковым	NA		
A-244	Цыганов Н.Г.	Цыганов Николай Григорьевич		m	1800	1832	М.		вольноотпущенный крестьянин	"поэт-песенник; актер; дружил с Кони; перв. публ. 1828, рус. песни ходили в списках и в театр. среде; сб. вышел посм. в 1834;"	6-588	"Ц-въ; Цгнвъ"	Статья Кони о нем: Пантеон.1840. №2. с. 130
A-245	Языков Н.М.	Языков Николай Михайлович		m	1803	1846			дворянин	первый ряд			
A-246	Карлино Н.	Карлино Николай		m						unknown	NA		
A-247	Ниркомский	Мокринский Георгий		m						unknown	NA	Ниркомский	Личность не раскрыта (см. Венгеров), псевд. расшифрован по Масанову
A-248	Волков П.Г.	Волков Платон Григорьевич		m	1799	1850	"Вологда; СПб."		дворянин	"дебют в 1820-х в Благонамер.; сотрудницал в БдЧ, был помощником Сенковск, поддерживал связи с кругом Кукольника"	1-466		
A-249	Дубровский П.П.	Дубровский Петр Павлович		m	1812	1882				"учился в Нежинск. гимназии (1825-28), в 1831 пересел. в М., посещал лекции в МУ; был дружен с Н.Ф. Павловым; дебют в печ. 1832; знал и переводил с польск."	1-192		
A-250	Корсаков П.А.	Корсаков Петр Александрович		m	1790	1844			дворянин	"чл.-сотр. Беседы; был принят у Шишкова, Державина, Загоскина; в 1835 поступил цензором в Петерб. ценз. ком.; переводчик Катса, Гюго и др."	3-88		
A-251	Глинка С.Н.	Глинка Сергей Николаевич		m	1776	1847			дворянин		1-576		
A-252	Степанов С.	Степанов Ст.		m						unknown	NA		
A-253	Шевырев С.П.	Шевырев Степан Петрович		m	1806	1864	М.		дворянин	"изд. Моск. наблютатель; любомудр; МУ"			
A-254	Титов В.П.	Титов Владимир Павлович		m	1807	1891	"СПб.; путешествовал по Европе; Германия; Бухарест"		дворянин	"учился в Моск. ун. благ. панс. и в МУ; “архивный юноша”, участн. Моск.Вестника; в 1827-28 переезж. в Петерб.; известен как прозаик-фантаст; к 30м перестает заниматься литературой(?)"	6-212		
A-255	Траум			m						unknown	NA		псевдоним? (у Масанова нет)
A-256	Щеткин Я.А.	Щеткин Яков Александрович		m	1817		СПб.			"учился в Петерб. ун-те; дебют в печати в 1839 (БдЧ); посещал дом Майковых"			https://www.academia.edu/29815059/Из_разысканий_о_литературном_окружении_молодого_Гончарова_Поэт_Яков_Щеткин
A-257	Милькеев Е.Л.	Милькеев Евгений Лукич		m	1815	ок 1846	Тобольск		из семьи канц. служащего	поэт-самоучка(?) из Тобольска, найденный Жуковским	4-60		
A-258	Драгоманов Я.А.	Драгоманов Яков Акимович		m	1801	1840	СПб.		дворянин	"сотр. в изд. Бестужева-Рюмина; переводил с нем."	2-180		
A-259	Полонский Я.П.	Полонский Яков Петрович		m	1819	1898	М.		дворянин	"начал писать стихи, подражая Бенедиктову; учился в Рязанск. гимназии, затем в МУ"	5-53		
A-260	Галанин И.Д.	Галанин Иван Дмитриевич		m		1874				"Масанов: библиограф; упом. в РП в статье о Воейкове как “ставший известным” в 1830х гг.; в 1840-х будет сотрудником ЖМНП, позднее библиограф"	NA		https://ru.wikisource.org/wiki/РБС/ВТ/Галанин,_Иван_Дмитриевич
A-261	Фон-Бейер Г.	Фон Бейер Гавриил		m						"литератор 1830-х гг.; в 1835 г. издал пьесу “Заговор против себя, или Сон в руку” (СПб.: Вингебера)"	NA		"https://books.google.pl/books/about/Заговор_против_себя_и.html?id=H0hGOmjIzMEC&redir_esc=y ; упом. в полн. собр. соч. Белинского как “писатель 1830-х гг.” https://books.google.pl/books?id=ubl3BAAAQBAJ&pg=PA425&lpg=PA425&dq=Гавриил+фон+Бейер&source=bl&ots=YnL6Onu6Hx&sig=ACfU3U3QgVrX9Txu_BymfZl6aqgGglXkWA&hl=en&sa=X&ved=2ahUKEwjp4qTforrvAhWMHXcKHV6gAg0Q6AEwD3oECBAQAw#v=onepage&q=Гавриил%20фон%20Бейер&f=false"
A-262	Хотяинцев П.И.	Хотяинцев Павел Иванович		m		1837				возможно, актер петербургской драматической труппы	NA		https://bibra.ru/subject/hotyaintsev-pavel/#top
A-263	Осменский П.			m						unknown			
A-264	Тихонравов В.			m						unknown	NA		упом. в кн. Вайскопфа “Влюбленный демиург” как “какой-нибудь Тихонравов”
A-265	Ставелов Н.			m						unknown	NA		
A-266	Скуридин М.	Скуридин Михайло Сергеевич		m						unknown	NA		отчество: https://books.google.pl/books?id=N6YKAAAAIAAJ&pg=PA809&lpg=PA809&dq=михайло+скуридин&source=bl&ots=8Ezo4s4U4y&sig=ACfU3U0OnGJOpu1pEIHpxrzYwU2z_J6lrA&hl=en&sa=X&ved=2ahUKEwikypjAgrrvAhXmoosKHe0ZA8UQ6AEwBnoECAYQAw#v=onepage&q=михайло%20скуридин&f=false
A-267	Львов Ф.П.	Львов Федор Петрович		m	1766	1836	СПб.		дворянин	дебютировал еще в 1790-х	3-424		
A-268	Федоров М.	Федоров М.		m						unknown	NA		
A-269	Черкасов			m						unknown	NA		
A-270	Лисицина М.А.	Лисицина Мария Алексеевна		f	1810	1842				"скудные биогр. сведения; видимо, дочь моск. комика А.В. Лисицына; была знакома с сестрами Тепловыми, дата смерти — по стихотв. памяти Л. Н. Тепловой; вып. сборник в 1829; в РП указ, что в 1830-х гг. ее имя пропадает из периодики"	3-365		
A-271	Грен А.Е.	Грен Александр Евгеньевич		m	1806	1869			дворянин		2-17		
A-272	Баталин Н.В.	Баталин Николай Васильевич		m	1803	1860	Воронеж		из обер-офиц. детей	"1835-1839 гг. преподавал в Винницкой г-зии; в 1833-34 сотрудн. в Заволжском мур.; 1832-33 ЛПРИ, в 1841 в Москвитянине как корр. из Воронежа"	1-173		
A-273	Алипанов Е.И.	Алипанов Егор Ипатьевич		m	1800	1856			крепостной	"поэт-самоучка; сб. 1830"	1-47		
A-274	Мызников В.Я.	Мызников Василий Яковлевич		m	1804	1861	Царское Село		дворянин	литератор-дилетант	4-187		
A-275	Негорюй В.	Негорюй Василий		m						unknown	NA		
A-276	Пальмин И.Д.	Пальмин Иван Дмитриевич		m	1803	1856			из обер-офиц. детей	посетитель вечеров Хвостова, друг Воейкова (печ. в его изд.)	4-511		
A-277	Степанов Н.	Степанов Николай Александрович(?)		m						"поэт, карикатурист (1807-1877); ЛИБО Степанов Николай Степанович, владелец типографии, изд. МН"	NA		https://books.google.pl/books?id=ubl3BAAAQBAJ&pg=PA720&lpg=PA720&dq=%22Степанов+николай%22+поэт+1830&source=bl&ots=YnL6Onw7IB&sig=ACfU3U1oGToeBanT5BORiA--AyRBFHO0kA&hl=en&sa=X&ved=2ahUKEwj88MDPqrrvAhURxosKHY52CbQQ6AEwAXoECAIQAw#v=onepage&q=%22Степанов%20николай%22%20поэт%201830&f=false в РП нет никакого Ник. Степанова
A-278	Афанасьева А.	Афанасьева Авдотья		f						unknown	NA		
A-279	Межевич В.С.	Межевич Василий Степанович		m	1814	1849	"М.; СПб."		из шляхтичей	"Учился в МУ (1828-32); весной 1834 сближ. с Белинским; 1832-36 сотр. в Телеск. и Молве"	3-562		
A-280	Лузанов А.	Лузанов А.		m			Кемь			unkown			
A-281	Ширков В.Ф.			m						в начале 30-х был в Польше			Вацуро: http://www.lib.pushkinskijdom.ru/LinkClick.aspx?fileticket=uGlyMTJZDEE%3D&tabid=10358
A-282	Федоров П.С.	Федоров Павел Степанович		m	1800	1879	СПб.		дворянин	драматург, переводчик, в конце 1830-х работал на заказ, был известен в театр. кругах	6-422		
A-283	Путилов Д.	Путилов Дмитрий		m							NA		
A-284	Пороховой (Порохов) Ав.			m					крестьянин	присылал песни в ЛГ	NA		
A-285													
A-286													
A-287													
A-288													
A-289													
A-290													
A-291													
A-292													
A-293													
A-294													
A-295													
A-296													
A-297													
A-298													
A-299													