"","id","meter","feet","perc_meter","perc_feet"
"1","P_10","iamb","free",1,NA
"2","P_100","iamb","4",1,0.86734693877551
"3","P_1000","iamb","4",1,0.857142857142857
"4","P_1001","trochee","4",0.857142857142857,0.714285714285714
"5","P_1002","iamb","4",1,1
"6","P_1004","iamb","4",1,0.88
"7","P_1005","iamb","6",1,0.806451612903226
"8","P_1006","iamb","5",1,0.892857142857143
"9","P_1007","iamb","4",1,0.77
"10","P_1008","iamb","free",1,NA
"11","P_1009","iamb","free",1,NA
"12","P_101","iamb","4",1,0.75
"13","P_1010","iamb","4",1,0.75
"14","P_1011","iamb","4",1,0.910714285714286
"15","P_1013","iamb","4",0.666666666666667,0.772727272727273
"16","P_1014","iamb","4",1,0.771428571428571
"17","P_1015","amphibrach","2",0.6,0.896551724137931
"18","P_1016","iamb","6",1,0.925373134328358
"19","P_1017","iamb","free",1,NA
"20","P_1018","iamb","free",1,NA
"21","P_1019","iamb","free",1,NA
"22","P_102","iamb","4",1,0.8125
"23","P_1020","iamb","6",1,0.875
"24","P_1021","trochee","4",0.833333333333333,1
"25","P_1022","iamb","6",1,0.75
"26","P_1023","iamb","free",1,NA
"27","P_1024","iamb","free",1,NA
"28","P_1025","iamb","free",1,NA
"29","P_1026","iamb","free",0.9,NA
"30","P_1027","anapaest","free",0.833333333333333,NA
"31","P_1028","anapaest","free",0.666666666666667,NA
"32","P_1029","trochee","4",1,0.8
"33","P_103","iamb","4",1,0.828729281767956
"34","P_1030","trochee","5",0.75,0.91566265060241
"35","P_1031","trochee","4",0.75,0.71875
"36","P_1032","iamb","free",1,NA
"37","P_1033","iamb","4",1,0.775
"38","P_1034","iamb","4",0.6,0.9
"39","P_1035","iamb","4",1,0.916666666666667
"40","P_1036","amphibrach","4",1,0.75
"41","P_1037","iamb","4",1,0.833333333333333
"42","P_1038","iamb","5",1,0.857142857142857
"43","P_1039","iamb","4",1,0.8
"44","P_104","iamb","free",1,NA
"45","P_1040","iamb","free",1,NA
"46","P_1041","iamb","4",0.857142857142857,0.772727272727273
"47","P_1042","iamb","4",1,0.757575757575758
"48","P_1043","iamb","free",1,NA
"49","P_1044","iamb","4",1,0.75
"50","P_1045","iamb","4",0.833333333333333,0.896551724137931
"51","P_1046","iamb","free",1,NA
"52","P_1047","iamb","5",0.833333333333333,0.708333333333333
"53","P_1048","trochee","4",1,0.818181818181818
"54","P_1049","iamb","4",1,0.95
"55","P_105","amphibrach","4",1,0.9
"56","P_1050","amphibrach","free",0.8,NA
"57","P_1051","trochee","4",1,0.75
"58","P_1052","trochee","4",0.818181818181818,0.909090909090909
"59","P_1053","iamb","4",1,0.755555555555556
"60","P_1054","amphibrach","4",1,0.886363636363636
"61","P_1055","iamb","4",1,0.75
"62","P_1056","iamb","4",1,0.858823529411765
"63","P_1057","iamb","4",1,0.8
"64","P_1058","iamb","6",1,0.823529411764706
"65","P_1059","iamb","free",0.666666666666667,NA
"66","P_106","anapaest","2",1,0.875
"67","P_1060","trochee","free",0.666666666666667,NA
"68","P_1061","iamb","6",1,0.761904761904762
"69","P_1062","iamb","4",1,0.888888888888889
"70","P_1063","iamb","free",1,NA
"71","P_1064","trochee","4",1,0.840909090909091
"72","P_1065","trochee","4",1,0.833333333333333
"73","P_1066","iamb","4",1,0.886792452830189
"74","P_1067","iamb","4",1,0.886792452830189
"75","P_1068","iamb","5",1,0.8
"76","P_1069","trochee","4",0.666666666666667,0.833333333333333
"77","P_107","trochee","4",0.8,0.847328244274809
"78","P_1070","iamb","6",1,0.75
"79","P_1071","iamb","free",1,NA
"80","P_1073","iamb","free",0.928571428571429,NA
"81","P_1074","iamb","4",0.916666666666667,0.8125
"82","P_1075","iamb","4",1,0.975
"83","P_1076","iamb","4",1,0.837606837606838
"84","P_1077","iamb","4",1,0.886363636363636
"85","P_1078","iamb","free",1,NA
"86","P_1079","amphibrach","free",0.833333333333333,NA
"87","P_108","iamb","5",1,0.909090909090909
"88","P_1081","trochee","4",1,0.821428571428571
"89","P_1082","iamb","free",1,NA
"90","P_1083","iamb","4",0.666666666666667,0.833333333333333
"91","P_1084","iamb","free",0.833333333333333,NA
"92","P_1085","dolnik3","free",1,NA
"93","P_1086","iamb","6",1,0.75
"94","P_1087","amphibrach","4",1,0.784810126582278
"95","P_1088","dolnik3","free",1,NA
"96","P_1089","iamb","4",1,0.75
"97","P_109","trochee","4",1,0.9125
"98","P_1090","iamb","free",1,NA
"99","P_1091","iamb","4",1,0.8
"100","P_1092","anapaest","free",0.8,NA
"101","P_1093","iamb","4",1,0.767241379310345
"102","P_1094","iamb","free",1,NA
"103","P_1095","iamb","free",1,NA
"104","P_1096","iamb","4",0.923076923076923,0.884615384615385
"105","P_1097","iamb","5",1,0.78125
"106","P_1098","iamb","4",1,0.762376237623762
"107","P_1099","iamb","4",1,0.821428571428571
"108","P_11","trochee","4",1,0.75
"109","P_110","iamb","4",1,0.923076923076923
"110","P_1100","amphibrach","free",0.666666666666667,NA
"111","P_1101","iamb","4",0.8,0.95
"112","P_1102","iamb","4",1,0.896551724137931
"113","P_1103","iamb","free",0.75,NA
"114","P_1104","iamb","5",1,0.85
"115","P_1105","iamb","free",1,NA
"116","P_1106","iamb","free",0.555555555555556,NA
"117","P_111","anapaest","free",0.75,NA
"118","P_112","iamb","4",1,0.837209302325581
"119","P_1122","iamb","free",1,NA
"120","P_1123","iamb","4",1,0.769230769230769
"121","P_1124","iamb","4",1,0.771428571428571
"122","P_1125","amphibrach","4",0.9,0.916666666666667
"123","P_1126","anapaest","free",1,NA
"124","P_1127","dolnik2","free",0.571428571428571,NA
"125","P_1128","iamb","5",0.857142857142857,0.714285714285714
"126","P_113","iamb","6",0.909090909090909,0.704545454545455
"127","P_1130","trochee","4",1,0.733333333333333
"128","P_1131","iamb","6",1,0.928571428571429
"129","P_1132","iamb","free",0.75,NA
"130","P_1133","iamb","free",1,NA
"131","P_1134","iamb","4",1,0.838235294117647
"132","P_1135","iamb","free",1,NA
"133","P_1136","dolnik3","free",0.714285714285714,NA
"134","P_1137","iamb","4",1,0.9
"135","P_1138","trochee","4",0.666666666666667,0.75
"136","P_1139","iamb","5",1,0.711267605633803
"137","P_114","iamb","4",1,0.791666666666667
"138","P_1140","iamb","3",1,0.75
"139","P_1141","trochee","4",0.777777777777778,0.868421052631579
"140","P_1142","iamb","4",1,0.85
"141","P_1143","iamb","4",0.923076923076923,0.807692307692308
"142","P_1144","iamb","free",1,NA
"143","P_1145","iamb","6",1,0.8
"144","P_1146","anapaest","free",0.769230769230769,NA
"145","P_1147","iamb","5",1,0.738461538461539
"146","P_1153","iamb","free",1,NA
"147","P_1158","iamb","free",1,NA
"148","P_1159","dolnik3","3.66666666666667",1,0.733333333333333
"149","P_116","trochee","free",1,NA
"150","P_1160","trochee","4",1,0.837209302325581
"151","P_1161","iamb","free",1,NA
"152","P_1162","iamb","free",1,NA
"153","P_1164","iamb","free",0.75,NA
"154","P_1165","iamb","3",1,0.825
"155","P_1166","anapaest","3",1,0.972222222222222
"156","P_1167","iamb","4",1,0.75
"157","P_1168","iamb","free",1,NA
"158","P_1169","trochee","4",1,0.75
"159","P_117","trochee","4",1,0.826923076923077
"160","P_1170","iamb","free",1,NA
"161","P_1171","iamb","free",1,NA
"162","P_1172","iamb","4",1,0.75
"163","P_1173","iamb","4",1,0.964285714285714
"164","P_1174","iamb","free",1,NA
"165","P_1175","trochee","4",1,0.90625
"166","P_1176","amphibrach","6",1,0.88235294117647
"167","P_1177","iamb","free",1,NA
"168","P_1178","iamb","free",1,NA
"169","P_1179","dolnik3","free",1,NA
"170","P_118","iamb","4",0.75,0.75
"171","P_1180","trochee","4",0.666666666666667,0.75
"172","P_1181","amphibrach","3",0.888888888888889,0.819444444444444
"173","P_1182","iamb","free",0.866666666666667,NA
"174","P_1183","anapaest","3",1,0.875
"175","P_1184","iamb","5",1,0.9375
"176","P_1185","iamb","4",1,0.825
"177","P_1186","iamb","5",0.75,0.878787878787879
"178","P_1187","iamb","4",1,0.75
"179","P_1188","trochee","4",1,0.78125
"180","P_1189","trochee","free",0.555555555555556,NA
"181","P_1191","dolnik3","1.66666666666667",0.6,0.8
"182","P_1192","iamb","6",1,1
"183","P_1193","iamb","4",1,0.9375
"184","P_1194","amphibrach","free",1,NA
"185","P_1195","iamb","5",1,0.875
"186","P_1196","iamb","4",1,0.75
"187","P_1197","trochee","free",1,NA
"188","P_1198","iamb","5",1,0.875
"189","P_1199","iamb","4",1,0.833333333333333
"190","P_12","trochee","4",0.95,0.891414141414141
"191","P_120","iamb","free",1,NA
"192","P_1201","trochee","3",1,0.75
"193","P_1202","trochee","3",0.666666666666667,0.916666666666667
"194","P_1203","iamb","free",1,NA
"195","P_1204","iamb","4",0.8,0.916666666666667
"196","P_1205","amphibrach","4",0.8,0.8
"197","P_1206","iamb","free",1,NA
"198","P_1207","iamb","6",1,0.833333333333333
"199","P_1209","dolnik3","1.66666666666667",1,0.928571428571429
"200","P_121","iamb","free",1,NA
"201","P_1210","iamb","4",1,0.875
"202","P_1211","iamb","6",1,0.928571428571429
"203","P_1212","iamb","4",1,1
"204","P_1213","iamb","4",1,1
"205","P_1214","iamb","free",1,NA
"206","P_122","trochee","4",1,0.816326530612245
"207","P_123","amphibrach","4",1,0.875
"208","P_1232","iamb","6",1,0.8
"209","P_1233","trochee","4",0.692307692307692,0.863247863247863
"210","P_1234","dolnik3","3.66666666666667",1,0.764705882352941
"211","P_1235","iamb","6",0.8,0.85
"212","P_1236","iamb","5",1,0.740740740740741
"213","P_1237","trochee","4",1,1
"214","P_1239","trochee","4",0.75,0.875
"215","P_124","iamb","6",1,0.739130434782609
"216","P_1240","iamb","free",1,NA
"217","P_1241","iamb","4",0.714285714285714,0.785714285714286
"218","P_1242","iamb","4",1,0.78125
"219","P_1243","iamb","4",1,0.806451612903226
"220","P_1244","trochee","free",0.666666666666667,NA
"221","P_1245","iamb","6",1,0.8
"222","P_1246","trochee","4",0.666666666666667,0.75
"223","P_1247","trochee","4",0.818181818181818,0.795454545454545
"224","P_1248","dolnik3","2",0.75,0.9375
"225","P_1249","anapaest","3",0.833333333333333,0.916666666666667
"226","P_125","iamb","4",1,0.92
"227","P_1250","amphibrach","3",1,0.875
"228","P_1251","trochee","4",1,0.817708333333333
"229","P_1252","iamb","4",1,0.777777777777778
"230","P_1253","iamb","4",1,1
"231","P_1254","iamb","free",1,NA
"232","P_1255","trochee","4",1,0.890625
"233","P_1256","iamb","4",1,0.730769230769231
"234","P_1257","trochee","4",1,0.95
"235","P_1258","iamb","4",1,0.733333333333333
"236","P_1259","trochee","6",0.708333333333333,0.8125
"237","P_126","iamb","free",0.75,NA
"238","P_1260","dolnik3","free",1,NA
"239","P_1261","iamb","free",1,NA
"240","P_1262","iamb","free",1,NA
"241","P_1263","iamb","free",1,NA
"242","P_1264","iamb","free",1,NA
"243","P_1265","iamb","free",1,NA
"244","P_1266","trochee","4",0.875,0.829787234042553
"245","P_1267","iamb","4",1,0.875
"246","P_1268","iamb","free",1,NA
"247","P_1269","iamb","4",1,0.875
"248","P_127","iamb","6",1,0.861111111111111
"249","P_1270","iamb","free",1,NA
"250","P_1271","iamb","4",1,0.768115942028985
"251","P_1272","iamb","free",1,NA
"252","P_1273","trochee","4",0.8,0.8
"253","P_1274","iamb","5",1,1
"254","P_1275","iamb","6",1,0.75
"255","P_1276","iamb","4",1,0.875
"256","P_1277","iamb","free",1,NA
"257","P_1278","iamb","free",1,NA
"258","P_1279","iamb","free",1,NA
"259","P_128","iamb","5",1,0.857142857142857
"260","P_1280","iamb","4",1,0.910714285714286
"261","P_1281","iamb","free",1,NA
"262","P_1282","dolnik3","free",1,NA
"263","P_1283","iamb","4",1,0.75
"264","P_1284","iamb","4",1,0.833333333333333
"265","P_1285","trochee","4",1,0.916666666666667
"266","P_1286","iamb","free",1,NA
"267","P_1287","iamb","6",1,0.795454545454545
"268","P_1288","trochee","4",1,0.9
"269","P_1289","iamb","6",1,0.75
"270","P_129","iamb","free",1,NA
"271","P_1290","iamb","free",0.666666666666667,NA
"272","P_1291","amphibrach","4",0.857142857142857,0.803571428571429
"273","P_1292","iamb","free",1,NA
"274","P_1293","iamb","4",1,0.958333333333333
"275","P_1294","trochee","4",1,0.75
"276","P_1295","iamb","free",1,NA
"277","P_1296","iamb","4",1,0.724137931034483
"278","P_1297","iamb","6",1,0.861111111111111
"279","P_1298","iamb","free",1,NA
"280","P_1299","iamb","free",1,NA
"281","P_13","trochee","4",1,0.884615384615385
"282","P_1300","iamb","free",1,NA
"283","P_1301","iamb","free",1,NA
"284","P_1302","iamb","4",1,0.8
"285","P_1303","iamb","free",1,NA
"286","P_1304","iamb","free",1,NA
"287","P_1305","iamb","free",0.933333333333333,NA
"288","P_1306","iamb","4",1,0.933333333333333
"289","P_1307","iamb","free",1,NA
"290","P_1308","iamb","4",1,0.95
"291","P_1309","iamb","4",1,0.75
"292","P_131","iamb","4",0.857142857142857,0.738095238095238
"293","P_1310","iamb","free",1,NA
"294","P_1311","iamb","6",1,0.9375
"295","P_1312","trochee","4",1,0.916666666666667
"296","P_1313","iamb","free",1,NA
"297","P_1314","anapaest","1",1,0.958333333333333
"298","P_1315","iamb","4",1,0.9
"299","P_1316","iamb","free",1,NA
"300","P_1317","anapaest","free",0.875,NA
"301","P_1318","trochee","4",1,0.928571428571429
"302","P_1319","iamb","free",1,NA
"303","P_132","amphibrach","4",1,0.782608695652174
"304","P_1320","iamb","free",1,NA
"305","P_1321","iamb","free",1,NA
"306","P_1322","iamb","free",1,NA
"307","P_1323","iamb","free",1,NA
"308","P_1324","trochee","free",0.866666666666667,NA
"309","P_1325","iamb","free",1,NA
"310","P_1326","iamb","free",1,NA
"311","P_1327","iamb","4",1,0.916666666666667
"312","P_1328","iamb","free",1,NA
"313","P_1329","dolnik2","free",1,NA
"314","P_133","iamb","4",0.8,0.886363636363636
"315","P_1330","anapaest","free",1,NA
"316","P_1331","iamb","free",1,NA
"317","P_1332","iamb","4",1,0.875
"318","P_1333","iamb","4",1,0.9375
"319","P_1334","iamb","free",1,NA
"320","P_1335","iamb","3",1,0.9
"321","P_1336","iamb","6",1,0.75
"322","P_1337","iamb","4",1,0.88235294117647
"323","P_1338","iamb","4",0.75,0.75
"324","P_1339","dolnik3","free",1,NA
"325","P_134","iamb","free",1,NA
"326","P_1340","iamb","4",1,0.783783783783784
"327","P_1341","iamb","free",1,NA
"328","P_1342","iamb","4",1,0.9
"329","P_1343","dolnik3","free",1,NA
"330","P_1344","iamb","4",1,0.875
"331","P_1345","trochee","4",1,0.875
"332","P_1346","iamb","free",1,NA
"333","P_1347","iamb","free",1,NA
"334","P_1348","trochee","free",1,NA
"335","P_1349","dolnik3","free",1,NA
"336","P_135","amphibrach","4",1,0.928571428571429
"337","P_1350","iamb","free",1,NA
"338","P_1351","iamb","free",1,NA
"339","P_1352","iamb","free",1,NA
"340","P_1353","iamb","4",1,0.875
"341","P_1354","iamb","free",1,NA
"342","P_1355","iamb","free",1,NA
"343","P_1356","iamb","4",1,0.833333333333333
"344","P_1357","iamb","free",1,NA
"345","P_1359","trochee","free",1,NA
"346","P_136","iamb","4",1,0.833333333333333
"347","P_1360","iamb","free",1,NA
"348","P_1361","iamb","4",1,0.833333333333333
"349","P_1362","iamb","4",1,0.95
"350","P_1363","iamb","6",1,1
"351","P_1364","iamb","4",1,0.708333333333333
"352","P_1365","iamb","4",1,0.75
"353","P_1366","iamb","6",1,0.75
"354","P_1368","iamb","free",1,NA
"355","P_1369","iamb","4",1,0.714285714285714
"356","P_1370","iamb","4",1,0.875
"357","P_1371","iamb","4",1,0.875
"358","P_1372","iamb","free",1,NA
"359","P_1373","trochee","4",1,0.875
"360","P_1374","iamb","free",1,NA
"361","P_1375","iamb","free",1,NA
"362","P_1376","trochee","4",1,0.75
"363","P_1377","iamb","free",1,NA
"364","P_1378","iamb","free",0.75,NA
"365","P_1380","iamb","free",1,NA
"366","P_1381","anapaest","free",1,NA
"367","P_1382","iamb","free",1,NA
"368","P_1383","iamb","free",1,NA
"369","P_1384","iamb","free",1,NA
"370","P_1385","iamb","4",1,0.8125
"371","P_1386","iamb","free",1,NA
"372","P_1387","iamb","6",1,0.75
"373","P_1388","iamb","free",1,NA
"374","P_1389","iamb","free",1,NA
"375","P_139","trochee","4",0.615384615384615,0.759259259259259
"376","P_1390","iamb","4",1,0.791666666666667
"377","P_1391","iamb","4",1,0.75
"378","P_1392","iamb","free",1,NA
"379","P_1393","trochee","4",0.928571428571429,0.785714285714286
"380","P_1394","iamb","4",1,0.8
"381","P_1395","iamb","free",1,NA
"382","P_1396","trochee","4",1,0.875
"383","P_1397","iamb","free",1,NA
"384","P_1398","iamb","4",1,0.75
"385","P_1399","iamb","4",1,0.875
"386","P_140","trochee","free",0.586206896551724,NA
"387","P_1400","iamb","free",1,NA
"388","P_1401","trochee","4",1,1
"389","P_1402","iamb","free",1,NA
"390","P_1403","iamb","free",1,NA
"391","P_1405","iamb","6",1,0.75
"392","P_1406","iamb","free",1,NA
"393","P_1407","trochee","4",1,0.833333333333333
"394","P_1408","iamb","free",1,NA
"395","P_1409","iamb","free",1,NA
"396","P_141","trochee","4",1,0.78125
"397","P_1410","dolnik3","free",1,NA
"398","P_1411","iamb","free",1,NA
"399","P_1412","trochee","4",1,0.875
"400","P_1413","iamb","5",1,0.75
"401","P_1414","iamb","free",1,NA
"402","P_1415","iamb","free",1,NA
"403","P_1416","iamb","free",1,NA
"404","P_1417","trochee","4",1,0.772727272727273
"405","P_1418","iamb","free",1,NA
"406","P_1419","iamb","free",1,NA
"407","P_142","trochee","3",0.9,0.739130434782609
"408","P_1420","iamb","free",1,NA
"409","P_1421","iamb","free",1,NA
"410","P_1423","iamb","free",1,NA
"411","P_1424","trochee","4",1,0.8125
"412","P_1425","iamb","free",1,NA
"413","P_1426","iamb","free",1,NA
"414","P_1427","iamb","4",1,0.833333333333333
"415","P_1428","trochee","4",1,0.866666666666667
"416","P_1429","iamb","free",1,NA
"417","P_1430","iamb","free",1,NA
"418","P_1431","iamb","free",1,NA
"419","P_1432","iamb","free",1,NA
"420","P_1433","iamb","4",1,0.75
"421","P_1434","iamb","4",1,0.75
"422","P_1435","iamb","free",1,NA
"423","P_1436","iamb","6",1,1
"424","P_1437","iamb","4",1,0.878787878787879
"425","P_1438","iamb","free",0.75,NA
"426","P_1439","iamb","6",1,1
"427","P_144","trochee","4",1,0.857142857142857
"428","P_1440","iamb","4",1,0.933333333333333
"429","P_1441","iamb","4",1,1
"430","P_1442","iamb","6",1,0.75
"431","P_1443","iamb","4",1,0.840909090909091
"432","P_1444","iamb","6",1,0.916666666666667
"433","P_1445","iamb","free",1,NA
"434","P_1446","iamb","free",1,NA
"435","P_1447","iamb","free",1,NA
"436","P_1448","iamb","free",1,NA
"437","P_1449","iamb","4",1,1
"438","P_145","amphibrach","4",0.833333333333333,0.861111111111111
"439","P_1450","iamb","free",1,NA
"440","P_1451","iamb","free",1,NA
"441","P_1452","iamb","free",1,NA
"442","P_1453","iamb","6",1,0.869565217391304
"443","P_1455","iamb","free",1,NA
"444","P_1456","iamb","free",0.714285714285714,NA
"445","P_1457","iamb","4",1,1
"446","P_1458","iamb","free",1,NA
"447","P_1459","dolnik3","2.66666666666667",0.571428571428571,0.714285714285714
"448","P_146","anapaest","2",0.625,0.75
"449","P_1460","iamb","4",1,0.789473684210526
"450","P_1462","iamb","free",1,NA
"451","P_1463","iamb","6",1,0.888888888888889
"452","P_1464","iamb","4",1,0.795918367346939
"453","P_1465","iamb","free",1,NA
"454","P_1466","iamb","6",1,0.722222222222222
"455","P_1467","iamb","free",1,NA
"456","P_1468","anapaest","2",0.666666666666667,0.791666666666667
"457","P_1469","iamb","4",1,0.868421052631579
"458","P_147","iamb","free",0.833333333333333,NA
"459","P_1470","iamb","free",1,NA
"460","P_1471","iamb","4",1,0.888888888888889
"461","P_1472","iamb","free",1,NA
"462","P_1473","iamb","free",1,NA
"463","P_1474","iamb","free",1,NA
"464","P_1475","iamb","free",1,NA
"465","P_1476","amphibrach","free",1,NA
"466","P_1477","iamb","free",1,NA
"467","P_1478","iamb","free",1,NA
"468","P_1479","iamb","4",1,0.707317073170732
"469","P_148","trochee","free",0.888888888888889,NA
"470","P_1480","iamb","free",1,NA
"471","P_1481","iamb","4",0.888888888888889,0.805555555555556
"472","P_1484","trochee","4",1,0.8125
"473","P_1485","trochee","4",1,0.9375
"474","P_1486","iamb","free",1,NA
"475","P_1487","amphibrach","4",1,0.75
"476","P_1488","iamb","free",1,NA
"477","P_1489","iamb","4",1,1
"478","P_149","iamb","4",1,0.770833333333333
"479","P_1490","iamb","4",1,0.916666666666667
"480","P_1491","iamb","free",1,NA
"481","P_1492","iamb","4",1,0.861111111111111
"482","P_1494","iamb","free",1,NA
"483","P_1495","iamb","4",1,0.849315068493151
"484","P_1496","iamb","free",1,NA
"485","P_1497","iamb","4",0.571428571428571,0.892857142857143
"486","P_1498","trochee","4",1,0.759259259259259
"487","P_1499","iamb","free",1,NA
"488","P_15","iamb","6",1,0.785714285714286
"489","P_150","iamb","free",1,NA
"490","P_1500","trochee","4",1,0.810810810810811
"491","P_1501","iamb","free",0.6,NA
"492","P_1502","iamb","free",1,NA
"493","P_1503","iamb","free",1,NA
"494","P_1504","iamb","4",1,0.814285714285714
"495","P_1505","iamb","6",1,1
"496","P_1506","trochee","4",1,0.75
"497","P_1507","iamb","6",1,1
"498","P_1508","iamb","4",1,0.810810810810811
"499","P_1509","iamb","free",1,NA
"500","P_1510","iamb","6",1,0.875
"501","P_1511","iamb","free",1,NA
"502","P_1512","iamb","4",0.75,0.9375
"503","P_1513","dactyl","free",1,NA
"504","P_1514","iamb","free",1,NA
"505","P_1515","iamb","4",0.75,0.9375
"506","P_1516","iamb","4",1,0.833333333333333
"507","P_1517","trochee","3",0.583333333333333,0.708333333333333
"508","P_1518","trochee","4",1,0.785714285714286
"509","P_1519","trochee","4",1,0.772727272727273
"510","P_152","iamb","4",1,0.875
"511","P_1520","dolnik3","free",0.6,NA
"512","P_1521","iamb","5",1,0.85
"513","P_1522","iamb","4",0.666666666666667,0.916666666666667
"514","P_1523","anapaest","free",0.583333333333333,NA
"515","P_1524","iamb","4",0.875,0.701298701298701
"516","P_1525","amphibrach","4",0.8,0.95
"517","P_1526","iamb","5",1,0.8125
"518","P_1527","iamb","4",0.607142857142857,0.779735682819383
"519","P_1528","iamb","4",1,0.75
"520","P_153","amphibrach","free",1,NA
"521","P_1530","iamb","free",1,NA
"522","P_1531","iamb","4",1,0.75
"523","P_1532","anapaest","free",0.666666666666667,NA
"524","P_1533","dolnik3","free",1,NA
"525","P_1534","iamb","4",1,0.84375
"526","P_1535","iamb","free",1,NA
"527","P_1536","iamb","free",1,NA
"528","P_1537","iamb","free",1,NA
"529","P_1538","anapaest","4",1,0.863636363636364
"530","P_1539","trochee","6",0.75,0.8125
"531","P_154","iamb","4",1,0.886138613861386
"532","P_1540","iamb","free",0.857142857142857,NA
"533","P_1541","iamb","free",1,NA
"534","P_1543","anapaest","free",1,NA
"535","P_1544","anapaest","free",1,NA
"536","P_1545","trochee","4",0.9,0.888888888888889
"537","P_1546","iamb","free",0.666666666666667,NA
"538","P_1547","iamb","4",0.857142857142857,0.892857142857143
"539","P_1548","iamb","4",1,0.825
"540","P_155","anapaest","2",0.666666666666667,0.763636363636364
"541","P_1550","trochee","4",1,0.9375
"542","P_1551","iamb","free",0.8,NA
"543","P_1553","trochee","4",0.888888888888889,0.933333333333333
"544","P_1554","trochee","4",1,0.9375
"545","P_1556","iamb","4",1,0.75
"546","P_1557","iamb","4",1,0.928571428571429
"547","P_1558","iamb","free",1,NA
"548","P_1559","trochee","4",1,0.703703703703704
"549","P_156","iamb","5",1,0.835294117647059
"550","P_1560","iamb","4",1,0.8
"551","P_1561","trochee","4",0.666666666666667,0.708333333333333
"552","P_1562","trochee","4",0.692307692307692,0.711538461538462
"553","P_1563","amphibrach","3",1,0.75
"554","P_1564","dactyl","4",1,1
"555","P_1565","trochee","4",0.75,0.888888888888889
"556","P_1566","iamb","5",1,1
"557","P_1567","trochee","free",0.6,NA
"558","P_1568","amphibrach","4",1,0.916666666666667
"559","P_1569","iamb","4",1,0.805555555555556
"560","P_157","iamb","free",0.6,NA
"561","P_1570","anapaest","free",0.818181818181818,NA
"562","P_1571","trochee","4",0.933333333333333,0.9
"563","P_1572","iamb","free",1,NA
"564","P_1573","dolnik3","4",1,1
"565","P_1574","iamb","6",1,0.714285714285714
"566","P_1575","iamb","4",1,0.894736842105263
"567","P_1576","trochee","4",1,1
"568","P_1577","trochee","4",1,0.751677852348993
"569","P_1578","trochee","4",0.571428571428571,0.814814814814815
"570","P_1579","trochee","free",0.75,NA
"571","P_158","trochee","4",1,0.8
"572","P_1580","iamb","5",1,0.789473684210526
"573","P_1581","amphibrach","free",0.75,NA
"574","P_1582","iamb","4",1,0.857142857142857
"575","P_1583","iamb","free",1,NA
"576","P_1584","iamb","4",1,0.977272727272727
"577","P_1585","amphibrach","free",1,NA
"578","P_1587","iamb","4",1,0.85
"579","P_1588","iamb","4",0.846153846153846,0.867924528301887
"580","P_1589","amphibrach","free",0.777777777777778,NA
"581","P_159","iamb","4",1,0.872727272727273
"582","P_1590","iamb","4",1,0.807228915662651
"583","P_1591","iamb","4",1,0.75
"584","P_1592","amphibrach","4",1,0.731707317073171
"585","P_1593","iamb","4",0.875,0.8125
"586","P_1595","trochee","free",0.75,NA
"587","P_1596","trochee","4",1,0.903225806451613
"588","P_1597","trochee","free",1,NA
"589","P_1598","iamb","4",1,0.916666666666667
"590","P_1599","iamb","4",1,0.75
"591","P_16","iamb","free",1,NA
"592","P_160","iamb","4",1,0.933333333333333
"593","P_1600","trochee","4",1,0.866666666666667
"594","P_1601","iamb","4",1,0.94
"595","P_1602","iamb","6",1,0.763636363636364
"596","P_1603","iamb","6",1,0.875
"597","P_1604","dolnik3","free",1,NA
"598","P_1605","anapaest","4",1,1
"599","P_1606","iamb","5",1,0.892857142857143
"600","P_1607","dolnik3","3.66666666666667",1,0.75
"601","P_1608","iamb","free",1,NA
"602","P_1609","trochee","4",1,0.928571428571429
"603","P_1610","iamb","4",1,0.828125
"604","P_1611","iamb","free",1,NA
"605","P_1612","trochee","3",0.666666666666667,0.888888888888889
"606","P_1613","amphibrach","4",1,0.754716981132076
"607","P_1614","iamb","free",0.65,NA
"608","P_1615","iamb","free",1,NA
"609","P_1616","iamb","4",1,0.857142857142857
"610","P_1617","iamb","4",1,0.8
"611","P_1618","iamb","5",1,0.857142857142857
"612","P_1619","trochee","4",0.875,0.78125
"613","P_162","iamb","4",1,0.829268292682927
"614","P_1620","iamb","4",1,0.866666666666667
"615","P_1621","dolnik3","free",0.833333333333333,NA
"616","P_1622","trochee","4",0.666666666666667,0.935483870967742
"617","P_1623","iamb","free",1,NA
"618","P_1624","iamb","free",1,NA
"619","P_1625","iamb","4",1,0.808510638297872
"620","P_1626","iamb","free",1,NA
"621","P_1627","iamb","free",1,NA
"622","P_1628","iamb","5",0.818181818181818,0.886363636363636
"623","P_1629","iamb","5",1,1
"624","P_163","iamb","free",1,NA
"625","P_1630","iamb","3",1,0.736842105263158
"626","P_1631","trochee","free",1,NA
"627","P_1632","iamb","3",1,0.833333333333333
"628","P_1633","iamb","free",1,NA
"629","P_1634","iamb","5",0.75,0.711111111111111
"630","P_1635","iamb","6",0.857142857142857,0.839285714285714
"631","P_1636","iamb","4",1,0.75
"632","P_1637","trochee","4",0.636363636363636,0.772727272727273
"633","P_1639","iamb","5",1,0.941176470588235
"634","P_164","amphibrach","4",1,0.769230769230769
"635","P_1640","iamb","4",1,0.931818181818182
"636","P_1641","iamb","4",1,0.944444444444444
"637","P_1642","iamb","free",1,NA
"638","P_1643","trochee","free",0.75,NA
"639","P_1644","iamb","6",1,0.8125
"640","P_1645","trochee","free",0.875,NA
"641","P_1646","iamb","4",1,0.927272727272727
"642","P_1647","iamb","4",1,0.725
"643","P_1648","dolnik3","free",0.75,NA
"644","P_1649","trochee","4",1,0.9
"645","P_165","iamb","4",1,0.857142857142857
"646","P_1651","anapaest","free",0.857142857142857,NA
"647","P_1652","iamb","4",0.833333333333333,0.875
"648","P_1654","amphibrach","4",1,0.75
"649","P_1655","iamb","free",0.75,NA
"650","P_1656","iamb","4",1,0.8125
"651","P_1657","iamb","4",1,0.9
"652","P_1658","anapaest","3",1,0.8125
"653","P_1661","trochee","free",0.833333333333333,NA
"654","P_1662","iamb","free",1,NA
"655","P_1663","iamb","4",1,0.857142857142857
"656","P_1664","iamb","4",1,0.928571428571429
"657","P_1665","dolnik3","2.66666666666667",0.6,0.733333333333333
"658","P_1666","dolnik3","2.66666666666667",1,0.933333333333333
"659","P_1667","iamb","4",1,0.916666666666667
"660","P_1668","iamb","4",0.857142857142857,0.714285714285714
"661","P_1669","trochee","free",0.714285714285714,NA
"662","P_167","iamb","4",1,0.828571428571429
"663","P_1671","iamb","4",1,0.90625
"664","P_1672","iamb","4",0.75,0.722222222222222
"665","P_1673","iamb","4",1,0.8
"666","P_1674","iamb","free",1,NA
"667","P_1675","iamb","4",1,0.928571428571429
"668","P_1677","amphibrach","4",1,0.8
"669","P_1678","iamb","6",1,0.833333333333333
"670","P_1679","iamb","4",1,0.846153846153846
"671","P_1680","iamb","4",1,0.958333333333333
"672","P_1681","trochee","4",1,0.9
"673","P_1682","trochee","free",1,NA
"674","P_1683","trochee","4",1,0.75
"675","P_1684","iamb","free",0.857142857142857,NA
"676","P_1685","dolnik3","free",1,NA
"677","P_1686","iamb","4",1,1
"678","P_1687","amphibrach","free",0.869565217391304,NA
"679","P_1689","iamb","4",0.857142857142857,0.964285714285714
"680","P_169","anapaest","free",0.666666666666667,NA
"681","P_1690","iamb","free",1,NA
"682","P_1691","trochee","4",1,0.75
"683","P_1692","anapaest","free",1,NA
"684","P_1693","iamb","4",1,0.833333333333333
"685","P_1694","trochee","4",1,0.819444444444444
"686","P_1695","iamb","free",1,NA
"687","P_1696","trochee","4",1,0.85
"688","P_1697","trochee","4",0.75,0.9375
"689","P_1698","iamb","free",1,NA
"690","P_1699","iamb","4",1,0.9
"691","P_170","trochee","5",0.9,0.75
"692","P_1700","iamb","free",1,NA
"693","P_1701","trochee","4",1,0.804347826086957
"694","P_1702","iamb","4",1,0.86
"695","P_1703","trochee","free",0.6,NA
"696","P_1704","iamb","free",1,NA
"697","P_1705","trochee","4",1,0.722222222222222
"698","P_1706","iamb","4",1,0.88
"699","P_1707","anapaest","3",1,0.88
"700","P_1708","iamb","4",1,0.8
"701","P_1709","iamb","free",1,NA
"702","P_171","amphibrach","free",0.666666666666667,NA
"703","P_1711","amphibrach","4",1,0.85
"704","P_1712","trochee","free",1,NA
"705","P_1713","trochee","4",0.8,0.85
"706","P_1715","iamb","free",0.75,NA
"707","P_1716","iamb","6",1,1
"708","P_1717","iamb","4",1,0.75
"709","P_1718","trochee","6",1,1
"710","P_1719","amphibrach","4",1,0.878048780487805
"711","P_172","amphibrach","free",1,NA
"712","P_1720","trochee","4",1,0.736842105263158
"713","P_1721","trochee","3",0.666666666666667,0.916666666666667
"714","P_1722","iamb","free",1,NA
"715","P_1723","iamb","4",1,0.875
"716","P_1724","iamb","4",1,0.928571428571429
"717","P_1725","trochee","4",1,0.8125
"718","P_1726","iamb","6",1,0.928571428571429
"719","P_1727","trochee","4",1,0.9375
"720","P_1728","iamb","4",1,0.875
"721","P_1729","trochee","free",0.625,NA
"722","P_173","trochee","4",1,0.793103448275862
"723","P_1730","iamb","4",1,0.870588235294118
"724","P_1731","iamb","4",1,0.8
"725","P_1732","amphibrach","4",0.95,0.8875
"726","P_1733","trochee","6",1,0.875
"727","P_1734","amphibrach","free",1,NA
"728","P_1735","amphibrach","4",1,0.75
"729","P_1736","iamb","free",1,NA
"730","P_1737","trochee","4",1,0.916666666666667
"731","P_1738","anapaest","free",1,NA
"732","P_1739","iamb","4",1,0.888888888888889
"733","P_174","iamb","5",1,0.761904761904762
"734","P_1740","amphibrach","free",0.666666666666667,NA
"735","P_1741","iamb","free",1,NA
"736","P_1742","iamb","4",1,0.875
"737","P_1743","trochee","4",1,0.833333333333333
"738","P_1744","iamb","4",1,0.837209302325581
"739","P_1745","iamb","free",0.823529411764706,NA
"740","P_1746","amphibrach","4",1,0.8
"741","P_1747","iamb","4",1,0.794871794871795
"742","P_1748","iamb","4",1,0.833333333333333
"743","P_1749","dolnik3","free",1,NA
"744","P_1750","amphibrach","free",0.666666666666667,NA
"745","P_1751","dolnik3","free",1,NA
"746","P_1752","amphibrach","free",1,NA
"747","P_1753","iamb","5",1,0.769230769230769
"748","P_1754","iamb","free",0.964285714285714,NA
"749","P_1755","iamb","free",1,NA
"750","P_1756","trochee","4",1,0.8125
"751","P_1757","amphibrach","free",1,NA
"752","P_1758","amphibrach","free",1,NA
"753","P_1759","iamb","5",1,0.857142857142857
"754","P_176","iamb","4",1,0.803418803418803
"755","P_1760","amphibrach","free",0.555555555555556,NA
"756","P_1761","amphibrach","4",1,1
"757","P_1762","iamb","4",1,0.75
"758","P_1763","amphibrach","free",1,NA
"759","P_1764","iamb","5",1,0.975
"760","P_1765","iamb","4",1,0.9
"761","P_1766","iamb","5",1,0.833333333333333
"762","P_1769","iamb","free",0.75,NA
"763","P_177","iamb","free",1,NA
"764","P_1770","amphibrach","3",1,0.95
"765","P_1771","trochee","4",1,0.85
"766","P_1772","iamb","free",1,NA
"767","P_1773","iamb","6",1,0.833333333333333
"768","P_1774","iamb","4",1,0.875
"769","P_1775","iamb","4",1,0.75
"770","P_1776","iamb","6",1,1
"771","P_1777","trochee","4",1,0.958333333333333
"772","P_1779","dolnik3","free",1,NA
"773","P_178","trochee","4",1,1
"774","P_1781","dolnik2","free",1,NA
"775","P_1782","iamb","4",1,0.875
"776","P_1783","iamb","4",1,0.75
"777","P_1784","iamb","free",0.6,NA
"778","P_1785","trochee","4",1,0.84375
"779","P_1786","iamb","free",1,NA
"780","P_1787","dolnik3","free",1,NA
"781","P_1788","amphibrach","4",1,0.75
"782","P_1789","iamb","3",1,0.833333333333333
"783","P_179","iamb","6",1,0.775401069518717
"784","P_1790","iamb","free",1,NA
"785","P_1791","iamb","3",1,1
"786","P_1792","iamb","5",1,0.853658536585366
"787","P_1793","iamb","4",0.8,0.85
"788","P_1794","dolnik3","2.66666666666667",1,0.793103448275862
"789","P_1795","dolnik3","free",1,NA
"790","P_1796","iamb","4",0.96551724137931,0.78448275862069
"791","P_1798","anapaest","free",0.571428571428571,NA
"792","P_1799","iamb","4",1,1
"793","P_180","trochee","free",0.75,NA
"794","P_1800","amphibrach","4",1,0.956521739130435
"795","P_1801","dolnik2","free",1,NA
"796","P_1802","dolnik3","free",1,NA
"797","P_1803","dolnik3","3",1,0.90625
"798","P_1804","trochee","5",1,0.954545454545455
"799","P_1805","trochee","4",1,0.842105263157895
"800","P_1806","trochee","4",1,0.9
"801","P_1807","trochee","4",1,0.8125
"802","P_1808","iamb","6",1,0.75
"803","P_1809","iamb","free",1,NA
"804","P_181","iamb","5",0.8,0.8
"805","P_1810","iamb","4",1,0.783410138248848
"806","P_1811","iamb","4",1,0.916666666666667
"807","P_1812","amphibrach","6",1,0.722222222222222
"808","P_1813","amphibrach","free",1,NA
"809","P_1814","iamb","free",1,NA
"810","P_1815","iamb","4",1,0.958333333333333
"811","P_1816","iamb","4",1,0.791666666666667
"812","P_1817","trochee","free",0.666666666666667,NA
"813","P_1819","trochee","4",1,0.922077922077922
"814","P_182","iamb","5",1,0.873333333333333
"815","P_1820","trochee","4",1,0.892857142857143
"816","P_1821","iamb","4",1,0.75
"817","P_1822","iamb","6",1,0.9375
"818","P_1823","trochee","free",1,NA
"819","P_1824","iamb","free",1,NA
"820","P_1825","iamb","6",1,0.928571428571429
"821","P_1826","iamb","6",1,0.785714285714286
"822","P_1827","amphibrach","4",1,0.875
"823","P_1828","iamb","free",1,NA
"824","P_1829","trochee","4",0.666666666666667,0.791666666666667
"825","P_1831","trochee","free",1,NA
"826","P_1832","iamb","4",0.75,0.928571428571429
"827","P_1833","iamb","4",1,0.928571428571429
"828","P_1834","amphibrach","4",1,0.826086956521739
"829","P_1835","amphibrach","4",1,0.861111111111111
"830","P_1836","amphibrach","4",0.888888888888889,0.777777777777778
"831","P_1837","iamb","4",1,0.721311475409836
"832","P_1838","iamb","4",1,0.86764705882353
"833","P_1839","anapaest","free",0.857142857142857,NA
"834","P_184","iamb","4",1,0.806122448979592
"835","P_1840","amphibrach","free",0.68,NA
"836","P_1841","trochee","4",0.944444444444444,0.854166666666667
"837","P_1843","trochee","free",0.727272727272727,NA
"838","P_1844","trochee","4",0.923076923076923,0.754716981132076
"839","P_1845","iamb","free",1,NA
"840","P_1846","iamb","free",1,NA
"841","P_1847","iamb","4",1,0.84375
"842","P_1848","trochee","4",1,0.875
"843","P_185","iamb","free",1,NA
"844","P_19","dolnik3","free",1,NA
"845","P_190","amphibrach","4",1,0.86
"846","P_191","amphibrach","4",1,0.807692307692308
"847","P_193","iamb","5",0.75,0.958333333333333
"848","P_198","iamb","5",1,0.818181818181818
"849","P_199","trochee","4",0.9,0.8
"850","P_20","dolnik3","free",0.692307692307692,NA
"851","P_200","trochee","free",1,NA
"852","P_202","iamb","free",1,NA
"853","P_203","iamb","5",1,0.714285714285714
"854","P_204","amphibrach","4",1,0.857142857142857
"855","P_205","iamb","6",1,1
"856","P_206","iamb","6",1,1
"857","P_207","amphibrach","4",1,1
"858","P_208","amphibrach","4",0.875,0.88235294117647
"859","P_209","iamb","4",1,1
"860","P_210","iamb","free",1,NA
"861","P_211","trochee","4",1,0.857142857142857
"862","P_213","iamb","4",1,0.85
"863","P_214","iamb","4",1,0.875
"864","P_215","iamb","free",1,NA
"865","P_217","anapaest","free",0.6,NA
"866","P_218","iamb","4",1,0.853658536585366
"867","P_219","iamb","free",0.785714285714286,NA
"868","P_22","dolnik3","free",1,NA
"869","P_221","iamb","free",1,NA
"870","P_222","trochee","free",0.636363636363636,NA
"871","P_224","iamb","5",1,0.770833333333333
"872","P_225","iamb","free",1,NA
"873","P_226","iamb","free",1,NA
"874","P_227","iamb","4",0.884615384615385,0.788461538461538
"875","P_228","iamb","5",1,0.791666666666667
"876","P_229","iamb","5",1,0.783333333333333
"877","P_23","trochee","4",0.857142857142857,0.785714285714286
"878","P_230","iamb","free",1,NA
"879","P_231","iamb","4",1,0.833333333333333
"880","P_232","iamb","4",1,0.916666666666667
"881","P_234","trochee","4",1,0.821428571428571
"882","P_235","anapaest","free",1,NA
"883","P_236","trochee","4",1,1
"884","P_237","amphibrach","4",0.75,0.785714285714286
"885","P_238","iamb","4",1,0.944444444444444
"886","P_239","amphibrach","4",1,0.886363636363636
"887","P_240","trochee","4",1,0.966666666666667
"888","P_241","iamb","4",1,0.851351351351351
"889","P_242","amphibrach","4",1,0.9375
"890","P_243","anapaest","4",0.727272727272727,0.727272727272727
"891","P_244","iamb","4",1,0.8125
"892","P_245","iamb","free",1,NA
"893","P_246","trochee","4",1,0.875
"894","P_247","iamb","5",1,0.944444444444444
"895","P_248","trochee","4",0.777777777777778,0.861111111111111
"896","P_249","trochee","4",0.866666666666667,0.933333333333333
"897","P_25","trochee","4",0.75,0.772727272727273
"898","P_250","iamb","free",1,NA
"899","P_251","iamb","4",1,0.75
"900","P_252","amphibrach","4",1,0.857142857142857
"901","P_253","iamb","4",1,0.84
"902","P_255","iamb","4",0.75,0.897058823529412
"903","P_256","iamb","free",1,NA
"904","P_257","iamb","free",1,NA
"905","P_258","trochee","4",0.818181818181818,0.772727272727273
"906","P_259","iamb","4",1,0.776119402985075
"907","P_26","trochee","4",1,0.91304347826087
"908","P_260","iamb","free",1,NA
"909","P_261","iamb","free",1,NA
"910","P_262","iamb","free",1,NA
"911","P_263","trochee","4",1,0.954545454545455
"912","P_264","iamb","6",1,0.928571428571429
"913","P_265","iamb","6",0.75,0.714285714285714
"914","P_266","trochee","4",1,0.827586206896552
"915","P_267","iamb","free",1,NA
"916","P_268","iamb","4",0.888888888888889,0.8125
"917","P_269","trochee","free",1,NA
"918","P_27","dolnik3","free",1,NA
"919","P_270","trochee","4",1,0.722222222222222
"920","P_271","trochee","4",1,0.9
"921","P_272","trochee","4",1,0.8125
"922","P_273","iamb","4",1,0.833333333333333
"923","P_275","trochee","free",0.666666666666667,NA
"924","P_276","iamb","4",1,0.742424242424242
"925","P_277","iamb","free",1,NA
"926","P_278","amphibrach","free",0.75,NA
"927","P_279","amphibrach","free",1,NA
"928","P_28","trochee","free",1,NA
"929","P_280","amphibrach","4",1,0.75
"930","P_281","trochee","3",1,0.791666666666667
"931","P_282","iamb","6",1,0.760869565217391
"932","P_283","iamb","4",1,0.840909090909091
"933","P_284","iamb","free",1,NA
"934","P_285","iamb","6",1,0.75
"935","P_286","trochee","3",0.666666666666667,0.833333333333333
"936","P_287","anapaest","2",1,0.75
"937","P_288","iamb","5",1,0.928571428571429
"938","P_289","iamb","5",1,0.857142857142857
"939","P_29","trochee","4",0.8,0.85
"940","P_290","iamb","4",1,0.875
"941","P_291","iamb","4",0.909090909090909,0.818181818181818
"942","P_292","trochee","4",1,0.75
"943","P_293","dolnik3","free",0.7,NA
"944","P_294","dactyl","free",1,NA
"945","P_295","trochee","free",1,NA
"946","P_296","trochee","4",1,0.895833333333333
"947","P_298","iamb","free",0.7,NA
"948","P_299","trochee","4",1,0.909090909090909
"949","P_30","dolnik3","free",1,NA
"950","P_300","iamb","6",1,0.884615384615385
"951","P_301","amphibrach","4",1,0.86046511627907
"952","P_302","trochee","4",1,0.852941176470588
"953","P_303","iamb","free",0.857142857142857,NA
"954","P_304","amphibrach","4",1,0.803571428571429
"955","P_305","iamb","4",1,0.764705882352941
"956","P_306","iamb","4",0.8,0.777777777777778
"957","P_307","iamb","4",1,0.794117647058823
"958","P_308","iamb","4",0.75,0.875
"959","P_309","iamb","4",0.9,0.797619047619048
"960","P_31","dolnik3","free",1,NA
"961","P_310","amphibrach","4",1,0.722222222222222
"962","P_311","amphibrach","4",1,0.732142857142857
"963","P_312","iamb","free",0.909090909090909,NA
"964","P_313","iamb","6",1,0.708333333333333
"965","P_314","trochee","4",0.714285714285714,0.75
"966","P_315","iamb","4",1,0.875
"967","P_316","iamb","6",1,0.821428571428571
"968","P_318","iamb","free",1,NA
"969","P_319","iamb","4",1,0.888888888888889
"970","P_32","trochee","4",0.625,0.75
"971","P_320","iamb","free",1,NA
"972","P_321","iamb","4",1,0.754716981132076
"973","P_322","iamb","6",0.9,0.875
"974","P_324","iamb","4",1,0.964285714285714
"975","P_325","iamb","4",1,0.85
"976","P_326","trochee","4",0.571428571428571,0.857142857142857
"977","P_327","trochee","free",0.666666666666667,NA
"978","P_328","amphibrach","4",0.833333333333333,0.75
"979","P_329","iamb","4",1,0.891891891891892
"980","P_33","iamb","free",1,NA
"981","P_330","iamb","4",1,0.818181818181818
"982","P_331","iamb","5",0.75,0.875
"983","P_332","amphibrach","4",1,1
"984","P_333","iamb","4",1,0.875
"985","P_334","trochee","4",1,0.851851851851852
"986","P_335","trochee","4",1,0.805555555555556
"987","P_34","iamb","4",1,0.733333333333333
"988","P_340","iamb","4",1,0.880434782608696
"989","P_341","iamb","4",0.857142857142857,0.839285714285714
"990","P_342","iamb","6",1,0.708333333333333
"991","P_343","iamb","6",1,0.821428571428571
"992","P_344","iamb","6",1,0.9
"993","P_345","dolnik3","free",1,NA
"994","P_346","iamb","free",1,NA
"995","P_347","iamb","6",1,0.84375
"996","P_348","iamb","4",1,0.90625
"997","P_35","trochee","4",0.666666666666667,0.916666666666667
"998","P_350","amphibrach","4",1,0.911111111111111
"999","P_351","amphibrach","free",0.875,NA
"1000","P_352","iamb","free",0.571428571428571,NA
"1001","P_354","iamb","4",1,0.861111111111111
"1002","P_355","iamb","5",0.923076923076923,0.769230769230769
"1003","P_356","trochee","4",1,0.84
"1004","P_357","iamb","4",1,0.857142857142857
"1005","P_358","iamb","free",1,NA
"1006","P_359","iamb","4",0.857142857142857,0.897727272727273
"1007","P_36","iamb","6",1,0.892857142857143
"1008","P_360","anapaest","free",1,NA
"1009","P_37","iamb","4",1,0.868131868131868
"1010","P_38","iamb","4",1,0.908045977011494
"1011","P_39","trochee","4",0.6,0.9
"1012","P_40","iamb","4",1,0.895833333333333
"1013","P_41","trochee","5",0.82,0.845
"1014","P_418","iamb","free",1,NA
"1015","P_419","iamb","free",1,NA
"1016","P_42","iamb","4",1,0.859375
"1017","P_420","iamb","free",1,NA
"1018","P_421","trochee","4",1,0.75
"1019","P_422","trochee","4",1,0.875
"1020","P_423","iamb","4",1,0.766666666666667
"1021","P_424","iamb","6",1,0.75
"1022","P_425","iamb","6",1,0.75
"1023","P_426","iamb","4",1,0.9
"1024","P_427","iamb","4",1,0.85
"1025","P_428","trochee","4",1,0.895833333333333
"1026","P_429","iamb","free",1,NA
"1027","P_43","amphibrach","free",0.866666666666667,NA
"1028","P_430","iamb","free",1,NA
"1029","P_431","iamb","4",0.941176470588235,0.888888888888889
"1030","P_433","iamb","4",1,0.775
"1031","P_434","iamb","4",1,0.9
"1032","P_435","iamb","6",1,0.75
"1033","P_437","iamb","free",1,NA
"1034","P_438","iamb","free",1,NA
"1035","P_439","iamb","free",1,NA
"1036","P_44","trochee","4",0.875,0.828125
"1037","P_440","amphibrach","4",1,0.838709677419355
"1038","P_441","anapaest","2",1,0.80952380952381
"1039","P_442","iamb","4",0.8,0.775
"1040","P_443","trochee","free",1,NA
"1041","P_444","iamb","free",1,NA
"1042","P_445","anapaest","free",0.6,NA
"1043","P_446","iamb","4",1,0.75
"1044","P_447","iamb","5",1,0.733333333333333
"1045","P_448","amphibrach","4",1,0.961538461538462
"1046","P_449","trochee","free",1,NA
"1047","P_45","iamb","4",1,0.785714285714286
"1048","P_450","amphibrach","3",1,0.875
"1049","P_451","trochee","5",1,0.861111111111111
"1050","P_452","iamb","free",1,NA
"1051","P_453","trochee","free",1,NA
"1052","P_454","iamb","4",0.625,0.75
"1053","P_455","trochee","4",1,0.918918918918919
"1054","P_456","iamb","6",1,0.8125
"1055","P_457","iamb","4",1,0.885416666666667
"1056","P_458","iamb","free",1,NA
"1057","P_459","trochee","4",0.857142857142857,0.892857142857143
"1058","P_460","trochee","4",1,0.810810810810811
"1059","P_461","trochee","free",1,NA
"1060","P_462","dolnik3","free",1,NA
"1061","P_463","trochee","free",1,NA
"1062","P_464","amphibrach","free",1,NA
"1063","P_465","iamb","4",1,0.823529411764706
"1064","P_466","iamb","4",1,1
"1065","P_467","amphibrach","free",1,NA
"1066","P_468","trochee","4",0.833333333333333,0.875
"1067","P_469","iamb","4",1,0.84375
"1068","P_47","iamb","4",1,0.791666666666667
"1069","P_470","iamb","free",1,NA
"1070","P_471","trochee","4",1,0.79746835443038
"1071","P_472","iamb","4",1,0.8
"1072","P_473","iamb","free",1,NA
"1073","P_474","iamb","4",1,0.833333333333333
"1074","P_475","amphibrach","free",1,NA
"1075","P_476","amphibrach","4.66666666666667",1,0.75
"1076","P_477","trochee","free",1,NA
"1077","P_478","amphibrach","free",1,NA
"1078","P_479","trochee","free",1,NA
"1079","P_48","iamb","4",1,0.875
"1080","P_480","dolnik3","5.33333333333333",1,1
"1081","P_481","amphibrach","free",1,NA
"1082","P_482","trochee","4",1,0.818181818181818
"1083","P_483","anapaest","free",1,NA
"1084","P_484","trochee","4",1,0.846774193548387
"1085","P_485","iamb","free",1,NA
"1086","P_486","iamb","4",1,0.846153846153846
"1087","P_487","iamb","4",1,0.755102040816326
"1088","P_488","trochee","4",0.928571428571429,0.842857142857143
"1089","P_489","iamb","4",1,0.754716981132076
"1090","P_49","iamb","6",1,1
"1091","P_490","amphibrach","free",1,NA
"1092","P_491","iamb","free",1,NA
"1093","P_492","iamb","4",1,0.9375
"1094","P_494","iamb","4",1,0.9
"1095","P_495","trochee","free",1,NA
"1096","P_496","iamb","free",0.75,NA
"1097","P_497","iamb","4",1,0.884615384615385
"1098","P_498","iamb","5",1,0.928571428571429
"1099","P_499","trochee","4",1,0.916666666666667
"1100","P_500","trochee","4",0.666666666666667,0.916666666666667
"1101","P_502","iamb","4",1,0.8125
"1102","P_503","iamb","4",1,0.846153846153846
"1103","P_504","amphibrach","4",1,0.821428571428571
"1104","P_505","iamb","free",1,NA
"1105","P_506","iamb","4",1,0.907894736842105
"1106","P_509","trochee","4",1,0.833333333333333
"1107","P_519","iamb","free",1,NA
"1108","P_539","iamb","4",1,0.857142857142857
"1109","P_541","iamb","free",1,NA
"1110","P_550","iamb","4",1,0.75
"1111","P_568","iamb","free",0.75,NA
"1112","P_57","iamb","4",1,0.916666666666667
"1113","P_572","iamb","4",1,0.903225806451613
"1114","P_58","trochee","4",1,0.829268292682927
"1115","P_582","dolnik3","free",1,NA
"1116","P_583","dolnik3","free",0.666666666666667,NA
"1117","P_59","iamb","free",1,NA
"1118","P_60","iamb","free",1,NA
"1119","P_600","amphibrach","free",1,NA
"1120","P_61","trochee","4",0.8125,0.8125
"1121","P_612","iamb","free",1,NA
"1122","P_62","iamb","6",1,1
"1123","P_63","iamb","4",1,0.775
"1124","P_64","iamb","free",1,NA
"1125","P_647","iamb","5",1,0.833333333333333
"1126","P_65","iamb","free",1,NA
"1127","P_653","iamb","free",1,NA
"1128","P_654","iamb","6",1,0.781818181818182
"1129","P_655","iamb","free",1,NA
"1130","P_66","iamb","free",1,NA
"1131","P_67","anapaest","free",1,NA
"1132","P_68","amphibrach","4",0.714285714285714,0.892857142857143
"1133","P_683","iamb","4",1,0.850746268656716
"1134","P_69","iamb","4",1,0.84375
"1135","P_706","iamb","4",1,0.941176470588235
"1136","P_71","amphibrach","free",0.80952380952381,NA
"1137","P_72","iamb","free",1,NA
"1138","P_73","iamb","free",1,NA
"1139","P_733","iamb","free",1,NA
"1140","P_74","trochee","4",1,0.865384615384615
"1141","P_742","trochee","6",1,0.923076923076923
"1142","P_743","trochee","4",1,0.857142857142857
"1143","P_744","iamb","free",1,NA
"1144","P_745","iamb","free",1,NA
"1145","P_746","iamb","4",1,0.795918367346939
"1146","P_747","trochee","4",1,0.75
"1147","P_748","iamb","free",1,NA
"1148","P_749","iamb","4",1,0.846153846153846
"1149","P_75","amphibrach","4",0.666666666666667,0.708333333333333
"1150","P_750","iamb","free",1,NA
"1151","P_751","iamb","4",1,0.818181818181818
"1152","P_752","amphibrach","free",0.75,NA
"1153","P_753","iamb","6",1,0.785714285714286
"1154","P_754","iamb","free",1,NA
"1155","P_755","iamb","free",1,NA
"1156","P_756","amphibrach","4",1,0.75
"1157","P_757","amphibrach","free",0.875,NA
"1158","P_758","trochee","free",1,NA
"1159","P_759","iamb","free",1,NA
"1160","P_76","amphibrach","4",1,0.866666666666667
"1161","P_760","anapaest","2",1,0.883720930232558
"1162","P_761","iamb","free",1,NA
"1163","P_762","iamb","free",1,NA
"1164","P_763","iamb","4",1,0.886363636363636
"1165","P_764","iamb","3",1,0.888888888888889
"1166","P_765","dolnik3","free",1,NA
"1167","P_767","iamb","free",1,NA
"1168","P_768","iamb","free",1,NA
"1169","P_769","iamb","free",1,NA
"1170","P_77","iamb","4",1,0.970588235294118
"1171","P_770","amphibrach","4",0.875,0.71875
"1172","P_771","iamb","5",1,0.916666666666667
"1173","P_772","trochee","4",0.714285714285714,0.857142857142857
"1174","P_773","iamb","5",0.666666666666667,0.857142857142857
"1175","P_776","iamb","free",1,NA
"1176","P_78","iamb","free",1,NA
"1177","P_788","iamb","4",0.833333333333333,0.833333333333333
"1178","P_79","trochee","4",1,0.90625
"1179","P_8","iamb","4",1,0.78
"1180","P_80","trochee","free",1,NA
"1181","P_804","iamb","6",1,0.957446808510638
"1182","P_81","iamb","4",1,0.790909090909091
"1183","P_819","iamb","4",0.666666666666667,0.833333333333333
"1184","P_82","iamb","free",0.88235294117647,NA
"1185","P_826","iamb","5",1,0.846153846153846
"1186","P_83","dolnik3","free",0.875,NA
"1187","P_84","iamb","4",1,0.895833333333333
"1188","P_840","iamb","free",1,NA
"1189","P_85","dolnik3","free",0.8,NA
"1190","P_853","iamb","4",1,0.829787234042553
"1191","P_86","iamb","free",1,NA
"1192","P_862","iamb","5",1,0.846153846153846
"1193","P_87","iamb","free",0.615384615384615,NA
"1194","P_871","trochee","4",1,0.833333333333333
"1195","P_872","amphibrach","3",0.75,0.9375
"1196","P_873","iamb","6",1,0.714285714285714
"1197","P_874","iamb","5",1,0.833333333333333
"1198","P_876","trochee","4",0.833333333333333,0.916666666666667
"1199","P_877","iamb","4",1,0.875
"1200","P_878","iamb","free",1,NA
"1201","P_879","iamb","4",1,0.9375
"1202","P_88","trochee","4",1,0.927272727272727
"1203","P_880","iamb","free",1,NA
"1204","P_881","iamb","4",1,0.75
"1205","P_882","iamb","4",1,0.875
"1206","P_883","iamb","4",1,0.875
"1207","P_884","iamb","free",1,NA
"1208","P_885","iamb","free",1,NA
"1209","P_886","iamb","4",1,0.833333333333333
"1210","P_887","iamb","4",1,0.777777777777778
"1211","P_888","trochee","4",1,0.875
"1212","P_889","iamb","free",1,NA
"1213","P_891","amphibrach","free",1,NA
"1214","P_892","iamb","4",1,0.833333333333333
"1215","P_893","trochee","4",1,0.838709677419355
"1216","P_894","iamb","5",1,0.770833333333333
"1217","P_895","iamb","free",0.75,NA
"1218","P_896","iamb","free",1,NA
"1219","P_897","trochee","4",1,0.75
"1220","P_898","iamb","free",1,NA
"1221","P_899","amphibrach","4",1,1
"1222","P_9","iamb","free",1,NA
"1223","P_900","iamb","free",1,NA
"1224","P_901","iamb","4",1,0.814159292035398
"1225","P_902","iamb","6",1,0.85
"1226","P_903","iamb","4",1,0.75
"1227","P_904","trochee","4",1,1
"1228","P_905","iamb","6",1,0.8
"1229","P_906","iamb","5",1,0.923076923076923
"1230","P_907","trochee","4",0.666666666666667,0.875
"1231","P_909","trochee","free",1,NA
"1232","P_91","amphibrach","4",1,0.958333333333333
"1233","P_910","iamb","4",1,0.875
"1234","P_911","iamb","4",1,1
"1235","P_912","iamb","4",1,0.833333333333333
"1236","P_913","iamb","4",1,0.8
"1237","P_915","iamb","4",1,0.755555555555556
"1238","P_917","trochee","4",0.666666666666667,0.875
"1239","P_918","amphibrach","free",1,NA
"1240","P_919","trochee","4",1,0.8125
"1241","P_92","iamb","free",0.75,NA
"1242","P_920","iamb","4",1,0.777777777777778
"1243","P_921","iamb","5",1,0.865384615384615
"1244","P_922","amphibrach","free",0.818181818181818,NA
"1245","P_923","iamb","4",1,0.825
"1246","P_924","iamb","4",1,0.764705882352941
"1247","P_925","amphibrach","free",0.8,NA
"1248","P_926","iamb","4",1,0.8
"1249","P_927","iamb","free",1,NA
"1250","P_928","iamb","free",1,NA
"1251","P_929","iamb","5",1,0.852941176470588
"1252","P_93","trochee","4",1,0.849462365591398
"1253","P_930","iamb","4",1,0.875
"1254","P_931","iamb","free",0.681818181818182,NA
"1255","P_932","iamb","free",1,NA
"1256","P_933","iamb","4",1,0.804878048780488
"1257","P_934","iamb","4",0.666666666666667,0.75
"1258","P_935","iamb","4",1,1
"1259","P_936","iamb","free",1,NA
"1260","P_937","iamb","5",0.875,0.774193548387097
"1261","P_938","iamb","6",1,0.8125
"1262","P_939","iamb","5",1,0.706896551724138
"1263","P_94","amphibrach","4",1,0.833333333333333
"1264","P_940","amphibrach","3",1,0.916666666666667
"1265","P_941","anapaest","free",0.875,NA
"1266","P_942","iamb","4",1,0.81578947368421
"1267","P_943","iamb","6",1,0.75
"1268","P_944","iamb","4",1,0.82051282051282
"1269","P_945","iamb","free",1,NA
"1270","P_946","iamb","free",1,NA
"1271","P_947","iamb","4",1,0.875
"1272","P_948","trochee","4",0.625,0.84375
"1273","P_949","iamb","free",1,NA
"1274","P_95","iamb","4",1,0.84375
"1275","P_950","iamb","free",1,NA
"1276","P_951","iamb","free",1,NA
"1277","P_953","iamb","4",1,0.840909090909091
"1278","P_954","iamb","4",1,0.9375
"1279","P_955","iamb","4",1,0.775
"1280","P_956","iamb","free",1,NA
"1281","P_957","iamb","free",1,NA
"1282","P_958","iamb","5",1,0.844155844155844
"1283","P_959","trochee","4",0.833333333333333,0.833333333333333
"1284","P_96","iamb","5",0.666666666666667,0.855555555555556
"1285","P_960","iamb","4",1,0.9375
"1286","P_961","trochee","4",0.666666666666667,0.791666666666667
"1287","P_962","amphibrach","4",1,0.761904761904762
"1288","P_963","iamb","free",1,NA
"1289","P_965","iamb","5",1,0.928571428571429
"1290","P_966","trochee","4",0.818181818181818,0.954545454545455
"1291","P_967","iamb","free",1,NA
"1292","P_968","trochee","4",1,0.833333333333333
"1293","P_969","iamb","6",1,0.866666666666667
"1294","P_97","iamb","free",1,NA
"1295","P_970","iamb","5",1,0.926829268292683
"1296","P_971","iamb","free",1,NA
"1297","P_972","iamb","4",1,0.841463414634146
"1298","P_973","amphibrach","free",1,NA
"1299","P_974","iamb","4",1,0.833333333333333
"1300","P_975","iamb","6",1,1
"1301","P_976","trochee","4",0.9,0.825
"1302","P_977","iamb","4",1,0.875
"1303","P_978","iamb","4",0.75,1
"1304","P_979","iamb","free",1,NA
"1305","P_980","iamb","free",1,NA
"1306","P_981","iamb","4",1,0.8125
"1307","P_982","iamb","6",1,0.766666666666667
"1308","P_983","iamb","4",1,0.84375
"1309","P_984","trochee","4",1,0.892156862745098
"1310","P_985","iamb","free",1,NA
"1311","P_986","iamb","free",1,NA
"1312","P_987","iamb","5",1,0.777777777777778
"1313","P_988","iamb","free",1,NA
"1314","P_989","iamb","4",1,0.898305084745763
"1315","P_990","iamb","free",1,NA
"1316","P_991","dolnik3","free",0.6875,NA
"1317","P_992","iamb","free",0.857142857142857,NA
"1318","P_993","iamb","6",1,0.75
"1319","P_994","iamb","4",1,0.923076923076923
"1320","P_995","trochee","4",1,0.857142857142857
"1321","P_996","trochee","4",1,0.846153846153846
"1322","P_997","trochee","4",0.846153846153846,0.824786324786325
"1323","P_998","iamb","free",1,NA
"1324","P_999","iamb","6",0.857142857142857,0.821428571428571
