"review_id","source_id","review_source","score","location"
"R_8","C_67","BdCH","neg","1835. Т. 11. С. 1"
"R_13","C_68","Telescope","neg","1835. Ч. 27. № 8. С. 123-137. (В. Белинский)"
"R_31","C_70","Sev_pchela","neg","1835. № 101. 8 мая. С. 401-402 -- Р.М."
"R_32","C_70","BdCH","","1835. Т. 10. С. 30-31"
"R_39","C_71","Sev_pchela","???; скорее негативная","1835. № 114. 24 мая. С. 453-454"
"R_40","C_71","BdCH","","1835. Т. 10. С. 29-30"
"R_48","C_1027","BdCH","neg","1835. Т. 12. С. 3"
"R_51","C_73","CO","pos","1836. Ч. 176. № 12. С. 259-272; № 13. С. 309-324 (Я. Неверов)"
"R_53","C_73","Telescope","pos","1835. Ч. 27. С. 470-483. В. Белинский"
"R_54","C_73","JMNP","pos","1836. Ч. 9. № 3. С. 653-658 -- Я.Н.[Неверов]"
"R_55","C_73","Sev_pchela","???","1835. № 290. 20 дек. С. 1157-1158 -- П."
"R_62","C_75","JMNP","pos","1839. Ч. 23. Отд. VI. С. 118"
"R_64","C_75","BdCH","neg","1835. Т. 9. C. 29; 1837. Т. 21. С. 3-4"
"R_72","C_78","BdCH","pos; выписано неск. стихов","1835. Т. 9. С. 23-27"
"R_80","C_81","BdCH","pos","1835. Т. 12. С. 17-19"
"R_103","C_84","Sev_pchela","neg","1835. № 241. 25 окт. С. 961-962 -- Р.М."
"R_104","C_84","BdCH","neg","1835. Т. 12. С. 23"
"R_108","C_85","MN","neg","1836. Ч. 6. Кн. 1. С. 90-91. (С. Шевырев)"
"R_109","C_85","Telescope","neg","Молва. 1836. № 2. С. 65-71"
"R_111","C_85","Sev_pchela","pos","1835. № 217. 27 сент. С. 865-867 -- Н.У."
"R_112","C_85","BdCH","pos; выписано неск. стихов","1835. Т. 12. С. 19-23"
"R_120","C_86","BdCH","pos","1835. Т. 11. С. 2-3"
"R_144","C_89","BdCH","","1835. Т. 10. С. 32"
"R_149","C_90","Telescope","neg","1835. Ч. 27. № 10.  С. 357-387. В. Белинский"
"R_150","C_90","JMNP","pos","1836. Ч. 9. № 1. С. 192-199 -- Я. Неверов"
"R_151","C_90","Sev_pchela","pos","1835. № 240. 24 окт. С. 957-959 -- Р.М."
"R_152","C_90","BdCH","pos; но с уколом о плохих сонетах","1835. Т. 13. С.  1-3"
"R_158","C_92","JMNP","pos","1836. Ч. 9. № 1. С. 180-192 -- А. Н-но"
"R_165","C_95","Telescope","neg","Молва. 1836. № ?. С. 63-64"
"R_166","C_95","JMNP","neg","1838. Ч. 20. № 12. С. 589"
"R_168","C_95","BdCH","neg","1836. Т. 18. С. 8-9"
"R_173","C_96","Telescope","neg","Молва. 1836. №?. С. 211-214"
"R_174","C_96","JMNP","pos ","1838. Ч. 20. № 12. С. 589"
"R_175","C_96","Sev_pchela","neg; ответ МН","1836. № 144. 26 июн. С. 573-576 -- Р.М."
"R_176","C_96","BdCH","pos","1836. Т. 17. С. 1-2"
"R_184","C_99","BdCH","neg","1836. Т. 17. С. 25"
"R_192","C_101","BdCH","neg","1836. Т. 19. С. 37-41"
"R_199","C_107","Sev_pchela","neg","1836. № 104. 9 мая. С. 413-414 -- Р.М."
"R_200","C_107","BdCH","neg","1836. Т. 16. С. 18-19"
"R_205","C_111","Telescope","pos","Молва. 1836. Ч. 12. С. 28-30"
"R_206","C_111","JMNP","neg","1838. Ч. 20. № 12. С. 589"
"R_207","C_111","Sev_pchela","pos","1836. № 190. 21 авг. С. 757-759"
"R_208","C_111","BdCH","neg","1836. Т. 18. С. 6-8"
"R_213","C_112","Telescope","pos","Молва. 1836. № 5. С. 112-114"
"R_216","C_112","BdCH","???; выписано 1 стихотв.","1836. Т. 15. С.  1-2"
"R_221","C_113","Telescope","neg","Молва. 1836. № 2. С. 64-65"
"R_224","C_113","BdCH","neg","1837. Т. 20. С. 39-40"
"R_230","C_114","JMNP","pos","1838. Ч. 20. № 12. С. 589"
"R_231","C_114","Sev_pchela","???","1836. № 148. 2 июл. С. 589 -- Z.Z.Z."
"R_232","C_114","BdCH","neg","1836. Т. 17. С. 2-3"
"R_238","C_115","JMNP","pos","1838. Ч. 20. № 12. С. 589"
"R_239","C_115","Sev_pchela","???","1836. № 253. 4 ноя. С. 1009-1010 -- Z.Z.Z."
"R_240","C_115","BdCH","pos; с уколом","1836. Т. 19. С. 42"
"R_241","C_117","Sovr","pos","1836. Т. 3. С. 170-186"
"R_246","C_117","JMNP","pos","1838. Ч. 20. № 12. С. 589"
"R_248","C_117","BdCH","neg; огромная рец, придирки к предисл","1837. Т. 20. С. 2, 29-35"
"R_253","C_118","Telescope","neg","Молва. 1836. № ?. С. 87-88"
"R_256","C_118","BdCH","neg","1836. Т. 16. С.  1-2"
"R_261","C_119","Telescope","neg","Молва. 1836. № ?. С. 87-88"
"R_264","C_119","BdCH","neg","1836. Т. 18. С. 27-30"
"R_271","C_121","Sev_pchela","pos","1837. № 2. 4 янв. С. 5 -- В. Б. "
"R_272","C_121","BdCH","???","1837. Т. 21. С. 7"
"R_280","C_122","BdCH","neg","1837. Т. 20. С. 39"
"R_285","C_124","Telescope","neg","Молва. 1836. №?. С. 327"
"R_288","C_124","BdCH","neg","1836. Т. 17. С. 25-26"
"R_289","C_125","Sovr","neg","1836. Т. 1. С. 313-314"
"R_295","C_125","Sev_pchela","neg","1836. № 44. 24 фев. С. 173-175 -- Р.М."
"R_296","C_125","BdCH","neg; указание на плагиат","1836. Т. 15. С. 21-22"
"R_328","C_131","BdCH","neg","1836. Т. 16. С. 7-8"
"R_342","C_133","JMNP","pos","1838. Ч. 20. № 12. С. 589"
"R_347","C_138","CO","neg","1837. Ч. 187. № 17. С. 114"
"R_350","C_138","JMNP","pos","1839. Ч. 23. Отд. VI. С. 118"
"R_351","C_138","Sev_pchela","pos","1837. № 170. 31 июл. С. 677-680 -- Ф. Кони"
"R_352","C_138","BdCH","neg; отмечена клишированность и плохие рифмы","1837. Т. 24. С. 1-4"
"R_355","C_141","CO","neg","1837. Ч. 187. № 17. С. 110-114"
"R_358","C_141","JMNP","pos","1839. Ч. 23. Отд. VI. С. 118"
"R_359","C_141","Sev_pchela","neg","1837. № 207. 16 сент. С. 825-827 -- Р.М."
"R_360","C_141","BdCH","pos; отмечено отсутствие клише и необычн рифмы","1837. Т. 23. С. 40-42"
"R_363","C_142","CO","pos","1837. Ч. 186. № 15. С. 341-348"
"R_367","C_142","Sev_pchela","pos","1837. № 185. 19 авг. С. 737-740 -- П.П."
"R_368","C_142","BdCH","pos; но с уколами","1837. Т. 24. С. 4-6"
"R_375","C_143","Sev_pchela","???; скорее положительная","1837. № 128. 11 июн. С. 505-506 -- М."
"R_376","C_143","BdCH","neg","1837. Т. 23. С. 35-40"
"R_384","C_144","BdCH","neg","1836. Т. 19. С. 41-42; Т. 20. С. 38-39"
"R_392","C_145","BdCH","neg","1836. Т. 19. С. 41-42; Т. 20. С. 38-39"
"R_398","C_146","JMNP","pos","1839. Ч. 23. Отд. VI. С. 118"
"R_399","C_146","Sev_pchela","pos","1837. № 100. 7 мая. С. 397"
"R_400","C_146","BdCH","pos","1837. Т. 22. С. 4"
"R_406","C_148","JMNP","neg","1839. Ч. 23. Отд. VI. С. 125"
"R_407","C_148","Sev_pchela","neg","1837. № 142. 28 июн. С. 565-567 -- Р.М."
"R_408","C_148","BdCH","neg","1837. Т. 22. С. 5-6"
"R_416","C_149","BdCH","neg","1837. Т. 25. С. 50-51"
"R_423","C_153","Sev_pchela","neg","1837. № 188. 23 авг. С. 749 -- М."
"R_424","C_153","BdCH","neg; но отмечено и хорошее?","1837. Т. 23. С. 47-49"
"R_432","C_154","BdCH","neg","1837. Т. 25. С. 46-48"
"R_435","C_156","CO","pos","1837. Ч. 188. № 21. С. 60-68"
"R_438","C_156","JMNP","pos","1839. Ч. 23. Отд. VI. С. 118"
"R_439","C_156","Sev_pchela","pos","1837. № 166. 27 июл. С. 661-663 -- Р.М."
"R_440","C_156","BdCH","pos","1837. Т. 21. С. 36-39"
"R_443","C_159","CO","neg","1838. Т. 2. Отд. 4. С. 78"
"R_447","C_159","Sev_pchela","neg","1838. № 5. 7 янв. С. 19"
"R_448","C_159","BdCH","neg","1838. Т. 26. С. 1-2"
"R_454","C_160","JMNP","pos","1839. Ч. 23. Отд. VI. С. 118"
"R_456","C_160","BdCH","neg","1837. Т. 25. С. 48-50"
"R_459","C_161","CO","pos","1837. Ч. 185. № 11. С. 304-318"
"R_463","C_161","Sev_pchela","pos","1837. № 135. 19 июн. С. 537-540 -- Федор Кони"
"R_464","C_161","BdCH","pos?","1837. Т. 25. С. 43-46"
"R_467","C_163","CO","neg","1837. Ч. 184. № 7. С. 368-376"
"R_472","C_163","BdCH","pos","1837. Т. 21. С. 10-12"
"R_475","C_166","CO","pos","1837. Ч. 185. № 9. С. 58-68"
"R_478","C_166","JMNP","pos","1839. Ч. 23. Отд. VI. С. 118"
"R_479","C_166","Sev_pchela","pos","1837. № 93. 29 апр. С. 369-371; № 94. 30 апр. С. 373-375 -- Т."
"R_480","C_166","BdCH","???","1837. Т. 23. С. 1-4"
"R_489","C_169","Sovr","pos","1838. Т. 9. С.  85-87"
"R_491","C_169","CO","pos","1838. Т. 1. № 2. С. 135-136"
"R_495","C_169","Sev_pchela","pos","1838. № 4. 5 янв. С. 15"
"R_496","C_169","BdCH","pos","1838. Т. 26. С. 44-46"
"R_502","C_170","JMNP","???","1839. Ч. 23. Отд. VI. С. 118"
"R_503","C_170","Sev_pchela","neg","1838. № 9. 12 янв. С. 34-35"
"R_504","C_170","BdCH","neg","1838. Т. 26. С. 47-48"
"R_505","C_171","Sovr","neg","1838. Т. 11. С. 61-62"
"R_507","C_171","CO","neg","1838. Т. 4. Отд. 4. С. 56-57"
"R_511","C_171","Sev_pchela","neg","1838. № 198. С. 791 -- А."
"R_519","C_172","Sev_pchela","neg","1837. № 289. 20 дек. С. 1152 -- М."
"R_520","C_172","BdCH","neg","1837. Т. 25. С. 4-6"
"R_528","C_173","BdCH","pos","1837. Т. 22. С. 13"
"R_536","C_174","BdCH","neg","1837. Т. 22. С. 13"
"R_544","C_175","BdCH","neg","1837. Т. 21. С. 3"
"R_550","C_177","JMNP","???","1839. Ч. 23. Отд. VI. С. 118"
"R_552","C_177","BdCH","neg","1837. Т. 22. С. 11-12"
"R_560","C_178","BdCH","neg","1837. Т. 22. С. 11-12"
"R_574","C_180","JMNP","neg","1839. Ч. 23. Отд. VI. С. 125"
"R_575","C_180","Sev_pchela","neg","1837. № 130. 14 июн. С. 517-519 -- К."
"R_576","C_180","BdCH","neg","1837. Т. 23. С. 8-9"
"R_590","C_184","JMNP","neg","1839. Ч. 23. Отд. VI. С. 125"
"R_592","C_184","BdCH","neg","1837. Т. 22. С. 5-6"
"R_594","C_185","OZ","neg","1839. Т. 2. № 2. Отд. 7. С. 19-20"
"R_601","C_189","Sovr","pos","1838. Т. 9. С. 87-90"
"R_602","C_189","OZ","pos","1839. Т. 1. № 1. Отд. 7. С. 14"
"R_603","C_189","CO","neg","1838. Т. 2. Отд. 4. С. 86-96"
"R_607","C_189","Sev_pchela","neg","1838. № 14. 18 янв. С. 55"
"R_608","C_189","BdCH","pos","1838. Т. 26. С. 44-46"
"R_615","C_190","Sev_pchela","","1838. № 228. С. 907"
"R_617","C_697","Sovr","pos","1838. Т. 12. С. 70-71"
"R_619","C_697","CO","???","1838. Т. 5. Отд. 4. С. 61-62"
"R_625","C_192","Sovr","neg","1838. Т. 12. С. 69"
"R_627","C_192","CO","neg?","1838. Т. 5. Отд. 4. С. 60-61"
"R_633","C_193","Sovr","neg","1839. Т. 14. С. 32-33"
"R_635","C_193","CO","neg","1838. Т. 6. № 12. Отд. 4. С. 123-124"
"R_640","C_193","BdCH","pos; но с уколами","1839. Т. 32. С. 1-6"
"R_641","C_194","Sovr","pos","1839. Т. 13. С. 59-61"
"R_642","C_194","OZ","pos; предваряется рассказом об альманахах вообще","1839. Т. 2. № 2. Отд. 7. С. 1-12"
"R_643","C_194","CO","pos","1839. Т. 7. № 1. Отд. 4. С. 65-67"
"R_647","C_194","Sev_pchela","pos","1839. № 1. С. 2-3 -- Ф.Б."
"R_649","C_195","Sovr","neg","1838. Т. 12. С. 69-70"
"R_651","C_195","CO","neg","1838. Т. 4. Отд. 4. С. 125"
"R_655","C_195","Sev_pchela","neg","1839. № 159. С. 635"
"R_657","C_197","Sovr","neg","1839. Т. 13. С. 69-70"
"R_664","C_197","BdCH","neg","1838. Т. 31. С. 59-60"
"R_665","C_198","Sovr","neg","1838. Т. 12. С. 69-70"
"R_667","C_198","CO","neg","1838. Т. 4. Отд. 4. С. 122-125"
"R_673","C_199","Sovr","neg","1838. Т. 11. С. 61-62"
"R_680","C_199","BdCH","neg","1838. Т. 29. С. 28"
"R_681","C_200","Sovr","neg","1839. Т. 14. С. 32-33"
"R_682","C_200","OZ","neg","1839. Т. 2. № 3. Отд. 7. С. 144"
"R_690","C_201","OZ","neg","1839. Т. 5. Отд. 7. С. 131"
"R_691","C_201","CO","neg","1840. Т. 1. Кн. 3. С. 661-662"
"R_696","C_201","BdCH","pos; но с уколами","1840. Т. 38. С. 31"
"R_702","C_202","JMNP","pos; речь идет о первом издании, 1836?","1838. Ч. 20. № 12. С. 589"
"R_703","C_202","Sev_pchela","pos","1836. № 129. 9 июн. С. 513; 1838. № 277. С. 1106-1107 -- Z.Z.Z.; (указ. тип. Авг. Семена)"
"R_704","C_202","BdCH","pos; указ тип. Крайя (это изд. 1836 г.)","1836. Т. 17. С. 4; 1838. Т. 31. С. 60 (рец. на третье изд.)"
"R_705","C_203","Sovr","neg","1838. Т. 10. С. 61"
"R_707","C_203","CO","pos","1838. Т. 2. Отд. 4. С. 163-164"
"R_711","C_203","Sev_pchela","pos","1838. № 93. 27 апр. С. 371"
"R_712","C_203","BdCH","pos; с выписками","1838. Т. 28. С. 45-51"
"R_713","C_204","Sovr","neg","1838. Т. 12. С. 70"
"R_721","C_207","Sovr","neg","1838. Т. 10. С. 62"
"R_727","C_207","Sev_pchela","neg","1838. № 185. С. 738-739 -- А."
"R_728","C_207","BdCH","neg","1838. Т. 28. С. 5-7"
"R_729","C_208","Sovr","neg","1838. Т. 12. С. 67-68"
"R_731","C_208","CO","pos","1838. Т. 5. Отд. 4. С. 139-140"
"R_735","C_208","Sev_pchela","pos","1838. № 231. С. 923 -- Ф. Б."
"R_736","C_208","BdCH","neg?","1838. Т. 31. С. 1-11"
"R_738","C_209","OZ","pos","1839. Т. 1. № 1. Отд. 7. С. 14"
"R_743","C_209","Sev_pchela","pos","1838. № 277. С. 1106-1107"
"R_745","C_211","Sovr","neg","1838. Т. 12. С. 70"
"R_753","C_212","Sovr","neg","1839. Т. 13. С. 69-70"
"R_760","C_212","BdCH","neg","1838. Т. 31. С. 59-60"
"R_785","C_233","Sovr","neg","1838. Т. 10. С. 62-63"
"R_791","C_233","Sev_pchela","neg","1838. № 176. С. 703 -- А."
"R_792","C_233","BdCH","neg; рассуждение о слове “мечта” и пушкине","1838. Т. 28. С. 39-44"
"R_793","C_234","Sovr","neg","1838. Т. 11. С. 61-62"
"R_795","C_234","CO","neg","1838. Т. 4. Отд. 4. С. 55"
"R_799","C_234","Sev_pchela","neg","1838. № 198. С. 791 -- А."
"R_800","C_234","BdCH","neg","1838. Т. 29. С. 23-27"
"R_809","C_236","Sovr","neg","1839. Т. 14. С. 32-33"
"R_810","C_236","OZ","pos; есть “случайная выписка” из сборника, изд. в СПб., тип. Снегирева","1839. Т. 2. № 3. Отд. 7. С. 140-143"
"R_817","C_237","Sovr","neg","1838. Т. 12. С. 69-70"
"R_835","C_240","CO","neg","1838. Т. 4. Отд. 4. С. 53-55"
"R_841","C_241","Sovr","neg","1838. Т. 11. С. 61-62"
"R_843","C_241","CO","neg","1838. Т. 4. Отд. 4. С. 122-125"
"R_847","C_241","Sev_pchela","neg","1838. № 169. С. 674-675 -- А."
"R_850","C_246","OZ","neg","1839. Т. 5. Отд. 7. С. 47-48"
"R_857","C_247","Sovr","neg","1839. Т. 14. С. 32-33"
"R_865","C_249","Sovr","pos","1838. Т. 9. С. 85-87"
"R_871","C_249","Sev_pchela","pos; о поэтическом отделе","1838. № 76. С. 303-304; № 77. С. 306-307; № 78. С. 310-311"
"R_872","C_249","BdCH","neg","1838. Т. 28. С. 13-15"
"R_889","C_257","Sovr","neg","1840. Т. 18. С. 134"
"R_890","C_257","OZ","neg","1840. Т. 8. Отд. 6. С. 10-11"
"R_891","C_257","CO","neg","1840. Т. 1. Кн. 2. С. 460"
"R_898","C_258","OZ","neg; пишут про подражание Кольцову","1839. Т. 5. Отд. 7. С. 18-20"
"R_904","C_258","BdCH","???","1839. Т. 35. С. 7-11"
"R_905","C_259","Sovr","pos","1839. Т. 15. С. 61-62"
"R_907","C_259","CO","neg","1839. Т. 8. Отд. 4. С. 151-152"
"R_911","C_259","Sev_pchela","neg","1839. № 159. С. 635"
"R_914","C_260","OZ","pos","1839. Т. 6. Отд. 7. С. 1-13"
"R_915","C_260","CO","pos","1839. Т. 10. Отд. 4. С. 145-147"
"R_921","C_262","Sovr","neg","1839. Т. 15. С. 62"
"R_922","C_262","OZ","neg","1839. Т. 3. № 5. Отд. 7. С. 155"
"R_930","C_264","OZ","pos","1841. Т. 14. Отд. 6. С. 49"
"R_937","C_265","Sovr","neg","1840. Т. 17. С. 67"
"R_938","C_265","OZ","neg; отмечено, что за стихи выдает переделки песен (народных?)","1839. Т. 7. Отд. 7. С. 23-26"
"R_939","C_265","CO","neg","1839. Т. 11. Отд. 4. С. 41-42"
"R_945","C_266","Sovr","pos","1839. Т. 15. С. 61-62"
"R_946","C_266","OZ","neg","1839. Т. 3. № 5. Отд. 7. С. 156"
"R_947","C_266","CO","pos; сравнивают МС с англ. филологом самоучкой Ричардом Джонсом","1839. Т. 8. Отд. 4. С. 148-149"
"R_951","C_266","Sev_pchela","pos","1839. № 125. С. 498"
"R_953","C_269","Sovr","pos","1840. Т. 17. С. 65-67"
"R_954","C_269","OZ","pos","1839. Т. 6. Отд. 7. С. 148"
"R_955","C_269","CO","pos; но в целом отвратительно про поэток","1839. Т. 11. Отд. 4. С. 38-41"
"R_958","C_269","JMNP","pos","1840. Ч. 25. Отд. VI. С. 118-119, 122-124 -- Ф. Менцов"
"R_959","C_269","Sev_pchela","pos","1839. № 254. С. 1015"
"R_960","C_269","BdCH","pos","1839. Т. 37. С. 1-2"
"R_961","C_270","Sovr","neg","1839. Т. 15. С. 59-60"
"R_962","C_270","OZ","pos","1839. Т. 3. № 4. Отд. 7. С. 1-18"
"R_963","C_270","CO","pos","1839. Т. 8. Отд. 4. С. 73-78"
"R_967","C_270","Sev_pchela","pos","1839. № 80. С. 318-319 -- Ф. Б."
"R_969","C_274","Sovr","neg","1840. Т. 17. С. 67"
"R_970","C_274","OZ","neg","1839. Т. 6. Отд. 7. С. 144"
"R_971","C_274","CO","neg","1839. Т. 10. Отд. 4. С. 159-160"
"R_977","C_272","Sovr","neg","1840. Т. 17. С. 67"
"R_978","C_272","OZ","neg","1839. Т. 6. Отд. 7. С. 144"
"R_979","C_272","CO","neg","1839. Т. 10. Отд. 4. С. 159-160"
"R_985","C_273","Sovr","neg","1840. Т. 17. С. 67"
"R_986","C_273","OZ","neg","1839. Т. 6. Отд. 7. С. 144"
"R_987","C_273","CO","neg","1839. Т. 10. Отд. 4. С. 159-160"
"R_1002","C_277","OZ","???","1839. Т. 5. Отд. 7. С. 14-18"
"R_1009","C_285","Sovr","neg","1840. Т. 17. С. 67"
"R_1011","C_285","CO","neg; указ. автор как Жертсва Рогова(??)","1839. Т. 11. Отд. 4. С. 42"
"R_1018","C_286","OZ","neg","1839. Т. 4. Отд. 7. С. 106-108"
"R_1041","C_290","Sovr","neg","1839. Т. 14. С. 32-33"
"R_1042","C_290","OZ","???; иронично, стихотворение сравнивается с прозой ФБ","1839. Т. 2. № 3. Отд. 7. С. 145-148"
"R_1059","C_292","CO","neg","1839. Т. 11. Отд. 4. С. 115"
"R_1063","C_292","Sev_pchela","neg","1839. № 71. С. 283"
"R_1065","C_295","Sovr","neg","1839. Т. 15. С. 62"
"R_1066","C_295","OZ","neg","1839. Т. 3. № 5. Отд. 7. С. 155-156"
"R_1067","C_295","CO","neg; указан выход в 1840","1840. Т. 2. Кн. 4. С. 850-851"
"R_1073","C_296","Sovr","neg","1839. Т. 14. С. 32-33"
"R_1074","C_296","OZ","neg","1839. Т. 2. № 3. Отд. 7. С. 144-145"
"R_1082","C_298","OZ","neg","1839. Т. 5. Отд. 7. С. 10-14"
"R_1083","C_298","CO","pos","1839. Т. 10. Отд. 4. С. 60-61"
"R_1087","C_298","Sev_pchela","pos","1839. № 212. С. 847"
"R_1088","C_298","BdCH","neg","1838. Т. 30. С. 21-27"
"R_1090","C_299","OZ","pos","1839. Т. 5. Отд. 7. С. 1-10"
"R_1091","C_299","CO","pos; хвалят правительство, что белорусы вернулись к русскому языку, в конце пишут виват триаде","1839. Т. 10. Отд. 4. С. 59-60"
"R_1094","C_299","JMNP","pos","1839. Ч. 22. № 3. С. 74-82"
"R_1095","C_299","Sev_pchela","pos","1839. № 183. С. 731"
"R_1096","C_299","BdCH","pos; дифирамбы по поводу того, что прежде не говорящие по-русски ливонцы теперь пишут отлично","1839. Т. 36. С. 1-15"
"R_1097","C_300","Sovr","pos","1839. Т. 14. С. 30-31"
"R_1098","C_300","OZ","pos","1839. Т. 3. № 4. Отд. 7. С. 18-22"
"R_1099","C_300","CO","neg; ругают за отцветшие клише","1839. Т. 8. Отд. 4. С. 78-82"
"R_1103","C_300","Sev_pchela","pos","1839. № 67. С. 266-267"
"R_1105","C_301","Sovr","pos","1840. Т. 18. С. 145"
"R_1106","C_301","OZ","pos","1840. Т. 9. Отд. 6. С. 9-14"
"R_1107","C_301","CO","pos","1840. Т. 1. Кн. 4. С. 887-894"
"R_1110","C_301","JMNP","pos","1840. Ч. 25. Отд. VI. С. 110-113 -- Ф. Менцов"
"R_1111","C_301","Sev_pchela","pos","1840. № 67. С. 266-267 -- А. Чацкий"
"R_1112","C_301","BdCH","","1840. Т. 38. С. 27-29"
"R_1113","C_303","Sovr","neg","1840. Т. 19. С. 145"
"R_1114","C_303","OZ","neg","1840. Т. 10. Отд. 6. С. 10-12"
"R_1115","C_303","CO","neg","1840. Т. 2. Кн. 4. С. 851-852"
"R_1121","C_306","Sovr","neg","1840. Т. 19. С. 143"
"R_1122","C_306","OZ","neg","1840. Т. 9. Отд. 6. С. 39"
"R_1123","C_306","CO","neg","1840. Т. 2. Кн. 3. С. 612-613; СО. 1840. Т. 5. Кн. 19-20. С. 252-253"
"R_1129","C_312","Sovr","neg","1840. Т. 20. С. 97-98"
"R_1130","C_312","OZ","neg","1840. Т. 10. Отд. 6. С. 56"
"R_1131","C_312","CO","neg","1840. Т. 3. Кн. 2. С. 382-384"
"R_1136","C_312","BdCH","neg","1840. Т. 40. С. 10-12"
"R_1137","C_313","Sovr","neg","1840. Т. 20. С. 97-98"
"R_1138","C_313","OZ","neg","1840. Т. 10. Отд. 6. С. 52-53"
"R_1139","C_313","CO","neg","1840. Т. 3. Кн. 2. С. 379-382"
"R_1144","C_313","BdCH","???","1840. Т. 40. С. 9-10"
"R_1145","C_315","Sovr","pos","1841. Т. 21. С. 98-99"
"R_1146","C_315","OZ","pos","1840. Т. 13. Отд 6. С. 1-6; 1840. Т. 14. Отд. 5. С. 35-"
"R_1151","C_315","Sev_pchela","","1840. № 284. С. 1134-1135; № 285. С. 1138-1140 -- Л.Л."
"R_1152","C_315","BdCH","pos","1840. Т. 43. С. 1-13"
"R_1153","C_316","Sovr","","1840. Т. 18. С. 133-134"
"R_1154","C_316","OZ","neg","1840. Т. 9. Отд. 6. С. 8-9"
"R_1155","C_316","CO","pos","1840. Т. 1. Кн. 4. С. 884"
"R_1158","C_316","JMNP","pos","1840. Ч. 25. Отд. VI. С. 118-122 -- Ф. Менцов"
"R_1159","C_316","Sev_pchela","pos","1840. № 59. С. 234-235 -- Н.С."
"R_1160","C_316","BdCH","pos","1840. Т. 38. С. 29-31"
"R_1161","C_318","Sovr","neg","1840. Т. 19. С. 143"
"R_1162","C_318","OZ","neg","1840. Т. 10. Отд. 6. С. 16-17"
"R_1163","C_318","CO","neg","1840. Т. 2. Кн. 4. С. 849-850"
"R_1168","C_318","BdCH","neg","1840. Т. 40. С. 10"
"R_1169","C_319","Sovr","neg","1840. Т. 19. С. 143"
"R_1170","C_319","OZ","neg; сравнение с Кольцовым","1840. Т. 10. Отд. 6. С. 13-16"
"R_1171","C_319","CO","pos; занимательное рассуждение о том, что у Слепушкина поэзия не от сердца, как у Кольцова","1840. Т. 2. Кн. 3. С. 611-612"
"R_1175","C_319","Sev_pchela","pos","1840. № 135. С. 539 -- Л.Л."
"R_1177","C_320","Sovr","pos","1841. Т. 21. С. 114"
"R_1178","C_320","OZ","pos","1840. Т. 13. Отд. 6. С. 20-42"
"R_1184","C_320","BdCH","","1841. Т. 44. С. 1-4"
"R_1185","C_321","Sovr","neg","1840. Т. 20. С. 97-98"
"R_1186","C_321","OZ","neg","1840. Т. 12. Отд. 6. С. 51"
"R_1195","C_322","CO","neg","1840. Т. 5. Кн. 3-4. С. 475-479"
"R_1200","C_322","BdCH","neg","1840. Т. 43. С. 13"
"R_1201","C_324","Sovr","neg","1840. Т. 19. С. 143"
"R_1202","C_324","OZ","neg","1840. Т. 9. Отд. 6. С. 42"
"R_1209","C_325","Sovr","pos","1840. Т. 18. С. 145"
"R_1210","C_325","OZ","pos","1840. Т. 9. Отд. 6. С. 14-15"
"R_1211","C_325","CO","pos","1840. Т. 2. Кн. 1. С. 192-193"
"R_1215","C_325","Sev_pchela","neg","1840. № 108. С. 451"
"R_1219","C_327","CO","pos; указание на то, что Дерптские наборщини ни слова не понимали по русски","1840. Т. 2. Кн. 2. С. 403"
"R_1225","C_328","Sovr","neg","1840. Т. 20. С. 97-98"
"R_1226","C_328","OZ","neg","1840. Т. 11. Отд. 6. С. 41"
"R_1273","C_339","Sovr","pos","1840. Т. 17. С. 68-69"
"R_1274","C_339","OZ","pos","1839. Т. 7. Отд. 7. С. 3-15"
"R_1275","C_339","CO","pos","1840. Т. 1. Кн. 1. С. 171-173"
"R_1278","C_339","JMNP","pos","1840. Ч. 25. Отд. VI. С. 106-110 -- Ф. Менцов"
"R_1279","C_339","Sev_pchela","pos; отмечено, что было распродано 6т экз","1840. № 23. С. 91"
"R_1280","C_339","BdCH","pos","1840. Т. 38. С. 1-5"
"R_1282","C_340","OZ","neg","1840. Т. 13. Отд. 6. С. 28"
"R_1304","C_342","BdCH","","1835. Т. 10. С. 8-9"
"R_1310","C_343","JMNP","neg","1838. Ч. 20. № 12. С. 589"
"R_1312","C_343","BdCH","neg","1837. Т. 20. С. 37-38"
"R_1318","C_344","JMNP","pos","1839. Ч. 23. Отд. VI. С. 118"
"R_1319","C_344","Sev_pchela","pos","1837. № 214. 24 сент. С. 853-854 -- П.М."
"R_1320","C_344","BdCH","pos","1837. Т. 25. С. 48"
"R_1327","C_345","Sev_pchela","???; не говорится о стихах","1838. № 44. 22 фев. С. 167"
"R_1328","C_345","BdCH","neg","1838. Т. 28. С. 21-22"
"R_1336","C_348","BdCH","neg; указание на плагиат/перепечатки и небрежность изд.","1838. Т. 29. С. 23-24"
"R_1337","C_346","Sovr","neg","1838. Т. 11. С. 61-62"
"R_1344","C_346","BdCH","neg","1838. Т. 29. С. 27-28"
"R_1363","C_351","CO","pos","1839. Т. 10. Отд. 4. С. 145-147"
"R_1369","C_352","Sovr","pos","1840. Т. 19. С. 143-144"
"R_1370","C_352","OZ","pos","1840. Т. 10. Отд. 6. С. 8-9"
"R_1371","C_352","CO","neg","1840. Т. 2. Кн. 4. С. 833-836"
