"","source_id","type","class","book_title","city","publisher","year","volume","issue","n_texts","total_pages"
"1","C_101","book","col -- lyr","Сочинения Дмитрия Кашкина: В 3 т. Т. 1","М.","Степанова",1836,"","",47,"468"
"2","C_1027","book","col -- lyr","Стихотворения Н. Кожухова","М.","Ун. тип",1835,"","",5,"24"
"3","C_107","book","col -- lyr","Нравственные результаты XIX века, и стихотворения. Соч. Н. Лаврова","СПб.","Вингебера",1836,"","",17,"73"
"4","C_111","book","col -- lyr","Стихотворения Алексея Мейснера","М.","Семена",1836,"","",106,"270"
"5","C_112","book","col -- lyr","Кальян. Стихотворения Полежаева / Изд. 2","М.","Ун. тип",1838,"","",16,"131"
"6","C_113","book","col -- lyr","Песни, романсы и стихотворения А.П. / Изд. 2","М.","Кирилова",1836,"","",39,"95"
"7","C_114","book","col -- lyr","Время не праздно. Стихотворения крестьянина М. Суханова","СПб.","Вингебера",1836,"","",62,"112"
"8","C_115","book","col -- lyr","Мои сельские досуги","СПб.","Вингебера",1836,"","",70,"110"
"9","C_117","book","col -- lyr","Стихотворения Виктора Теплякова. Т. 2. Фракийские элегии. (Писаны в 1829-м г.). Стихотворения разных годов.","СПб.","Гутенбергова тип.",1836,"","",21,"194"
"10","C_118","book","col -- lyr","Стихотворения Христофора Тростина","М.","Ун. тип",1836,"","",10,"32"
"11","C_121","book","alm -- ","Маскерад. Подарок прекрасному полу на 1837 год","СПб.","Гинце",1836,"","",9,"35"
"12","C_122","book","col -- lyr","Мечты при луне. Стихотворения","М.","Кирилова",1836,"","",21,"27"
"13","C_124","book","col -- lyr","Надежда. Собрание сочинений в стихах и прозе / Изд. А. Кульчицкий [Студ. сб.]","Харьков","Ун. тип",1836,"","",31,"284"
"14","C_125","book","alm -- ","Мое новоселье. Альманах на 1836 год, изд. В. Крыловским","СПб.","Крылова",1836,"","",27,"206"
"15","C_128","book","col -- lyr","Басни Михайла Майкова","Ярославль","Губ. правления",1836,"","",12,"30"
"16","C_1292","book","sep -- lyr","Ек... Ив... Б.л.г.в.кой : Стихотворение","СПб.","Штаба отд. корп. внутр. стражи",1840,"","",1,"4"
"17","C_131","book","col -- lyr","Литературные занятия","СПб.","Акад. наук",1836,"","",25,"252"
"18","C_141","book","col -- lyr","Стихи Е. Бернета","СПб.","Снегирева",1837,"","",41,"167"
"19","C_142","book","col -- lyr","Поэтические очерки Украины, Одессы и Крыма: Письма в стихах к гр. В.П. З[авадскому], Ивана Бороздны","М.","Селивановского",1837,"","",12,"242"
"20","C_143","book","col -- lyr","И моя доля в сонетах. В 2 ч. Соч. Бутырского","СПб.","Вингебера",1837,"","",51,NA
"21","C_144","book","col -- lyr","Стихотворения А. Быстроглазова. В 2 ч. Ч. 1","СПб.","Вингебера",1837,"","",46,"154"
"22","C_145","book","col -- lyr","Стихотворения А. Быстроглазова. В 2 ч. Ч. 2","СПб.","Вингебера",1837,"","",51,"186"
"23","C_149","book","col -- lyr","Букет цветов или разные стихотворения, элегические романсы и песни для прекрасных девиц. Соч. С. Дьячковым","СПб.","Вингебера",1837,"","",10,"31"
"24","C_151","book","sep -- lyr","Ксантиппа : Экспромт : [В стихах]","СПб.","Морск. тип.",1837,"","",1,"4"
"25","C_153","book","col -- lyr","Стихотворения Виктора Кашаева","М.","Кирилова",1837,"","",20,"43"
"26","C_154","book","col -- lyr","Поэтические произведения А. Мартынова. В 3-х кн.","СПб.","Вингебера",1837,"","",57,"249"
"27","C_156","book","col -- lyr","Повести и мелкие стихотворения А. Подолинского. Ч. 2. Мелкие стихотворения","СПб.","А. Смирдина, И. Глазунова и Ко",1837,"","",47,"174"
"28","C_163","book","col -- lyr","Опыты. В 3 ч. Ч. 1. [Стихотворения]","СПб.","Н. Глазунова",1837,"","",6,"347"
"29","C_169","book","alm -- ","Альманах на 1838 год составленный из литературных трудов и проч. Владиславлева","СПб.","Воен. тип.",1838,"","",30,"352"
"30","C_173","book","col -- lyr","Мои пенаты: Стихотворения Пустельгина","СПб.","Крайя",1837,"","",4,"32"
"31","C_175","book","col -- lyr","Стихотворения молодого Черкеса","М.","Ун. тип",1837,"","",8,"20"
"32","C_180","book","col -- lyr","Цевница, на 1837 год. Соч. Шаршавого (Альманах)","СПб.","Вингебера",1837,"","",16,"206"
"33","C_190","book","col -- lyr","Полное собрание сочинений А. Марлинского. Ч. 11. Стихотворения и полемические статьи / Изд. 3-е","СПб.","III Отд. собств. Е.И.В. канц.",1838,"","",28,"354"
"34","C_192","book","col -- lyr","Стихотворения Александра Вердеревского","М.","Степанова",1838,"","",23,"65"
"35","C_194","book","alm -- ","Утренняя заря Альманах Владиславлева на 1839 год. 1-й год","СПб.","Фишера",1838,"","",43,"384"
"36","C_195","book","col -- lyr","Разные разности. Стихотворения М. Демидова","М.","Семена",1838,"","",40,"119"
"37","C_197","book","sep -- lyr","Взгляд на поэзию Феофила Доброхотова","М.","Семена",1838,"","",1,"24"
"38","C_200","book","col -- lyr","Стихи. Поэт и Мулла. Соч. Стахия Краснова [от поручика Краснова. 18 стр]","М.","Кирилова",1838,"","",1,"21"
"39","C_202","book","col -- lyr","Патриотические песни: С прил. нот для пения и фортепиано / Соч. Михаила Максимова / Изд. 3-е","СПб.","Глазунова",1838,"","",11,"36"
"40","C_203","book","col -- lyr","Мечты и были: В 3 ч. Ч. 1. Стихотворения","СПб.","Праца",1838,"","",17,"207"
"41","C_207","book","col -- lyr","Арфа: Стихотворения Александра Полежаева","М.","Кирилова",1838,"","",14,"109"
"42","C_208","book","col -- lyr","Стихотворения Д. Сушкова: Первая книжка","СПб.","Штаба отд. корп. внутр. стражи",1838,"","",27,"92"
"43","C_211","book","col -- lyr","Стихотворения, сочиненные девицей B.М.","СПб.","Глазунова",1838,"","",3,"11"
"44","C_234","book","col -- lyr","Плоды вечерних безделок, сочинение Ивана Раевича","М.","Евреинова",1838,"","",13,"77"
"45","C_240","book","col -- lyr","На все время и пора [Стихотворения]","СПб.","Неймана",1838,"","",39,"147"
"46","C_241","book","col -- lyr","Быль и заблуждение моего ума и сердца. Соч. Алексея Башкатова, в стихах и прозе","М.","Евреинова",1838,"","",69,"303"
"47","C_249","book","alm -- ","Сборник на 1838 год, составленный из литературных трудов: А.К. Бера, В.А. Владиславлева, Князя П.А. Вяземского, А.Н. Глинкиной, Ф.Н. Глинки, Е.П. Гребенки, Э.И. Губера, П.И. Каменского, И.И. Козлова, А.В. Козлова, Ф.А. Кони, А.Ф. Кораблинского, Н.В. Кукольника, М.М. Михайлова, Князя В.Ф. Одоевского <и мн. других>","СПб.","Воейкова и Ко",1838,"","",35,"321"
"48","C_252","book","sep -- lyr","Портрет Д. А. И. Р. Л. Соч. Василья Барановского","Одесса","Городская тип.",1838,"","",1,"3"
"49","C_257","book","col -- lyr","Стихотворения Николая Богданова","М.","Семена",1839,"","",24,"50"
"50","C_266","book","sep -- lyr","Мысль о бессмертии: [Стихотворение]","СПб.","Глазунова",1839,"","",1,"15"
"51","C_270","book","alm -- ","Новогодник, собрание сочинений в прозе и стихах, современных русских писателей изданный Н. Кукольником","СПб.","Изд. Энц. Лексик. А. Плюшара",1839,"","",27,"422"
"52","C_274","book","sep -- lyr","Гробница на востоке: Полуоткрытая тайна: [Стихотворение]","М.","Смирнова",1839,"","",1,"24"
"53","C_276","book","sep -- lyr","Стихотворение: Мысли при гробе Графа М.М. Сперанского","СПб.","Гутенбергова тип.",1839,"","",1,"3"
"54","C_277","book","col -- lyr","Опыты в стихах Н. Мягкова","СПб.","Акад. наук",1839,"","",20,"54"
"55","C_285","book","col -- lyr","Бородинские акростихи","М.","Семена",1839,"","",17,"24"
"56","C_287","book","sep -- lyr","Гимн на восшествие Государя Императора Николая 1-го на Всероссийский престол. Написана Хрисанфом Харинским","СПб.","Фишера",1839,"","",2,"16"
"57","C_288","book","sep -- lyr","Куплеты, петые в день юбилея пятидесятилетней службы Ивана Федоровича Крузенштерна, 21-го января 1839 года : (На голос Витгенштейнова марша: Защитника Петрова града)","СПб.","Греча",1839,"","",1,"3"
"58","C_289","book","sep -- lyr","Вице-адмиралу Крузенштерну в день его юбилея 21 генваря 1839 : [Стихи]","СПб.","Акад. наук",1839,"","",1,"2"
"59","C_291","book","sep -- lyr","В день заложения Храма Спасителя в Москве, 1839 года, 10 сентября. Соч. Шаховского","М.","Смирнова",1839,"","",1,"4"
"60","C_298","book","alm -- ","Невский альбом. Литературный сборник, издаваемый Николаем Бобылевым","СПб.","Штаба отд. корп. внутр. стражи",1839,"","",14,"366"
"61","C_299","book","alm -- ","Опыты в Русской Словесности воспитанников Гимназии Белорусского Учебного Округа. Напечатанные по приказанию Г. Министра Народного Просвещения","Вильно","Гликсберга",1839,"","",28,"530"
"62","C_300","book","alm -- ","Одесский Альманах, на 1839 год","Одесса","В город. т.",1839,"","",39,"618"
"63","C_301","book","alm -- ","Одесский Альманах, на 1840 год","Одесса","В город. т.",1840,"","",44,"708"
"64","C_306","book","sep -- lyr","Могила боярина Артамона Сергеевича Матвеева: [Стихотворение]","М.","Степанова",1840,"","",1,"24"
"65","C_312","book","col -- lyr","Дельные безделки: Стихотворения М. Демидова","М.","Семена",1840,"","",35,"121"
"66","C_315","book","col -- lyr","Стихотворения М. Лермонтова","СПб.","Глазунова и Ко",1840,"","",26,"168"
"67","C_316","book","col -- lyr","Мечты и звуки. Стихотворения Н.Н.","СПб.","Алипанова",1840,"","",45,"103"
"68","C_318","book","col -- lyr","Стихотворения Александра Папкевича","СПб.","3 Деп. М-ва гос. имуществ",1840,"","",5,"80"
"69","C_319","book","col -- lyr","Новые досуги Федора Слепушкина","СПб.","Акад. наук",1840,"","",13,"109"
"70","C_320","book","col -- lyr","Лирический пантеон. А.Ф.","М.","Селивановского",1840,"","",43,"109"
"71","C_324","book","col -- lyr","Три песни патриота","СПб.","3 Деп. М-ва гос. имуществ",1840,"","",3,"24"
"72","C_325","book","alm -- ","Невский альбом, издаваемый Николаем Бобылевым. Год второй. Т. 1.","СПб.","Воен. тип.",1840,"","",33,"334"
"73","C_327","book","col -- lyr","Лирические стихотворения и сказки","Дерпт","Лаакманна",1840,"","",62,"180"
"74","C_335","book","sep -- lyr","Царский цветник : Der Kaisergarten. Ein Gedicht von P. Obodofskoy. Uebers. [в стихах] von Karl Friedrich von Grossheinrich","СПб.","Глазунова и Ко",1840,"","",1,"21"
"75","C_343","book","col -- lyr","Рукописи из зеленого портфеля","М.","Семена",1836,"","",65,"182"
"76","C_344","book","col -- lyr","Опыт в стихах пятнадцатилетней девицы Елисаветы Шаховой : Писано в 1836 г.","СПб.","Вингебера",1837,"","",8,"23"
"77","C_352","book","alm -- ","Киевлянин на 1840 год. Книга I. Изд. Михаил Максимович","Киев","Ун. тип",1840,"","",19,"256"
"78","C_633","book","col -- lyr","Басни Ивана Крылова : В 8 кн. 30-я тысяча.","СПб.","Смирдина",1835,"","",186,"410"
"79","C_68","book","col -- lyr","Сочинения Е. Баратынского: В 2 ч.","М.","Семена",1835,"","",131,"189"
"80","C_69","book","col -- lyr","Сочинения Николая Венгера в стихах и прозе","М.","Селивановского",1835,"","",27,"68"
"81","C_691","book","sep -- lyr","На случай отправления гвардейского отряда в Калиш 14-26-го июля 1835-го года : Стихи сии написаны музыкантом лейб-гвардии Егер. полка Малышевым.","СПб.","druck. von C. Krav",1835,"","",1,"5"
"82","C_70","book","col -- lyr","Опыты в стихах Михаила Деларю","СПб.","Деп. внешней торговли",1835,"","",49,"152"
"83","C_71","book","col -- lyr","Стихотворения Алексея Зилова [Тетрадь 1-я]","М.","Лазаревых",1835,"","",51,"115"
"84","C_73","book","col -- lyr","Стихотворения Алексея Кольцова","М.","Степанова",1835,"","",18,"40"
"85","C_74","book","col -- lyr","Осенний вечер: [Сб. рассказов и стихов], изданный В. Лебедевым","СПб.","Вингебера",1835,"","",17,"238"
"86","C_75","book","col -- lyr","Стихотворения Михаила Меркли","М.","Степанова",1835,"","",45,"108"
"87","C_76","book","col -- lyr","Стихотворения Михаила Меркли / 2-е изд.","М.","Кирилова",1837,"","",48,"120"
"88","C_81","book","col -- lyr","Стихотворения Александра Пушкина. Ч. 4.","СПб.","Акад. наук",1835,"","",8,"189"
"89","C_83","book","col -- lyr","Сочинения и переводы в стихах С.Г.","Харьков","Ун. тип",1835,"","",19,"61"
"90","C_84","book","col -- lyr","Весенняя ветка. Стихотворения","СПб.","Крыловского",1835,"","",35,"70"
"91","C_85","book","col -- lyr","Песни: В 2 ч.","СПб.","Гинце",1835,"","",71,"178"
"92","C_86","book","sep -- lyr","На памятник Императору Александру I. Два стихотворения на Персидском и турецком языках Мирзы Джафара Топчибашева","СПб.","Акад. наук",1835,"","",2,"7"
"93","C_90","book","col -- lyr","Стихотворения Владимира Бенедиктова","СПб.","Вингебера",1835,"","",50,"106"
"94","C_900","book","col -- lyr","Минуты благоговения. Соч. Платона Семенова","СПб.","Плюшара",1835,"","",3,"29"
"95","C_901","book","sep -- lyr","Застольная песня","СПб.","",1840,"","",1,"1"
"96","C_91","book","col -- lyr","Стихотворения Василья Жуковского: В 8 ч. / Изд. 4-е. Т. 1. Орлеанская дева; лирические стихотворения","СПб.","Экс. загот. гос. бумаг",1835,"","",7,"292"
"97","C_92","book","col -- lyr","Стихотворения Василья Жуковского: В 8 ч. / Изд. 4-е. Т. 2. Романсы и песни. Элегии. Послания","СПб.","Экс. загот. гос. бумаг",1835,"","",61,"258"
"98","C_95","book","col -- lyr","Стихотворения Аполлона де ***","М.","Селивановского",1836,"","",21,"41"
"99","C_160","book","col -- lyr","Собрание различных стихотворений. Соч. Анны Смирновой. Изд. 1-е","СПб.","Вингебера",1837,"","",55,"145"
"100","C_185","book","col -- lyr","Сочинения Е.В.А…","СПб.","Вингебера",1838,"","",9,"24"
"101","C_204","book","col -- lyr","Стихи бедной девицы, слепой дочери деревенского пономаря, сообщенные в Императорскую Российскую Академию, и от ней изданные","СПб.","Акад. наук",1838,"","",6,"27"
"102","C_269","book","col -- lyr","Стихотворения Елизаветы Шаховой","СПб.","Акад. наук",1839,"","",26,"120"
"103","C_209","book","col -- lyr","Стихотворения Н. Тепловой. Изд. 2, умноженное","М.","Лазаревых",1838,"","",52,"78"
"104","C_264","book","col -- lyr","Полное собрание Русских, Немецких и Италиянских Стихотворений Елисаветы Кульман. Кн. 1. Пиитические опыты. Изд. 2-е","СПб.","Акад. наук",1839,"","",32,"207"
"105","Per_1","periodicals","","Сев_пч","СПб.","",1835,"","12",1,""
"106","Per_2","periodicals","","БдЧ","СПб.","",1835,"Т.8. Отд. 1","",9,""
"107","Per_3","periodicals","","БдЧ","СПб.","",1836,"Т. 16","",10,""
"108","Per_4","periodicals","","Совр","СПб.","",1838,"Т. 10. 3-ей паг","",11,""
"109","Per_5","periodicals","","Совр","СПб.","",1838,"Т. 11. 3-ей паг","",8,""
"110","Per_6","periodicals","","Совр","СПб.","",1838,"Т. 12. 3-ей паг","",10,""
"111","Per_7","periodicals","","Совр","СПб.","",1839,"Т. 13. 1-ой паг","",6,""
"112","Per_8","periodicals","","Совр","СПб.","",1839,"Т. 13. 2-ой паг","",10,""
"113","Per_9","periodicals","","Совр","СПб.","",1839,"Т. 14. 3-ей паг","",16,""
"114","Per_10","periodicals","","Совр","СПб.","",1839,"Т. 15. 3-ей паг","",13,""
"115","Per_11","periodicals","","Совр","СПб.","",1839,"Т. 16. 3-ей паг","",3,""
"116","Per_12","periodicals","","Совр","СПб.","",1840,"Т. 17. 1-й паг","",1,""
"117","Per_13","periodicals","","Совр","СПб.","",1840,"Т. 17. 3-ей паг","",12,""
"118","Per_14","periodicals","","Совр","СПб.","",1840,"Т. 18. 3-ей паг","",6,""
"119","Per_15","periodicals","","БдЧ","СПб.","",1836,"Т. 17","",7,""
"120","Per_16","periodicals","","Совр","СПб.","",1840,"Т. 19. 3ей паг","",5,""
"121","Per_17","periodicals","","Совр","СПб.","",1840,"Т. 20. 1ой паг","",2,""
"122","Per_18","periodicals","","Совр","СПб.","",1840,"Т. 20. 3ей паг","",7,""
"123","Per_19","periodicals","","ОЗ","СПб.","",1839,"Т. 4. Отд. 3","",1,""
"124","Per_20","periodicals","","ОЗ","СПб.","",1839,"Т. 4. Отд. 4","",7,""
"125","Per_21","periodicals","","ОЗ","СПб.","",1839,"Т. 5. Отд. 3","",8,""
"126","Per_22","periodicals","","ОЗ","СПб.","",1839,"Т. 6. Отд. 6","",10,""
"127","Per_23","periodicals","","ОЗ","СПб.","",1839,"Т. 7. Отд. 3","",7,""
"128","Per_24","periodicals","","ОЗ","СПб.","",1840,"Т. 8. Отд. 3","",14,""
"129","Per_25","periodicals","","ОЗ","СПб.","",1840,"Т. 9. Отд. 3","",17,""
"130","Per_26","periodicals","","БдЧ","СПб.","",1836,"Т. 18","",8,""
"131","Per_27","periodicals","","ОЗ","СПб.","",1840,"Т. 10. Отд. 3","",19,""
"132","Per_28","periodicals","","ОЗ","СПб.","",1840,"Т. 11. Отд. 3","",15,""
"133","Per_29","periodicals","","ОЗ","СПб.","",1840,"Т. 12. Отд. 3","",17,""
"134","Per_30","periodicals","","ОЗ","СПб.","",1840,"Т. 13. Отд. 3","",18,""
"135","Per_31","periodicals","","БдЧ","СПб.","",1836,"Т. 19.","",5,""
"136","Per_32","periodicals","","ЛПРИ","СПб.","",1835,"Ч. 17","1",2,""
"137","Per_33","periodicals","","ЛПРИ","СПб.","",1835,"Ч. 17","",1,""
"138","Per_34","periodicals","","ЛПРИ","СПб.","",1835,"Ч. 17","2",1,""
"139","Per_35","periodicals","","ЛПРИ","СПб.","",1835,"Ч. 17","3",1,""
"140","Per_36","periodicals","","ЛПРИ","СПб.","",1835,"Ч. 17","4",2,""
"141","Per_37","periodicals","","ЛПРИ","СПб.","",1835,"Ч. 17","5",2,""
"142","Per_38","periodicals","","БдЧ","СПб.","",1836,"Т. 19","",6,""
"143","Per_39","periodicals","","ЛПРИ","СПб.","",1835,"Ч. 17","7",3,""
"144","Per_40","periodicals","","ЛПРИ","СПб.","",1835,"Ч. 17","8",2,""
"145","Per_41","periodicals","","ЛПРИ","СПб.","",1835,"Ч. 17","9",3,""
"146","Per_42","periodicals","","ЛПРИ","СПб.","",1835,"Ч. 17","10",2,""
"147","Per_43","periodicals","","ЛПРИ","СПб.","",1835,"Ч. 17","11",2,""
"148","Per_44","periodicals","","ЛПРИ","СПб.","",1835,"Ч. 17","12",1,""
"149","Per_45","periodicals","","ЛПРИ","СПб.","",1835,"Ч. 17","13",2,""
"150","Per_46","periodicals","","ЛПРИ","СПб.","",1835,"Ч. 17","14",2,""
"151","Per_47","periodicals","","ЛПРИ","СПб.","",1835,"Ч. 17","15",2,""
"152","Per_48","periodicals","","ЛПРИ","СПб.","",1835,"Ч. 17","16",1,""
"153","Per_49","periodicals","","ЛПРИ","СПб.","",1835,"Ч. 17","17",2,""
"154","Per_50","periodicals","","ЛПРИ","СПб.","",1835,"Ч. 17","18",2,""
"155","Per_51","periodicals","","ЛПРИ","СПб.","",1835,"Ч. 17","19",2,""
"156","Per_52","periodicals","","ЛПРИ","СПб.","",1835,"Ч. 17","20",1,""
"157","Per_53","periodicals","","ЛПРИ","СПб.","",1835,"Ч. 17","21",2,""
"158","Per_54","periodicals","","ЛПРИ","СПб.","",1835,"Ч. 17","22",1,""
"159","Per_55","periodicals","","ЛПРИ","СПб.","",1835,"Ч. 17","23",2,""
"160","Per_56","periodicals","","ЛПРИ","СПб.","",1835,"Ч. 17","24",1,""
"161","Per_57","periodicals","","ЛПРИ","СПб.","",1835,"Ч. 17","25",2,""
"162","Per_58","periodicals","","ЛПРИ","СПб.","",1835,"Ч. 17","26",1,""
"163","Per_59","periodicals","","ЛПРИ","СПб.","",1835,"Ч. 18","28-29",2,""
"164","Per_60","periodicals","","ЛПРИ","СПб.","",1835,"Ч. 18","30",1,""
"165","Per_61","periodicals","","ЛПРИ","СПб.","",1835,"Ч. 18","31",2,""
"166","Per_62","periodicals","","ЛПРИ","СПб.","",1835,"Ч. 18","32",1,""
"167","Per_63","periodicals","","ЛПРИ","СПб.","",1835,"Ч. 18","33",2,""
"168","Per_64","periodicals","","ЛПРИ","СПб.","",1835,"Ч. 18","34",1,""
"169","Per_65","periodicals","","ЛПРИ","СПб.","",1835,"Ч. 18","35",2,""
"170","Per_66","periodicals","","ЛПРИ","СПб.","",1835,"Ч. 18","36",1,""
"171","Per_67","periodicals","","ЛПРИ","СПб.","",1835,"Ч. 18","37",2,""
"172","Per_68","periodicals","","ЛПРИ","СПб.","",1835,"Ч. 18","38",1,""
"173","Per_69","periodicals","","ЛПРИ","СПб.","",1835,"Ч. 18","39",2,""
"174","Per_70","periodicals","","ЛПРИ","СПб.","",1835,"Ч. 18","40",1,""
"175","Per_71","periodicals","","ЛПРИ","СПб.","",1835,"Ч. 18","41",2,""
"176","Per_72","periodicals","","ЛПРИ","СПб.","",1835,"Ч. 18","42",1,""
"177","Per_73","periodicals","","ЛПРИ","СПб.","",1835,"Ч. 18","43",2,""
"178","Per_74","periodicals","","ЛПРИ","СПб.","",1835,"Ч. 18","44",2,""
"179","Per_75","periodicals","","ЛПРИ","СПб.","",1835,"Ч. 18","45-46",2,""
"180","Per_76","periodicals","","ЛПРИ","СПб.","",1835,"Ч. 18","47",2,""
"181","Per_77","periodicals","","ЛПРИ","СПб.","",1835,"Ч. 18","48",1,""
"182","Per_78","periodicals","","ЛПРИ","СПб.","",1835,"Ч. 18","49",2,""
"183","Per_79","periodicals","","ЛПРИ","СПб.","",1835,"Ч. 18","50",1,""
"184","Per_80","periodicals","","ЛПРИ","СПб.","",1835,"Ч. 18","51",2,""
"185","Per_81","periodicals","","ЛПРИ","СПб.","",1835,"Ч. 18","52",1,""
"186","Per_82","periodicals","","ЛПРИ","СПб.","",1835,"Ч. 19","53",1,""
"187","Per_83","periodicals","","ЛПРИ","СПб.","",1835,"Ч. 19","54",1,""
"188","Per_84","periodicals","","ЛПРИ","СПб.","",1835,"Ч. 19","55",2,""
"189","Per_85","periodicals","","ЛПРИ","СПб.","",1835,"Ч. 19","56",1,""
"190","Per_86","periodicals","","ЛПРИ","СПб.","",1835,"Ч. 19","57",2,""
"191","Per_87","periodicals","","ЛПРИ","СПб.","",1835,"Ч. 19","58",2,""
"192","Per_88","periodicals","","ЛПРИ","СПб.","",1835,"Ч. 19","59",2,""
"193","Per_89","periodicals","","ЛПРИ","СПб.","",1835,"Ч. 19","60",1,""
"194","Per_90","periodicals","","ЛПРИ","СПб.","",1835,"Ч. 19","61",2,""
"195","Per_91","periodicals","","ЛПРИ","СПб.","",1835,"Ч. 19","62",1,""
"196","Per_92","periodicals","","ЛПРИ","СПб.","",1835,"Ч. 19","63",3,""
"197","Per_93","periodicals","","БдЧ","СПб.","",1837,"Т. 20","",11,""
"198","Per_94","periodicals","","ЛПРИ","СПб.","",1835,"Ч. 19","64",1,""
"199","Per_95","periodicals","","ЛПРИ","СПб.","",1835,"Ч. 19","65",1,""
"200","Per_96","periodicals","","ЛПРИ","СПб.","",1835,"Ч. 19","66",2,""
"201","Per_97","periodicals","","ЛПРИ","СПб.","",1835,"Ч. 19","67",1,""
"202","Per_98","periodicals","","ЛПРИ","СПб.","",1835,"Ч. 19","68",2,""
"203","Per_99","periodicals","","ЛПРИ","СПб.","",1835,"Ч. 19","69",1,""
"204","Per_100","periodicals","","ЛПРИ","СПб.","",1835,"Ч. 19","70",2,""
"205","Per_101","periodicals","","ЛПРИ","СПб.","",1835,"Ч. 19","71",1,""
"206","Per_102","periodicals","","ЛПРИ","СПб.","",1835,"Ч. 19","72",2,""
"207","Per_103","periodicals","","ЛПРИ","СПб.","",1835,"Ч. 19","73",1,""
"208","Per_104","periodicals","","ЛПРИ","СПб.","",1835,"Ч. 19","75",2,""
"209","Per_105","periodicals","","ЛПРИ","СПб.","",1835,"Ч. 19","76",1,""
"210","Per_106","periodicals","","ЛПРИ","СПб.","",1835,"Ч. 19","77",2,""
"211","Per_107","periodicals","","ЛПРИ","СПб.","",1835,"Ч. 19","78",1,""
"212","Per_108","periodicals","","ЛПРИ","СПб.","",1835,"Ч. 20","79",2,""
"213","Per_109","periodicals","","ЛПРИ","СПб.","",1835,"Ч. 20","81",2,""
"214","Per_110","periodicals","","ЛПРИ","СПб.","",1835,"Ч. 20","82",1,""
"215","Per_111","periodicals","","ЛПРИ","СПб.","",1835,"Ч. 20","83",2,""
"216","Per_112","periodicals","","ЛПРИ","СПб.","",1835,"Ч. 20","84",1,""
"217","Per_113","periodicals","","ЛПРИ","СПб.","",1835,"Ч. 20","85",2,""
"218","Per_114","periodicals","","ЛПРИ","СПб.","",1835,"Ч. 20","86",1,""
"219","Per_115","periodicals","","ЛПРИ","СПб.","",1835,"Ч. 20","87",2,""
"220","Per_116","periodicals","","ЛПРИ","СПб.","",1835,"Ч. 20","88",1,""
"221","Per_117","periodicals","","ЛПРИ","СПб.","",1835,"Ч. 20","89",2,""
"222","Per_118","periodicals","","ЛПРИ","СПб.","",1835,"Ч. 20","90",1,""
"223","Per_119","periodicals","","ЛПРИ","СПб.","",1835,"Ч. 20","91",2,""
"224","Per_120","periodicals","","ЛПРИ","СПб.","",1835,"Ч. 20","92",1,""
"225","Per_121","periodicals","","ЛПРИ","СПб.","",1835,"Ч. 20","93",2,""
"226","Per_122","periodicals","","ЛПРИ","СПб.","",1835,"Ч. 20","94",1,""
"227","Per_123","periodicals","","ЛПРИ","СПб.","",1835,"Ч. 20","95",2,""
"228","Per_124","periodicals","","ЛПРИ","СПб.","",1835,"Ч. 20","97",2,""
"229","Per_125","periodicals","","ЛПРИ","СПб.","",1835,"Ч. 20","98",1,""
"230","Per_126","periodicals","","ЛПРИ","СПб.","",1835,"Ч. 20","99",2,""
"231","Per_127","periodicals","","ЛПРИ","СПб.","",1835,"Ч. 20","100",1,""
"232","Per_128","periodicals","","ЛПРИ","СПб.","",1835,"Ч. 20","101",2,""
"233","Per_129","periodicals","","ЛПРИ","СПб.","",1835,"Ч. 20","104",1,""
"234","Per_130","periodicals","","ЛПРИ","СПб.","",1836,"Ч. 21","1",3,""
"235","Per_131","periodicals","","ЛПРИ","СПб.","",1836,"Ч. 21","2",1,""
"236","Per_132","periodicals","","ЛПРИ","СПб.","",1836,"Ч. 21","3",2,""
"237","Per_133","periodicals","","ЛПРИ","СПб.","",1836,"Ч. 21","4",1,""
"238","Per_134","periodicals","","ЛПРИ","СПб.","",1836,"Ч. 21","5",2,""
"239","Per_135","periodicals","","ЛПРИ","СПб.","",1836,"Ч. 21","7",1,""
"240","Per_136","periodicals","","ЛПРИ","СПб.","",1836,"Ч. 21","8",3,""
"241","Per_137","periodicals","","ЛПРИ","СПб.","",1836,"Ч. 21","9",1,""
"242","Per_138","periodicals","","ЛПРИ","СПб.","",1836,"Ч. 21","10",2,""
"243","Per_139","periodicals","","ЛПРИ","СПб.","",1836,"Ч. 21","11-12",1,""
"244","Per_140","periodicals","","ЛПРИ","СПб.","",1836,"Ч. 21","13",1,""
"245","Per_141","periodicals","","ЛПРИ","СПб.","",1836,"Ч. 21","14",2,""
"246","Per_142","periodicals","","ЛПРИ","СПб.","",1836,"Ч. 21","15",1,""
"247","Per_143","periodicals","","ЛПРИ","СПб.","",1836,"Ч. 21","16",2,""
"248","Per_144","periodicals","","ЛПРИ","СПб.","",1836,"Ч. 21","17",1,""
"249","Per_145","periodicals","","ЛПРИ","СПб.","",1836,"Ч. 21","18",2,""
"250","Per_146","periodicals","","ЛПРИ","СПб.","",1836,"Ч. 21","19",1,""
"251","Per_147","periodicals","","ЛПРИ","СПб.","",1836,"Ч. 21","21",1,""
"252","Per_148","periodicals","","ЛПРИ","СПб.","",1836,"Ч. 21","22",2,""
"253","Per_149","periodicals","","ЛПРИ","СПб.","",1836,"Ч. 21","23",1,""
"254","Per_150","periodicals","","ЛПРИ","СПб.","",1836,"Ч. 21","24",2,""
"255","Per_151","periodicals","","ЛПРИ","СПб.","",1836,"Ч. 21","25",1,""
"256","Per_152","periodicals","","ЛПРИ","СПб.","",1836,"Ч. 21","26",2,""
"257","Per_153","periodicals","","ЛПРИ","СПб.","",1836,"Ч. 22","27-28",2,""
"258","Per_154","periodicals","","ЛПРИ","СПб.","",1836,"Ч. 22","29",1,""
"259","Per_155","periodicals","","ЛПРИ","СПб.","",1836,"Ч. 22","30",2,""
"260","Per_156","periodicals","","ЛПРИ","СПб.","",1836,"Ч. 22","32",1,""
"261","Per_157","periodicals","","ЛПРИ","СПб.","",1836,"Ч. 22","33",1,""
"262","Per_158","periodicals","","ЛПРИ","СПб.","",1836,"Ч. 22","34",1,""
"263","Per_159","periodicals","","ЛПРИ","СПб.","",1836,"Ч. 22","38",1,""
"264","Per_160","periodicals","","ЛПРИ","СПб.","",1836,"Ч. 22","39",1,""
"265","Per_161","periodicals","","ЛПРИ","СПб.","",1836,"Ч. 22","40",1,""
"266","Per_162","periodicals","","ЛПРИ","СПб.","",1836,"Ч. 22","41",2,""
"267","Per_163","periodicals","","ЛПРИ","СПб.","",1836,"Ч. 22","42",1,""
"268","Per_164","periodicals","","ЛПРИ","СПб.","",1836,"Ч. 22","43",2,""
"269","Per_165","periodicals","","ЛПРИ","СПб.","",1836,"Ч. 22","45",1,""
"270","Per_166","periodicals","","БдЧ","СПб.","",1837,"Т. 21","",17,""
"271","Per_167","periodicals","","ЛПРИ","СПб.","",1836,"Ч. 22","46",1,""
"272","Per_168","periodicals","","ЛПРИ","СПб.","",1836,"Ч. 22","47",2,""
"273","Per_169","periodicals","","ЛПРИ","СПб.","",1836,"Ч. 22","48",1,""
"274","Per_170","periodicals","","ЛПРИ","СПб.","",1836,"Ч. 22","49-50",2,""
"275","Per_171","periodicals","","ЛПРИ","СПб.","",1836,"Ч. 22","51",2,""
"276","Per_172","periodicals","","ЛПРИ","СПб.","",1836,"Ч. 22","52",1,""
"277","Per_173","periodicals","","ЛПРИ","СПб.","",1836,"Ч. 23","53",2,""
"278","Per_174","periodicals","","ЛПРИ","СПб.","",1836,"Ч. 23","54",1,""
"279","Per_175","periodicals","","ЛПРИ","СПб.","",1836,"Ч. 23","55",4,""
"280","Per_176","periodicals","","ЛПРИ","СПб.","",1836,"Ч. 23","56",1,""
"281","Per_177","periodicals","","ЛПРИ","СПб.","",1836,"Ч. 23","58",2,""
"282","Per_178","periodicals","","ЛПРИ","СПб.","",1836,"Ч. 23","59-60",2,""
"283","Per_179","periodicals","","ЛПРИ","СПб.","",1836,"Ч. 23","61",1,""
"284","Per_180","periodicals","","ЛПРИ","СПб.","",1836,"Ч. 23","63",1,""
"285","Per_181","periodicals","","ЛПРИ","СПб.","",1836,"Ч. 23","64-65",2,""
"286","Per_182","periodicals","","ЛПРИ","СПб.","",1836,"Ч. 23","66",2,""
"287","Per_183","periodicals","","ЛПРИ","СПб.","",1836,"Ч. 23","68",1,""
"288","Per_184","periodicals","","ЛПРИ","СПб.","",1836,"Ч. 23","69",1,""
"289","Per_185","periodicals","","ЛПРИ","СПб.","",1836,"Ч. 23","70",1,""
"290","Per_186","periodicals","","ЛПРИ","СПб.","",1836,"Ч. 23","71",1,""
"291","Per_187","periodicals","","ЛПРИ","СПб.","",1836,"Ч. 23","72",2,""
"292","Per_188","periodicals","","ЛПРИ","СПб.","",1836,"Ч. 23","74",2,""
"293","Per_189","periodicals","","ЛПРИ","СПб.","",1836,"Ч. 23","75",1,""
"294","Per_190","periodicals","","ЛПРИ","СПб.","",1836,"Ч. 23","76",2,""
"295","Per_191","periodicals","","ЛПРИ","СПб.","",1836,"Ч. 23","78",1,""
"296","Per_192","periodicals","","ЛПРИ","СПб.","",1836,"Ч. 24","79-80",2,""
"297","Per_193","periodicals","","ЛПРИ","СПб.","",1836,"Ч. 24","82",1,""
"298","Per_194","periodicals","","ЛПРИ","СПб.","",1836,"Ч. 24","84-85",2,""
"299","Per_195","periodicals","","ЛПРИ","СПб.","",1836,"Ч. 24","88-89",2,""
"300","Per_196","periodicals","","ЛПРИ","СПб.","",1836,"Ч. 24","90-91",2,""
"301","Per_197","periodicals","","ЛПРИ","СПб.","",1836,"Ч. 24","96",2,""
"302","Per_198","periodicals","","ЛПРИ","СПб.","",1836,"Ч. 24","101-102",1,""
"303","Per_199","periodicals","","ЛПРИ","СПб.","",1836,"Ч. 24","103-104",2,""
"304","Per_200","periodicals","","ЛПРИ","СПб.","",1837,"","1",1,""
"305","Per_201","periodicals","","ЛПРИ","СПб.","",1837,"","2",3,""
"306","Per_202","periodicals","","ЛПРИ","СПб.","",1837,"","5",2,""
"307","Per_203","periodicals","","ЛПРИ","СПб.","",1837,"","9",2,""
"308","Per_204","periodicals","","ЛПРИ","СПб.","",1837,"","10",2,""
"309","Per_205","periodicals","","ЛПРИ","СПб.","",1837,"","11",2,""
"310","Per_206","periodicals","","ЛПРИ","СПб.","",1837,"","12",1,""
"311","Per_207","periodicals","","ЛПРИ","СПб.","",1837,"","13",3,""
"312","Per_208","periodicals","","ЛПРИ","СПб.","",1837,"","15",2,""
"313","Per_209","periodicals","","ЛПРИ","СПб.","",1837,"","18",2,""
"314","Per_210","periodicals","","ЛПРИ","СПб.","",1837,"","19",1,""
"315","Per_211","periodicals","","ЛПРИ","СПб.","",1837,"","20",1,""
"316","Per_212","periodicals","","ЛПРИ","СПб.","",1837,"","21",2,""
"317","Per_213","periodicals","","ЛПРИ","СПб.","",1837,"","22",2,""
"318","Per_214","periodicals","","ЛПРИ","СПб.","",1837,"","23",2,""
"319","Per_215","periodicals","","ЛПРИ","СПб.","",1837,"","26",2,""
"320","Per_216","periodicals","","ЛПРИ","СПб.","",1837,"","27",3,""
"321","Per_217","periodicals","","ЛПРИ","СПб.","",1837,"","28",3,""
"322","Per_218","periodicals","","ЛПРИ","СПб.","",1837,"","29",1,""
"323","Per_219","periodicals","","ЛПРИ","СПб.","",1837,"","30",2,""
"324","Per_220","periodicals","","ЛПРИ","СПб.","",1837,"","31",1,""
"325","Per_221","periodicals","","ЛПРИ","СПб.","",1837,"","33",2,""
"326","Per_222","periodicals","","ЛПРИ","СПб.","",1837,"","34",1,""
"327","Per_223","periodicals","","ЛПРИ","СПб.","",1837,"","35",1,""
"328","Per_224","periodicals","","ЛПРИ","СПб.","",1837,"","36",4,""
"329","Per_225","periodicals","","ЛПРИ","СПб.","",1837,"","37",2,""
"330","Per_226","periodicals","","ЛПРИ","СПб.","",1837,"","38",2,""
"331","Per_227","periodicals","","ЛПРИ","СПб.","",1837,"","40",1,""
"332","Per_228","periodicals","","ЛПРИ","СПб.","",1837,"","41",1,""
"333","Per_229","periodicals","","ЛПРИ","СПб.","",1837,"","42",1,""
"334","Per_230","periodicals","","ЛПРИ","СПб.","",1837,"","44",2,""
"335","Per_231","periodicals","","ЛПРИ","СПб.","",1837,"","45",3,""
"336","Per_232","periodicals","","ЛПРИ","СПб.","",1837,"","46",2,""
"337","Per_233","periodicals","","ЛПРИ","СПб.","",1837,"","48",1,""
"338","Per_234","periodicals","","ЛПРИ","СПб.","",1837,"","49",1,""
"339","Per_235","periodicals","","ЛПРИ","СПб.","",1837,"","50",2,""
"340","Per_236","periodicals","","ЛПРИ","СПб.","",1837,"","52",3,""
"341","Per_237","periodicals","","ЛПРИ","СПб.","",1838,"","1",1,""
"342","Per_238","periodicals","","ЛПРИ","СПб.","",1838,"","2",1,""
"343","Per_239","periodicals","","ЛПРИ","СПб.","",1838,"","4",1,""
"344","Per_240","periodicals","","ЛПРИ","СПб.","",1838,"","5",2,""
"345","Per_241","periodicals","","ЛПРИ","СПб.","",1838,"","6",2,""
"346","Per_242","periodicals","","ЛПРИ","СПб.","",1838,"","7",3,""
"347","Per_243","periodicals","","ЛПРИ","СПб.","",1838,"","8",1,""
"348","Per_244","periodicals","","ЛПРИ","СПб.","",1838,"","9",2,""
"349","Per_245","periodicals","","ЛПРИ","СПб.","",1838,"","10",2,""
"350","Per_246","periodicals","","ЛПРИ","СПб.","",1838,"","11",2,""
"351","Per_247","periodicals","","ЛПРИ","СПб.","",1838,"","12",3,""
"352","Per_248","periodicals","","ЛПРИ","СПб.","",1838,"","13",3,""
"353","Per_249","periodicals","","ЛПРИ","СПб.","",1838,"","15",3,""
"354","Per_250","periodicals","","ЛПРИ","СПб.","",1838,"","16",2,""
"355","Per_251","periodicals","","ЛПРИ","СПб.","",1838,"","17",3,""
"356","Per_252","periodicals","","ЛПРИ","СПб.","",1838,"","19",2,""
"357","Per_253","periodicals","","БдЧ","СПб.","",1837,"Т. 22","",7,""
"358","Per_254","periodicals","","ЛПРИ","СПб.","",1838,"","20",4,""
"359","Per_255","periodicals","","ЛПРИ","СПб.","",1838,"","21",4,""
"360","Per_256","periodicals","","ЛПРИ","СПб.","",1838,"","22",3,""
"361","Per_257","periodicals","","ЛПРИ","СПб.","",1838,"","23",3,""
"362","Per_258","periodicals","","ЛПРИ","СПб.","",1838,"","24",3,""
"363","Per_259","periodicals","","ЛПРИ","СПб.","",1838,"","25",3,""
"364","Per_260","periodicals","","ЛПРИ","СПб.","",1838,"","26",2,""
"365","Per_261","periodicals","","ЛПРИ","СПб.","",1838,"","27",1,""
"366","Per_262","periodicals","","ЛПРИ","СПб.","",1838,"","29",2,""
"367","Per_263","periodicals","","ЛПРИ","СПб.","",1838,"","30",2,""
"368","Per_264","periodicals","","ЛПРИ","СПб.","",1838,"","31",1,""
"369","Per_265","periodicals","","ЛПРИ","СПб.","",1838,"","32",2,""
"370","Per_266","periodicals","","ЛПРИ","СПб.","",1838,"","34",2,""
"371","Per_267","periodicals","","ЛПРИ","СПб.","",1838,"","35",2,""
"372","Per_268","periodicals","","ЛПРИ","СПб.","",1838,"","36",2,""
"373","Per_269","periodicals","","ЛПРИ","СПб.","",1838,"","37",1,""
"374","Per_270","periodicals","","ЛПРИ","СПб.","",1838,"","38",1,""
"375","Per_271","periodicals","","ЛПРИ","СПб.","",1838,"","40",2,""
"376","Per_272","periodicals","","ЛПРИ","СПб.","",1838,"","41",3,""
"377","Per_273","periodicals","","ЛПРИ","СПб.","",1838,"","42",2,""
"378","Per_274","periodicals","","ЛПРИ","СПб.","",1838,"","43",1,""
"379","Per_275","periodicals","","ЛПРИ","СПб.","",1838,"","44",2,""
"380","Per_276","periodicals","","ЛПРИ","СПб.","",1838,"","45",1,""
"381","Per_277","periodicals","","ЛПРИ","СПб.","",1838,"","46",1,""
"382","Per_278","periodicals","","ЛПРИ","СПб.","",1838,"","47",2,""
"383","Per_279","periodicals","","ЛПРИ","СПб.","",1838,"","49",2,""
"384","Per_280","periodicals","","ЛПРИ","СПб.","",1838,"","50",1,""
"385","Per_281","periodicals","","ЛПРИ","СПб.","",1838,"","51",2,""
"386","Per_282","periodicals","","ЛПРИ","СПб.","",1838,"","52",1,""
"387","Per_283","periodicals","","ЛПРИ","СПб.","",1839,"Т. 1","1",2,""
"388","Per_284","periodicals","","ЛПРИ","СПб.","",1839,"Т. 1","2",1,""
"389","Per_285","periodicals","","ЛПРИ","СПб.","",1839,"Т. 1","3",1,""
"390","Per_286","periodicals","","ЛПРИ","СПб.","",1839,"Т. 1","4",2,""
"391","Per_287","periodicals","","ЛПРИ","СПб.","",1839,"Т. 1","5",1,""
"392","Per_288","periodicals","","ЛПРИ","СПб.","",1839,"Т. 1","6",1,""
"393","Per_289","periodicals","","ЛПРИ","СПб.","",1839,"Т. 1","7",1,""
"394","Per_290","periodicals","","БдЧ","СПб.","",1837,"Т. 23","",13,""
"395","Per_291","periodicals","","ЛПРИ","СПб.","",1839,"Т. 1","8",2,""
"396","Per_292","periodicals","","ЛПРИ","СПб.","",1839,"Т. 1","9",1,""
"397","Per_293","periodicals","","ЛПРИ","СПб.","",1839,"Т. 1","10",1,""
"398","Per_294","periodicals","","ЛПРИ","СПб.","",1839,"Т. 1","11",1,""
"399","Per_295","periodicals","","ЛПРИ","СПб.","",1839,"Т. 1","12",1,""
"400","Per_296","periodicals","","ЛПРИ","СПб.","",1839,"Т. 1","13",2,""
"401","Per_297","periodicals","","ЛПРИ","СПб.","",1839,"Т. 1","14",1,""
"402","Per_298","periodicals","","ЛПРИ","СПб.","",1839,"Т. 1","15",2,""
"403","Per_299","periodicals","","БдЧ","СПб.","",1835,"Т.9. Отд. 1","",21,""
"404","Per_300","periodicals","","ЛПРИ","СПб.","",1839,"Т. 1","16",2,""
"405","Per_301","periodicals","","ЛПРИ","СПб.","",1839,"Т. 1","17",1,""
"406","Per_302","periodicals","","ЛПРИ","СПб.","",1839,"Т. 1","18",2,""
"407","Per_303","periodicals","","ЛПРИ","СПб.","",1839,"Т. 1","19",2,""
"408","Per_304","periodicals","","ЛПРИ","СПб.","",1839,"Т. 1","20",1,""
"409","Per_305","periodicals","","ЛПРИ","СПб.","",1839,"Т. 1","21",1,""
"410","Per_306","periodicals","","ЛПРИ","СПб.","",1839,"Т. 1","23",2,""
"411","Per_307","periodicals","","ЛПРИ","СПб.","",1839,"Т. 1","24",2,""
"412","Per_308","periodicals","","ЛПРИ","СПб.","",1839,"Т. 1","25",2,""
"413","Per_309","periodicals","","ЛПРИ","СПб.","",1839,"Т. 1","26",2,""
"414","Per_310","periodicals","","ЛПРИ","СПб.","",1839,"Т. 2","1",1,""
"415","Per_311","periodicals","","ЛПРИ","СПб.","",1839,"Т. 2","2",2,""
"416","Per_312","periodicals","","ЛПРИ","СПб.","",1839,"Т. 2","3",1,""
"417","Per_313","periodicals","","ЛПРИ","СПб.","",1839,"Т. 2","4",2,""
"418","Per_314","periodicals","","ЛПРИ","СПб.","",1839,"Т. 2","5",3,""
"419","Per_315","periodicals","","ЛПРИ","СПб.","",1839,"Т. 2","6",1,""
"420","Per_316","periodicals","","ЛПРИ","СПб.","",1839,"Т. 2","8",2,""
"421","Per_317","periodicals","","ЛПРИ","СПб.","",1839,"Т. 2","9",1,""
"422","Per_318","periodicals","","ЛПРИ","СПб.","",1839,"Т. 2","10",1,""
"423","Per_319","periodicals","","ЛПРИ","СПб.","",1839,"Т. 2","11",2,""
"424","Per_320","periodicals","","ЛПРИ","СПб.","",1839,"Т. 2","13",1,""
"425","Per_321","periodicals","","ЛПРИ","СПб.","",1839,"Т. 2","14",2,""
"426","Per_322","periodicals","","ЛПРИ","СПб.","",1839,"Т. 2","15",1,""
"427","Per_323","periodicals","","ЛПРИ","СПб.","",1839,"Т. 2","16",1,""
"428","Per_324","periodicals","","ЛПРИ","СПб.","",1839,"Т. 2","17",1,""
"429","Per_325","periodicals","","ЛПРИ","СПб.","",1839,"Т. 2","18",1,""
"430","Per_326","periodicals","","ЛПРИ","СПб.","",1839,"Т. 2","19",1,""
"431","Per_327","periodicals","","ЛПРИ","СПб.","",1839,"Т. 2","20",1,""
"432","Per_328","periodicals","","ЛПРИ","СПб.","",1839,"Т. 2","21",1,""
"433","Per_329","periodicals","","ЛПРИ","СПб.","",1839,"Т. 2","22",1,""
"434","Per_330","periodicals","","ЛПРИ","СПб.","",1839,"Т. 2","23",1,""
"435","Per_331","periodicals","","ЛПРИ","СПб.","",1839,"Т. 2","24",1,""
"436","Per_332","periodicals","","ЛПРИ","СПб.","",1839,"Т. 2","25",1,""
"437","Per_333","periodicals","","ЛГ","СПб.","",1840,"","3",1,""
"438","Per_334","periodicals","","ЛГ","СПб.","",1840,"","6",1,""
"439","Per_335","periodicals","","ЛГ","СПб.","",1840,"","7",1,""
"440","Per_336","periodicals","","ЛГ","СПб.","",1840,"","9",1,""
"441","Per_337","periodicals","","ЛГ","СПб.","",1840,"","10",1,""
"442","Per_338","periodicals","","ЛГ","СПб.","",1840,"","11",1,""
"443","Per_339","periodicals","","ЛГ","СПб.","",1840,"","12",1,""
"444","Per_340","periodicals","","ЛГ","СПб.","",1840,"","13",1,""
"445","Per_341","periodicals","","ЛГ","СПб.","",1840,"","14",1,""
"446","Per_342","periodicals","","ЛГ","СПб.","",1840,"","15",1,""
"447","Per_343","periodicals","","ЛГ","СПб.","",1840,"","16",1,""
"448","Per_344","periodicals","","ЛГ","СПб.","",1840,"","17",1,""
"449","Per_345","periodicals","","ЛГ","СПб.","",1840,"","18",1,""
"450","Per_346","periodicals","","ЛГ","СПб.","",1840,"","19",1,""
"451","Per_347","periodicals","","ЛГ","СПб.","",1840,"","20",1,""
"452","Per_348","periodicals","","ЛГ","СПб.","",1840,"","22",1,""
"453","Per_349","periodicals","","ЛГ","СПб.","",1840,"","27",1,""
"454","Per_350","periodicals","","ЛГ","СПб.","",1840,"","28",1,""
"455","Per_351","periodicals","","ЛГ","СПб.","",1840,"","30",1,""
"456","Per_352","periodicals","","ЛГ","СПб.","",1840,"","31",1,""
"457","Per_353","periodicals","","ЛГ","СПб.","",1840,"","32",1,""
"458","Per_354","periodicals","","ЛГ","СПб.","",1840,"","34",1,""
"459","Per_355","periodicals","","ЛГ","СПб.","",1840,"","35",1,""
"460","Per_356","periodicals","","ЛГ","СПб.","",1840,"","36",1,""
"461","Per_357","periodicals","","ЛГ","СПб.","",1840,"","37",1,""
"462","Per_358","periodicals","","ЛГ","СПб.","",1840,"","38",1,""
"463","Per_359","periodicals","","ЛГ","СПб.","",1840,"","41",2,""
"464","Per_360","periodicals","","ЛГ","СПб.","",1840,"","42",1,""
"465","Per_361","periodicals","","ЛГ","СПб.","",1840,"","44",1,""
"466","Per_362","periodicals","","ЛГ","СПб.","",1840,"","46",1,""
"467","Per_363","periodicals","","ЛГ","СПб.","",1840,"","49",1,""
"468","Per_364","periodicals","","ЛГ","СПб.","",1840,"","51",1,""
"469","Per_365","periodicals","","ЛГ","СПб.","",1840,"","52",1,""
"470","Per_366","periodicals","","ЛГ","СПб.","",1840,"","53",1,""
"471","Per_367","periodicals","","ЛГ","СПб.","",1840,"","55",1,""
"472","Per_368","periodicals","","ЛГ","СПб.","",1840,"","57",1,""
"473","Per_369","periodicals","","ЛГ","СПб.","",1840,"","58",1,""
"474","Per_370","periodicals","","ЛГ","СПб.","",1840,"","61",1,""
"475","Per_371","periodicals","","ЛГ","СПб.","",1840,"","62",1,""
"476","Per_372","periodicals","","ЛГ","СПб.","",1840,"","63",3,""
"477","Per_373","periodicals","","ЛГ","СПб.","",1840,"","65",1,""
"478","Per_374","periodicals","","ЛГ","СПб.","",1840,"","66",1,""
"479","Per_375","periodicals","","ЛГ","СПб.","",1840,"","67",2,""
"480","Per_376","periodicals","","ЛГ","СПб.","",1840,"","69",1,""
"481","Per_377","periodicals","","ЛГ","СПб.","",1840,"","70",1,""
"482","Per_378","periodicals","","ЛГ","СПб.","",1840,"","71",1,""
"483","Per_379","periodicals","","ЛГ","СПб.","",1840,"","73",3,""
"484","Per_380","periodicals","","ЛГ","СПб.","",1840,"","77",6,""
"485","Per_381","periodicals","","ЛГ","СПб.","",1840,"","80",1,""
"486","Per_382","periodicals","","ЛГ","СПб.","",1840,"","82",1,""
"487","Per_383","periodicals","","ЛГ","СПб.","",1840,"","84",1,""
"488","Per_384","periodicals","","ЛГ","СПб.","",1840,"","87",1,""
"489","Per_385","periodicals","","ЛГ","СПб.","",1840,"","89",1,""
"490","Per_386","periodicals","","ЛГ","СПб.","",1840,"","93",3,""
"491","Per_387","periodicals","","ЛГ","СПб.","",1840,"","95",1,""
"492","Per_388","periodicals","","ЛГ","СПб.","",1840,"","96",1,""
"493","Per_389","periodicals","","ЛГ","СПб.","",1840,"","97",1,""
"494","Per_390","periodicals","","ЛГ","СПб.","",1840,"","98",1,""
"495","Per_391","periodicals","","БдЧ","СПб.","",1837,"Т. 24","",2,""
"496","Per_392","periodicals","","ЛГ","СПб.","",1840,"","99",1,""
"497","Per_393","periodicals","","ЛГ","СПб.","",1840,"","100",1,""
"498","Per_394","periodicals","","ЛГ","СПб.","",1840,"","101",1,""
"499","Per_395","periodicals","","ЛГ","СПб.","",1840,"","102",1,""
"500","Per_396","periodicals","","БдЧ","СПб.","",1839,"Т. 34","6",10,""
"501","Per_397","periodicals","","БдЧ","СПб.","",1835,"Т. 35","",1,""
"502","Per_398","periodicals","","БдЧ","СПб.","",1835,"Т. 11","",1,""
"503","Per_399","periodicals","","БдЧ","СПб.","",1835,"Т. 13","",12,""
"504","Per_400","periodicals","","БдЧ","СПб.","",1839,"Т. 32","",7,""
"505","Per_401","periodicals","","БдЧ","СПб.","",1838,"Т. 31","",7,""
"506","Per_402","periodicals","","БдЧ","СПб.","",1838,"Т. 27","",9,""
"507","Per_403","periodicals","","ЛПРИ","СПб.","",1836,"Ч. 22","",2,""
"508","Per_404","periodicals","","СО","СПб.","",1837,"Ч. 185","12",5,""
"509","Per_405","periodicals","","СО","СПб.","",1837,"Ч. 188","21",3,""
"510","Per_406","periodicals","","СО","СПб.","",1837,"Ч. 183","1",3,""
"511","Per_407","periodicals","","БдЧ","СПб.","",1837,"Т. 25","",8,""
"512","Per_408","periodicals","","МН","М.","",1835,"Ч. 1","Март. Кн. 1",4,""
"513","Per_409","periodicals","","МН","М.","",1835,"Ч. 1","Март. Кн. 2",2,""
"514","Per_410","periodicals","","МН","М.","",1835,"Ч. 1","Апрель. Кн. 1",5,""
"515","Per_411","periodicals","","МН","М.","",1835,"Ч. 3","Июль. Кн. 2",2,""
"516","Per_412","periodicals","","МН","М.","",1835,"Ч. 3","Август. Кн. 1",5,""
"517","Per_413","periodicals","","МН","М.","",1835,"Ч. 3","Август. Кн. 2",5,""
"518","Per_414","periodicals","","МН","М.","",1835,"Ч. 4","Сентябрь. Кн. 1",2,""
"519","Per_415","periodicals","","МН","М.","",1835,"Ч. 4","Октябрь. Кн. 1",4,""
"520","Per_416","periodicals","","Маяк","СПб.","",1840,"Ч. 1. Гл. 2","",7,""
"521","Per_417","periodicals","","Маяк","СПб.","",1840,"Ч. 3. Гл. 2","",6,""
"522","Per_418","periodicals","","Маяк","СПб.","",1840,"Ч. 4. Гл. 2","",13,""
"523","Per_419","periodicals","","Маяк","СПб.","",1840,"Ч. 5. Гл. 2","",13,""
"524","Per_420","periodicals","","Маяк","СПб.","",1840,"Ч. 6. Гл. 2","",15,""
"525","Per_421","periodicals","","Маяк","СПб.","",1840,"Ч. 8. Гл. 2","",9,""
"526","Per_422","periodicals","","Маяк","СПб.","",1840,"Ч. 9. Гл. 2","",6,""
"527","Per_423","periodicals","","Маяк","СПб.","",1840,"Ч. 10. Гл. 2","",4,""
"528","Per_424","periodicals","","Маяк","СПб.","",1840,"Ч. 11. Гл. 2","",7,""
"529","Per_425","periodicals","","Маяк","СПб.","",1840,"Ч. 12. Гл. 2","",11,""
"530","Per_426","periodicals","","Сев_пч","СПб.","",1835,"","37",1,""
"531","Per_427","periodicals","","БдЧ","СПб.","",1838,"Т. 26","",9,""
"532","Per_428","periodicals","","БдЧ","СПб.","",1838,"Т. 28","",9,""
"533","Per_429","periodicals","","БдЧ","СПб.","",1838,"Т. 29","",16,""
"534","Per_430","periodicals","","БдЧ","СПб.","",1838,"Т. 30","",13,""
"535","Per_431","periodicals","","БдЧ","СПб.","",1839,"Т. 33","",10,""
"536","Per_432","periodicals","","БдЧ","СПб.","",1839,"Т. 34","",6,""
"537","Per_433","periodicals","","БдЧ","СПб.","",1839,"Т. 35","67",13,""
"538","Per_434","periodicals","","БдЧ","СПб.","",1839,"Т. 35","68",9,""
"539","Per_435","periodicals","","Сев_пч","СПб.","",1835,"","55",1,""
"540","Per_436","periodicals","","БдЧ","СПб.","",1839,"Т. 36","",1,""
"541","Per_437","periodicals","","БдЧ","СПб.","",1839,"Т. 37","",7,""
"542","Per_438","periodicals","","БдЧ","СПб.","",1840,"Т. 38","",15,""
"543","Per_439","periodicals","","БдЧ","СПб.","",1840,"Т. 39","",10,""
"544","Per_440","periodicals","","БдЧ","СПб.","",1840,"Т. 40","",9,""
"545","Per_441","periodicals","","БдЧ","СПб.","",1840,"Т. 41","",2,""
"546","Per_442","periodicals","","БдЧ","СПб.","",1840,"Т. 42","",9,""
"547","Per_443","periodicals","","БдЧ","СПб.","",1840,"Т. 43","",4,""
"548","Per_444","periodicals","","Телескоп","М.","",1835,"Ч. 25","1",1,""
"549","Per_445","periodicals","","Телескоп","М.","",1835,"Ч. 26","",8,""
"550","Per_446","periodicals","","Телескоп","М.","",1835,"Ч. 27","",4,""
"551","Per_447","periodicals","","Телескоп","М.","",1835,"Ч. 28","",2,""
"552","Per_448","periodicals","","Телескоп","М.","",1835,"Ч. 29","",5,""
"553","Per_449","periodicals","","БдЧ","СПб.","",1835,"Т.10. Отд. 1","",5,""
"554","Per_450","periodicals","","Телескоп","М.","",1836,"Ч. 31","2",1,""
"555","Per_451","periodicals","","Телескоп","М.","",1836,"Ч. 32","",1,""
"556","Per_452","periodicals","","Телескоп","М.","",1836,"Ч. 33","9",2,""
"557","Per_453","periodicals","","Телескоп","М.","",1836,"Ч. 33","10",1,""
"558","Per_454","periodicals","","Телескоп","М.","",1836,"Ч. 33","",2,""
"559","Per_455","periodicals","","СОиСА","СПб.","",1835,"Т. 48","13",2,""
"560","Per_456","periodicals","","СОиСА","СПб.","",1835,"Т. 48","16",4,""
"561","Per_457","periodicals","","СОиСА","СПб.","",1835,"Т. 48","18",7,""
"562","Per_458","periodicals","","Сев_пч","СПб.","",1835,"","61",1,""
"563","Per_459","periodicals","","СОиСА","СПб.","",1835,"Т. 50","32",5,""
"564","Per_460","periodicals","","СОиСА","СПб.","",1835,"Т. 50","34",2,""
"565","Per_461","periodicals","","СОиСА","СПб.","",1835,"Т. 51","39",5,""
"566","Per_462","periodicals","","СОиСА","СПб.","",1835,"Т. 51","41",2,""
"567","Per_463","periodicals","","СОиСА","СПб.","",1835,"Т. 52","48",1,""
"568","Per_464","periodicals","","СО","СПб.","",1836,"Ч. 175","1",1,""
"569","Per_465","periodicals","","СО","СПб.","",1836,"Ч. 175","4",1,""
"570","Per_466","periodicals","","СО","СПб.","",1836,"Ч. 176","8",2,""
"571","Per_467","periodicals","","СО","СПб.","",1836,"Ч. 177","17",2,""
"572","Per_468","periodicals","","СО","СПб.","",1836,"Ч. 179","32",4,""
"573","Per_469","periodicals","","СО","СПб.","",1836,"Ч. 179","33",2,""
"574","Per_470","periodicals","","БдЧ","СПб.","",1835,"Т.11. Отд.1","",1,""
"575","Per_471","periodicals","","СО","СПб.","",1836,"Ч. 179","34",1,""
"576","Per_472","periodicals","","СО","СПб.","",1836,"Ч. 182","48",1,""
"577","Per_473","periodicals","","СО","СПб.","",1837,"Ч. 183","2",3,""
"578","Per_474","periodicals","","СО","СПб.","",1837,"Ч. 183","4",3,""
"579","Per_475","periodicals","","БдЧ","СПб.","",1835,"Т.11. Отд. 1","",6,""
"580","Per_476","periodicals","","СО","СПб.","",1837,"Ч. 184","5",3,""
"581","Per_477","periodicals","","СО","СПб.","",1837,"Ч. 184","6",4,""
"582","Per_478","periodicals","","СО","СПб.","",1837,"Ч. 184","7",4,""
"583","Per_479","periodicals","","СО","СПб.","",1837,"Ч. 184","8",2,""
"584","Per_480","periodicals","","СО","СПб.","",1837,"Ч. 185","9",3,""
"585","Per_481","periodicals","","СО","СПб.","",1837,"Ч. 185","10",5,""
"586","Per_482","periodicals","","СО","СПб.","",1837,"Ч. 185","11",6,""
"587","Per_483","periodicals","","СО","СПб.","",1837,"Ч. 186","13",4,""
"588","Per_484","periodicals","","СО","СПб.","",1837,"Ч. 186","14",8,""
"589","Per_485","periodicals","","СО","СПб.","",1837,"Ч. 186","15",1,""
"590","Per_486","periodicals","","СО","СПб.","",1837,"Ч. 186","16",4,""
"591","Per_487","periodicals","","СО","СПб.","",1837,"Ч. 187","17",3,""
"592","Per_488","periodicals","","СО","СПб.","",1837,"Ч. 187","18",3,""
"593","Per_489","periodicals","","СО","СПб.","",1837,"Ч. 187","19",3,""
"594","Per_490","periodicals","","СО","СПб.","",1837,"Ч. 187","20",4,""
"595","Per_491","periodicals","","Сев_пч","СПб.","",1835,"","",2,""
"596","Per_492","periodicals","","СО","СПб.","",1837,"Ч. 188","22",3,""
"597","Per_493","periodicals","","СО","СПб.","",1837,"Ч. 188","23",2,""
"598","Per_494","periodicals","","СО","СПб.","",1837,"Ч. 188","24",2,""
"599","Per_495","periodicals","","СОиСА","СПб.","",1838,"Т. 1","",19,""
"600","Per_496","periodicals","","Сев_пч","СПб.","",1836,"","118",1,""
"601","Per_497","periodicals","","СОиСА","СПб.","",1838,"Т. 2","",19,""
"602","Per_498","periodicals","","Сев_пч","СПб.","",1837,"","127",1,""
"603","Per_499","periodicals","","Сев_пч","СПб.","",1837,"","178",1,""
"604","Per_500","periodicals","","МН","М.","",1835,"Ч. 2","Кн. 5",3,""
"605","Per_501","periodicals","","Сев_пч","СПб.","",1838,"","32",1,""
"606","Per_502","periodicals","","МН","М.","",1835,"Ч. 2","Кн. 6",6,""
"607","Per_503","periodicals","","МН","М.","",1835,"Ч. 5","Кн. 17",2,""
"608","Per_504","periodicals","","МН","М.","",1835,"Ч. 5","Кн. 18",4,""
"609","Per_505","periodicals","","Сев_пч","СПб.","",1838,"","64",1,""
"610","Per_506","periodicals","","МН","М.","",1835,"Ч. 5","Кн. 19",6,""
"611","Per_507","periodicals","","МН","М.","",1836,"Ч. 6","Кн. 1",7,""
"612","Per_508","periodicals","","Сев_пч","СПб.","",1838,"","94",1,""
"613","Per_509","periodicals","","МН","М.","",1836,"Ч. 6","Кн. 2",3,""
"614","Per_510","periodicals","","МН","М.","",1836,"Ч. 9","Кн. 13",1,""
"615","Per_511","periodicals","","БдЧ","СПб.","",1835,"Т.12","",10,""
"616","Per_512","periodicals","","МН","М.","",1836,"Ч. 9","Кн. 14",2,""
"617","Per_513","periodicals","","МН","М.","",1836,"Ч. 9","Кн. 15",4,""
"618","Per_514","periodicals","","МН","М.","",1836,"Ч. 9","Кн. 16",3,""
"619","Per_515","periodicals","","МН","М.","",1836,"Ч. 10","Кн. 18",1,""
"620","Per_516","periodicals","","МН","М.","",1836,"Ч. 10","Кн. 19",2,""
"621","Per_517","periodicals","","СОиСА","СПб.","",1838,"Т. 3","",9,""
"622","Per_518","periodicals","","СОиСА","СПб.","",1838,"Т. 4","",17,""
"623","Per_519","periodicals","","СОиСА","СПб.","",1838,"Т. 5","9",12,""
"624","Per_520","periodicals","","СОиСА","СПб.","",1838,"Т. 5","10",2,""
"625","Per_521","periodicals","","СОиСА","СПб.","",1838,"Т. 6","11",4,""
"626","Per_522","periodicals","","СОиСА","СПб.","",1838,"Т. 6","12",5,""
"627","Per_523","periodicals","","СОиСА","СПб.","",1839,"Т. 7","1",9,""
"628","Per_524","periodicals","","СОиСА","СПб.","",1839,"Т. 7","2",10,""
"629","Per_525","periodicals","","СО","СПб.","",1839,"Т. 9","",10,""
"630","Per_526","periodicals","","СО","СПб.","",1839,"Т. 10","",12,""
"631","Per_527","periodicals","","СО","СПб.","",1839,"Т. 11","",9,""
"632","Per_528","periodicals","","СО","СПб.","",1839,"Т. 12","",5,""
"633","Per_529","periodicals","","СО","СПб.","",1840,"Т. 1","Кн. 1",1,""
"634","Per_530","periodicals","","СО","СПб.","",1840,"Т. 1","Кн. 2",3,""
"635","Per_531","periodicals","","Сев_пч","СПб.","",1835,"","134",1,""
"636","Per_532","periodicals","","СО","СПб.","",1840,"Т. 1","Кн. 3",5,""
"637","Per_533","periodicals","","СО","СПб.","",1840,"Т. 1","Кн. 4",1,""
"638","Per_534","periodicals","","СО","СПб.","",1840,"Т. 2","Кн. 2",2,""
"639","Per_535","periodicals","","СО","СПб.","",1840,"Т. 2.","Кн. 2",2,""
"640","Per_536","periodicals","","СО","СПб.","",1840,"Т. 2","Кн. 3",10,""
"641","Per_537","periodicals","","СО","СПб.","",1840,"Т. 2.","Кн. 3",9,""
"642","Per_538","periodicals","","СО","СПб.","",1840,"Т. 2.","Кн. 4",1,""
"643","Per_539","periodicals","","СО","СПб.","",1840,"Т. 2","Кн. 4",1,""
"644","Per_540","periodicals","","СО","СПб.","",1840,"Т. 3","Кн. 1",2,""
"645","Per_541","periodicals","","СО","СПб.","",1840,"Т. 3","Кн. 3",2,""
"646","Per_542","periodicals","","СО","СПб.","",1840,"Т. 3","Кн. 4",2,""
"647","Per_543","periodicals","","СО","СПб.","",1840,"Т. 5","Кн. 1",2,""
"648","Per_544","periodicals","","СО","СПб.","",1840,"Т. 5","Кн. 2",2,""
"649","Per_545","periodicals","","ОЗ","СПб.","",1839,"Т. 1","№ 1. Отд. 3",8,""
"650","Per_546","periodicals","","ОЗ","СПб.","",1839,"Т. 2","№ 2. Отд. 3",5,""
"651","Per_547","periodicals","","ОЗ","СПб.","",1839,"Т. 2","№ 3. Отд. 3",6,""
"652","Per_548","periodicals","","ОЗ","СПб.","",1839,"Т. 3","№ 4. Отд. 3",2,""
"653","Per_549","periodicals","","ОЗ","СПб.","",1839,"Т. 3","№ 5. Отд. 3",15,""
"654","Per_550","periodicals","","МН","М.","",1836,"Ч. 7","Июнь. Кн. 1",1,""
"655","Per_551","periodicals","","МН","М.","",1836,"Ч. 7","Июнь. Кн. 2",3,""
"656","Per_552","periodicals","","МН","М.","",1836,"Ч. 8","Июль. Кн. 1",1,""
"657","Per_553","periodicals","","БдЧ","СПб.","",1836,"Т. 14","",10,""
"658","Per_554","periodicals","","ПРиВЕТ","СПб.","",1840,"Ч. 1","",14,""
"659","Per_555","periodicals","","ПРиВЕТ","СПб.","",1840,"Ч. 2","",23,""
"660","Per_556","periodicals","","ПРиВЕТ","СПб.","",1840,"Ч. 3","",16,""
"661","Per_557","periodicals","","ПРиВЕТ","СПб.","",1840,"Ч. 4","",14,""
"662","Per_558","periodicals","","ПРиВЕТ","СПб.","",1840,"Ч. 4","№ 10",1,""
"663","Per_559","periodicals","","Совр","СПб.","",1836,"Т. 1","",4,""
"664","Per_560","periodicals","","Совр","СПб.","",1836,"Т. 2","",1,""
"665","Per_561","periodicals","","Совр","СПб.","",1836,"Т. 3","",31,""
"666","Per_562","periodicals","","Совр","СПб.","",1836,"Т. 4","",14,""
"667","Per_563","periodicals","","БдЧ","СПб.","",1836,"Т. 15","",7,""
"668","Per_564","periodicals","","Совр","СПб.","",1837,"Т. 5","1",2,""
"669","Per_565","periodicals","","Совр","СПб.","",1837,"Т. 5","",17,""
"670","Per_566","periodicals","","Совр","СПб.","",1837,"Т. 6","2",2,""
"671","Per_567","periodicals","","Совр","СПб.","",1837,"Т. 6","",10,""
"672","Per_568","periodicals","","Совр","СПб.","",1837,"Т. 7","3",1,""
"673","Per_569","periodicals","","Совр","СПб.","",1837,"Т. 7","",18,""
"674","Per_570","periodicals","","Совр","СПб.","",1837,"Т. 8","4",2,""
"675","Per_571","periodicals","","Совр","СПб.","",1837,"Т. 8","",7,""
"676","Per_572","periodicals","","Совр","СПб.","",1838,"Т. 9","",15,""
